-- MySQL dump 10.16  Distrib 10.1.10-MariaDB, for Win32 (AMD64)
--
-- Host: localhost    Database: backpack
-- ------------------------------------------------------
-- Server version	10.1.10-MariaDB

/*!40101 SET @OLD_CHARACTER_SET_CLIENT=@@CHARACTER_SET_CLIENT */;
/*!40101 SET @OLD_CHARACTER_SET_RESULTS=@@CHARACTER_SET_RESULTS */;
/*!40101 SET @OLD_COLLATION_CONNECTION=@@COLLATION_CONNECTION */;
/*!40101 SET NAMES utf8 */;
/*!40103 SET @OLD_TIME_ZONE=@@TIME_ZONE */;
/*!40103 SET TIME_ZONE='+00:00' */;
/*!40014 SET @OLD_UNIQUE_CHECKS=@@UNIQUE_CHECKS, UNIQUE_CHECKS=0 */;
/*!40014 SET @OLD_FOREIGN_KEY_CHECKS=@@FOREIGN_KEY_CHECKS, FOREIGN_KEY_CHECKS=0 */;
/*!40101 SET @OLD_SQL_MODE=@@SQL_MODE, SQL_MODE='NO_AUTO_VALUE_ON_ZERO' */;
/*!40111 SET @OLD_SQL_NOTES=@@SQL_NOTES, SQL_NOTES=0 */;

--
-- Table structure for table `classroom_teacher`
--

DROP TABLE IF EXISTS `classroom_teacher`;
/*!40101 SET @saved_cs_client     = @@character_set_client */;
/*!40101 SET character_set_client = utf8 */;
CREATE TABLE `classroom_teacher` (
  `id` int(10) unsigned NOT NULL AUTO_INCREMENT,
  `classroom_id` int(10) unsigned NOT NULL,
  `teacher_id` int(10) unsigned NOT NULL,
  `homeroom` tinyint(1) DEFAULT NULL,
  PRIMARY KEY (`id`),
  KEY `classroom_teacher_classroom_id_foreign` (`classroom_id`),
  KEY `classroom_teacher_teacher_id_foreign` (`teacher_id`),
  CONSTRAINT `classroom_teacher_classroom_id_foreign` FOREIGN KEY (`classroom_id`) REFERENCES `classrooms` (`id`) ON DELETE CASCADE,
  CONSTRAINT `classroom_teacher_teacher_id_foreign` FOREIGN KEY (`teacher_id`) REFERENCES `teachers` (`id`) ON DELETE CASCADE
) ENGINE=InnoDB AUTO_INCREMENT=17184 DEFAULT CHARSET=utf8 COLLATE=utf8_unicode_ci;
/*!40101 SET character_set_client = @saved_cs_client */;

--
-- Dumping data for table `classroom_teacher`
--

LOCK TABLES `classroom_teacher` WRITE;
/*!40000 ALTER TABLE `classroom_teacher` DISABLE KEYS */;
INSERT INTO `classroom_teacher` VALUES (5,6,7,NULL),(6,7,7,NULL),(7,4,9,NULL),(8,7,9,NULL),(22,121,74,1),(23,122,75,1),(24,123,76,1),(25,124,77,1),(26,125,78,1),(27,126,79,1),(28,127,80,1),(29,128,81,1),(30,129,82,1),(31,130,83,1),(32,131,84,1),(33,132,85,1),(34,133,86,1),(35,134,87,1),(36,135,88,1),(37,136,89,1),(38,137,90,1),(39,138,91,1),(40,139,92,1),(41,140,93,1),(42,141,94,1),(43,142,95,1),(44,143,96,1),(45,144,97,1),(46,145,98,1),(47,146,99,1),(48,147,100,1),(49,148,101,1),(50,149,102,1),(51,150,103,1),(52,151,104,1),(53,152,105,1),(54,153,106,1),(55,154,107,1),(56,155,108,1),(57,156,109,1),(58,157,110,1),(59,158,111,1),(60,159,112,1),(61,160,113,1),(62,161,114,1),(63,162,115,1),(64,163,116,1),(65,164,117,1),(66,165,118,1),(67,166,119,1),(68,167,120,1),(69,168,121,1),(70,169,122,1),(71,170,123,1),(16684,121,124,0),(16685,122,124,0),(16686,123,124,0),(16687,124,124,0),(16688,125,124,0),(16689,126,124,0),(16690,127,124,0),(16691,128,124,0),(16692,129,124,0),(16693,130,124,0),(16694,131,124,0),(16695,132,124,0),(16696,133,124,0),(16697,134,124,0),(16698,135,124,0),(16699,136,124,0),(16700,137,124,0),(16701,138,124,0),(16702,139,124,0),(16703,140,124,0),(16704,141,124,0),(16705,142,124,0),(16706,143,124,0),(16707,144,124,0),(16708,145,124,0),(16709,146,124,0),(16710,147,124,0),(16711,148,124,0),(16712,149,124,0),(16713,150,124,0),(16714,151,124,0),(16715,152,124,0),(16716,153,124,0),(16717,154,124,0),(16718,155,124,0),(16719,156,124,0),(16720,157,124,0),(16721,158,124,0),(16722,159,124,0),(16723,160,124,0),(16724,161,124,0),(16725,162,124,0),(16726,163,124,0),(16727,164,124,0),(16728,165,124,0),(16729,166,124,0),(16730,167,124,0),(16731,168,124,0),(16732,169,124,0),(16733,170,124,0),(16734,121,125,0),(16735,122,125,0),(16736,123,125,0),(16737,124,125,0),(16738,125,125,0),(16739,126,125,0),(16740,127,125,0),(16741,128,125,0),(16742,129,125,0),(16743,130,125,0),(16744,131,125,0),(16745,132,125,0),(16746,133,125,0),(16747,134,125,0),(16748,135,125,0),(16749,136,125,0),(16750,137,125,0),(16751,138,125,0),(16752,139,125,0),(16753,140,125,0),(16754,141,125,0),(16755,142,125,0),(16756,143,125,0),(16757,144,125,0),(16758,145,125,0),(16759,146,125,0),(16760,147,125,0),(16761,148,125,0),(16762,149,125,0),(16763,150,125,0),(16764,151,125,0),(16765,152,125,0),(16766,153,125,0),(16767,154,125,0),(16768,155,125,0),(16769,156,125,0),(16770,157,125,0),(16771,158,125,0),(16772,159,125,0),(16773,160,125,0),(16774,161,125,0),(16775,162,125,0),(16776,163,125,0),(16777,164,125,0),(16778,165,125,0),(16779,166,125,0),(16780,167,125,0),(16781,168,125,0),(16782,169,125,0),(16783,170,125,0),(16784,121,126,0),(16785,122,126,0),(16786,123,126,0),(16787,124,126,0),(16788,125,126,0),(16789,126,126,0),(16790,127,126,0),(16791,128,126,0),(16792,129,126,0),(16793,130,126,0),(16794,131,126,0),(16795,132,126,0),(16796,133,126,0),(16797,134,126,0),(16798,135,126,0),(16799,136,126,0),(16800,137,126,0),(16801,138,126,0),(16802,139,126,0),(16803,140,126,0),(16804,141,126,0),(16805,142,126,0),(16806,143,126,0),(16807,144,126,0),(16808,145,126,0),(16809,146,126,0),(16810,147,126,0),(16811,148,126,0),(16812,149,126,0),(16813,150,126,0),(16814,151,126,0),(16815,152,126,0),(16816,153,126,0),(16817,154,126,0),(16818,155,126,0),(16819,156,126,0),(16820,157,126,0),(16821,158,126,0),(16822,159,126,0),(16823,160,126,0),(16824,161,126,0),(16825,162,126,0),(16826,163,126,0),(16827,164,126,0),(16828,165,126,0),(16829,166,126,0),(16830,167,126,0),(16831,168,126,0),(16832,169,126,0),(16833,170,126,0),(16834,121,127,0),(16835,122,127,0),(16836,123,127,0),(16837,124,127,0),(16838,125,127,0),(16839,126,127,0),(16840,127,127,0),(16841,128,127,0),(16842,129,127,0),(16843,130,127,0),(16844,131,127,0),(16845,132,127,0),(16846,133,127,0),(16847,134,127,0),(16848,135,127,0),(16849,136,127,0),(16850,137,127,0),(16851,138,127,0),(16852,139,127,0),(16853,140,127,0),(16854,141,127,0),(16855,142,127,0),(16856,143,127,0),(16857,144,127,0),(16858,145,127,0),(16859,146,127,0),(16860,147,127,0),(16861,148,127,0),(16862,149,127,0),(16863,150,127,0),(16864,151,127,0),(16865,152,127,0),(16866,153,127,0),(16867,154,127,0),(16868,155,127,0),(16869,156,127,0),(16870,157,127,0),(16871,158,127,0),(16872,159,127,0),(16873,160,127,0),(16874,161,127,0),(16875,162,127,0),(16876,163,127,0),(16877,164,127,0),(16878,165,127,0),(16879,166,127,0),(16880,167,127,0),(16881,168,127,0),(16882,169,127,0),(16883,170,127,0),(16884,121,128,0),(16885,122,128,0),(16886,123,128,0),(16887,124,128,0),(16888,125,128,0),(16889,126,128,0),(16890,127,128,0),(16891,128,128,0),(16892,129,128,0),(16893,130,128,0),(16894,131,128,0),(16895,132,128,0),(16896,133,128,0),(16897,134,128,0),(16898,135,128,0),(16899,136,128,0),(16900,137,128,0),(16901,138,128,0),(16902,139,128,0),(16903,140,128,0),(16904,141,128,0),(16905,142,128,0),(16906,143,128,0),(16907,144,128,0),(16908,145,128,0),(16909,146,128,0),(16910,147,128,0),(16911,148,128,0),(16912,149,128,0),(16913,150,128,0),(16914,151,128,0),(16915,152,128,0),(16916,153,128,0),(16917,154,128,0),(16918,155,128,0),(16919,156,128,0),(16920,157,128,0),(16921,158,128,0),(16922,159,128,0),(16923,160,128,0),(16924,161,128,0),(16925,162,128,0),(16926,163,128,0),(16927,164,128,0),(16928,165,128,0),(16929,166,128,0),(16930,167,128,0),(16931,168,128,0),(16932,169,128,0),(16933,170,128,0),(16934,121,129,0),(16935,122,129,0),(16936,123,129,0),(16937,124,129,0),(16938,125,129,0),(16939,126,129,0),(16940,127,129,0),(16941,128,129,0),(16942,129,129,0),(16943,130,129,0),(16944,131,129,0),(16945,132,129,0),(16946,133,129,0),(16947,134,129,0),(16948,135,129,0),(16949,136,129,0),(16950,137,129,0),(16951,138,129,0),(16952,139,129,0),(16953,140,129,0),(16954,141,129,0),(16955,142,129,0),(16956,143,129,0),(16957,144,129,0),(16958,145,129,0),(16959,146,129,0),(16960,147,129,0),(16961,148,129,0),(16962,149,129,0),(16963,150,129,0),(16964,151,129,0),(16965,152,129,0),(16966,153,129,0),(16967,154,129,0),(16968,155,129,0),(16969,156,129,0),(16970,157,129,0),(16971,158,129,0),(16972,159,129,0),(16973,160,129,0),(16974,161,129,0),(16975,162,129,0),(16976,163,129,0),(16977,164,129,0),(16978,165,129,0),(16979,166,129,0),(16980,167,129,0),(16981,168,129,0),(16982,169,129,0),(16983,170,129,0),(16984,121,130,0),(16985,122,130,0),(16986,123,130,0),(16987,124,130,0),(16988,125,130,0),(16989,126,130,0),(16990,127,130,0),(16991,128,130,0),(16992,129,130,0),(16993,130,130,0),(16994,131,130,0),(16995,132,130,0),(16996,133,130,0),(16997,134,130,0),(16998,135,130,0),(16999,136,130,0),(17000,137,130,0),(17001,138,130,0),(17002,139,130,0),(17003,140,130,0),(17004,141,130,0),(17005,142,130,0),(17006,143,130,0),(17007,144,130,0),(17008,145,130,0),(17009,146,130,0),(17010,147,130,0),(17011,148,130,0),(17012,149,130,0),(17013,150,130,0),(17014,151,130,0),(17015,152,130,0),(17016,153,130,0),(17017,154,130,0),(17018,155,130,0),(17019,156,130,0),(17020,157,130,0),(17021,158,130,0),(17022,159,130,0),(17023,160,130,0),(17024,161,130,0),(17025,162,130,0),(17026,163,130,0),(17027,164,130,0),(17028,165,130,0),(17029,166,130,0),(17030,167,130,0),(17031,168,130,0),(17032,169,130,0),(17033,170,130,0),(17034,121,131,0),(17035,122,131,0),(17036,123,131,0),(17037,124,131,0),(17038,125,131,0),(17039,126,131,0),(17040,127,131,0),(17041,128,131,0),(17042,129,131,0),(17043,130,131,0),(17044,131,131,0),(17045,132,131,0),(17046,133,131,0),(17047,134,131,0),(17048,135,131,0),(17049,136,131,0),(17050,137,131,0),(17051,138,131,0),(17052,139,131,0),(17053,140,131,0),(17054,141,131,0),(17055,142,131,0),(17056,143,131,0),(17057,144,131,0),(17058,145,131,0),(17059,146,131,0),(17060,147,131,0),(17061,148,131,0),(17062,149,131,0),(17063,150,131,0),(17064,151,131,0),(17065,152,131,0),(17066,153,131,0),(17067,154,131,0),(17068,155,131,0),(17069,156,131,0),(17070,157,131,0),(17071,158,131,0),(17072,159,131,0),(17073,160,131,0),(17074,161,131,0),(17075,162,131,0),(17076,163,131,0),(17077,164,131,0),(17078,165,131,0),(17079,166,131,0),(17080,167,131,0),(17081,168,131,0),(17082,169,131,0),(17083,170,131,0),(17084,121,132,0),(17085,122,132,0),(17086,123,132,0),(17087,124,132,0),(17088,125,132,0),(17089,126,132,0),(17090,127,132,0),(17091,128,132,0),(17092,129,132,0),(17093,130,132,0),(17094,131,132,0),(17095,132,132,0),(17096,133,132,0),(17097,134,132,0),(17098,135,132,0),(17099,136,132,0),(17100,137,132,0),(17101,138,132,0),(17102,139,132,0),(17103,140,132,0),(17104,141,132,0),(17105,142,132,0),(17106,143,132,0),(17107,144,132,0),(17108,145,132,0),(17109,146,132,0),(17110,147,132,0),(17111,148,132,0),(17112,149,132,0),(17113,150,132,0),(17114,151,132,0),(17115,152,132,0),(17116,153,132,0),(17117,154,132,0),(17118,155,132,0),(17119,156,132,0),(17120,157,132,0),(17121,158,132,0),(17122,159,132,0),(17123,160,132,0),(17124,161,132,0),(17125,162,132,0),(17126,163,132,0),(17127,164,132,0),(17128,165,132,0),(17129,166,132,0),(17130,167,132,0),(17131,168,132,0),(17132,169,132,0),(17133,170,132,0),(17134,121,133,0),(17135,122,133,0),(17136,123,133,0),(17137,124,133,0),(17138,125,133,0),(17139,126,133,0),(17140,127,133,0),(17141,128,133,0),(17142,129,133,0),(17143,130,133,0),(17144,131,133,0),(17145,132,133,0),(17146,133,133,0),(17147,134,133,0),(17148,135,133,0),(17149,136,133,0),(17150,137,133,0),(17151,138,133,0),(17152,139,133,0),(17153,140,133,0),(17154,141,133,0),(17155,142,133,0),(17156,143,133,0),(17157,144,133,0),(17158,145,133,0),(17159,146,133,0),(17160,147,133,0),(17161,148,133,0),(17162,149,133,0),(17163,150,133,0),(17164,151,133,0),(17165,152,133,0),(17166,153,133,0),(17167,154,133,0),(17168,155,133,0),(17169,156,133,0),(17170,157,133,0),(17171,158,133,0),(17172,159,133,0),(17173,160,133,0),(17174,161,133,0),(17175,162,133,0),(17176,163,133,0),(17177,164,133,0),(17178,165,133,0),(17179,166,133,0),(17180,167,133,0),(17181,168,133,0),(17182,169,133,0),(17183,170,133,0);
/*!40000 ALTER TABLE `classroom_teacher` ENABLE KEYS */;
UNLOCK TABLES;

--
-- Table structure for table `classrooms`
--

DROP TABLE IF EXISTS `classrooms`;
/*!40101 SET @saved_cs_client     = @@character_set_client */;
/*!40101 SET character_set_client = utf8 */;
CREATE TABLE `classrooms` (
  `id` int(10) unsigned NOT NULL AUTO_INCREMENT,
  `name` varchar(255) COLLATE utf8_unicode_ci NOT NULL,
  `school_id` int(10) unsigned NOT NULL,
  `grade_id` int(10) unsigned NOT NULL,
  `created_at` timestamp NULL DEFAULT NULL,
  `updated_at` timestamp NULL DEFAULT NULL,
  PRIMARY KEY (`id`),
  KEY `classrooms_school_id_foreign` (`school_id`),
  KEY `classrooms_grade_id_foreign` (`grade_id`),
  CONSTRAINT `classrooms_grade_id_foreign` FOREIGN KEY (`grade_id`) REFERENCES `grades` (`id`) ON DELETE CASCADE ON UPDATE CASCADE,
  CONSTRAINT `classrooms_school_id_foreign` FOREIGN KEY (`school_id`) REFERENCES `schools` (`id`) ON DELETE CASCADE ON UPDATE CASCADE
) ENGINE=InnoDB AUTO_INCREMENT=171 DEFAULT CHARSET=utf8 COLLATE=utf8_unicode_ci;
/*!40101 SET character_set_client = @saved_cs_client */;

--
-- Dumping data for table `classrooms`
--

LOCK TABLES `classrooms` WRITE;
/*!40000 ALTER TABLE `classrooms` DISABLE KEYS */;
INSERT INTO `classrooms` VALUES (3,'10-1',10,10,'2016-12-11 12:37:23','2016-12-11 12:37:23'),(4,'11-1',10,11,NULL,NULL),(6,'12-1',10,12,NULL,NULL),(7,'12-4',10,11,NULL,NULL),(8,'12-2',10,12,NULL,NULL),(9,'12-3',10,12,NULL,NULL),(10,'11-2',10,11,NULL,'2016-12-12 11:24:21'),(12,'10-1\'',13,10,NULL,NULL),(121,'1-A',2,1,NULL,NULL),(122,'1-B',2,1,NULL,NULL),(123,'1-C',2,1,NULL,NULL),(124,'1-D',2,1,NULL,NULL),(125,'1-E',2,1,NULL,NULL),(126,'1-F',2,1,NULL,NULL),(127,'1-G',2,1,NULL,NULL),(128,'1-H',2,1,NULL,NULL),(129,'1-I',2,1,NULL,NULL),(130,'1-J',2,1,NULL,NULL),(131,'2-A',2,2,NULL,NULL),(132,'2-B',2,2,NULL,NULL),(133,'2-C',2,2,NULL,NULL),(134,'2-D',2,2,NULL,NULL),(135,'2-E',2,2,NULL,NULL),(136,'2-F',2,2,NULL,NULL),(137,'2-G',2,2,NULL,NULL),(138,'2-H',2,2,NULL,NULL),(139,'2-I',2,2,NULL,NULL),(140,'2-J',2,2,NULL,NULL),(141,'3-A',2,3,NULL,NULL),(142,'3-B',2,3,NULL,NULL),(143,'3-C',2,3,NULL,NULL),(144,'3-D',2,3,NULL,NULL),(145,'3-E',2,3,NULL,NULL),(146,'3-F',2,3,NULL,NULL),(147,'3-G',2,3,NULL,NULL),(148,'3-H',2,3,NULL,NULL),(149,'3-I',2,3,NULL,NULL),(150,'3-J',2,3,NULL,NULL),(151,'4-A',2,4,NULL,NULL),(152,'4-B',2,4,NULL,NULL),(153,'4-C',2,4,NULL,NULL),(154,'4-D',2,4,NULL,NULL),(155,'4-E',2,4,NULL,NULL),(156,'4-F',2,4,NULL,NULL),(157,'4-G',2,4,NULL,NULL),(158,'4-H',2,4,NULL,NULL),(159,'4-I',2,4,NULL,NULL),(160,'4-J',2,4,NULL,NULL),(161,'5-A',2,5,NULL,NULL),(162,'5-B',2,5,NULL,NULL),(163,'5-C',2,5,NULL,NULL),(164,'5-D',2,5,NULL,NULL),(165,'5-E',2,5,NULL,NULL),(166,'5-F',2,5,NULL,NULL),(167,'5-G',2,5,NULL,NULL),(168,'5-H',2,5,NULL,NULL),(169,'5-I',2,5,NULL,NULL),(170,'5-J',2,5,NULL,NULL);
/*!40000 ALTER TABLE `classrooms` ENABLE KEYS */;
UNLOCK TABLES;

--
-- Table structure for table `grade_subject`
--

DROP TABLE IF EXISTS `grade_subject`;
/*!40101 SET @saved_cs_client     = @@character_set_client */;
/*!40101 SET character_set_client = utf8 */;
CREATE TABLE `grade_subject` (
  `id` int(10) unsigned NOT NULL AUTO_INCREMENT,
  `subject_id` int(10) unsigned NOT NULL,
  `grade_id` int(10) unsigned NOT NULL,
  PRIMARY KEY (`id`),
  KEY `subject_grade_grade_id_foreign` (`grade_id`),
  KEY `subject_grade_subject_id_foreign` (`subject_id`),
  CONSTRAINT `subject_grade_grade_id_foreign` FOREIGN KEY (`grade_id`) REFERENCES `grades` (`id`) ON DELETE CASCADE ON UPDATE CASCADE,
  CONSTRAINT `subject_grade_subject_id_foreign` FOREIGN KEY (`subject_id`) REFERENCES `subjects` (`id`) ON DELETE CASCADE ON UPDATE CASCADE
) ENGINE=InnoDB AUTO_INCREMENT=143 DEFAULT CHARSET=utf8 COLLATE=utf8_unicode_ci;
/*!40101 SET character_set_client = @saved_cs_client */;

--
-- Dumping data for table `grade_subject`
--

LOCK TABLES `grade_subject` WRITE;
/*!40000 ALTER TABLE `grade_subject` DISABLE KEYS */;
INSERT INTO `grade_subject` VALUES (11,1,1),(24,3,1),(25,3,2),(26,4,1),(27,4,2),(28,4,3),(29,4,4),(30,5,1),(31,5,2),(32,6,6),(33,6,7),(34,6,8),(35,6,9),(36,6,10),(37,6,11),(38,6,12),(39,4,1),(40,10,1),(46,12,1),(47,12,2),(48,12,3),(49,12,4),(50,12,5),(51,12,6),(52,12,7),(53,12,8),(54,12,9),(55,12,10),(56,12,11),(57,12,12),(58,13,10),(59,13,11),(60,13,12),(64,14,8),(65,14,9),(66,14,10),(67,14,11),(68,14,12),(69,15,6),(70,15,7),(71,15,8),(72,15,9),(73,15,10),(74,15,11),(75,15,12),(76,16,6),(77,16,7),(78,16,8),(79,16,9),(80,16,10),(81,16,11),(82,16,12),(83,7,6),(84,7,7),(85,7,8),(86,7,9),(87,7,10),(88,7,11),(89,7,12),(90,21,1),(91,21,2),(92,21,3),(93,21,4),(94,21,5),(95,9,1),(96,9,2),(97,9,3),(98,9,4),(99,9,5),(100,9,6),(101,9,7),(102,9,8),(103,9,9),(104,9,10),(105,9,11),(106,9,12),(107,18,1),(108,18,2),(109,18,3),(110,18,4),(111,18,5),(112,18,6),(113,18,7),(114,18,8),(115,23,6),(116,23,7),(117,23,8),(118,23,9),(119,23,10),(120,23,11),(121,23,12),(122,24,1),(123,24,2),(124,24,3),(125,24,4),(126,24,5),(127,17,8),(128,17,9),(129,17,10),(130,17,11),(131,17,12),(132,1,2),(133,1,3),(134,1,4),(135,1,5),(136,1,6),(137,1,7),(138,1,8),(139,1,9),(140,1,10),(141,1,11),(142,1,12);
/*!40000 ALTER TABLE `grade_subject` ENABLE KEYS */;
UNLOCK TABLES;

--
-- Table structure for table `grades`
--

DROP TABLE IF EXISTS `grades`;
/*!40101 SET @saved_cs_client     = @@character_set_client */;
/*!40101 SET character_set_client = utf8 */;
CREATE TABLE `grades` (
  `id` int(10) unsigned NOT NULL AUTO_INCREMENT,
  `name` varchar(255) COLLATE utf8_unicode_ci NOT NULL,
  `level_id` int(10) unsigned NOT NULL,
  `created_at` timestamp NULL DEFAULT NULL,
  `updated_at` timestamp NULL DEFAULT NULL,
  PRIMARY KEY (`id`),
  KEY `grades_level_id_foreign` (`level_id`),
  CONSTRAINT `grades_level_id_foreign` FOREIGN KEY (`level_id`) REFERENCES `levels` (`id`) ON DELETE CASCADE ON UPDATE CASCADE
) ENGINE=InnoDB AUTO_INCREMENT=13 DEFAULT CHARSET=utf8 COLLATE=utf8_unicode_ci;
/*!40101 SET character_set_client = @saved_cs_client */;

--
-- Dumping data for table `grades`
--

LOCK TABLES `grades` WRITE;
/*!40000 ALTER TABLE `grades` DISABLE KEYS */;
INSERT INTO `grades` VALUES (1,'1',1,'2016-12-11 11:58:41','2016-12-11 11:58:41'),(2,'2',1,NULL,NULL),(3,'3',1,NULL,NULL),(4,'4',1,NULL,NULL),(5,'5',1,NULL,NULL),(6,'6',2,NULL,NULL),(7,'7',2,NULL,NULL),(8,'8',2,NULL,NULL),(9,'9',2,NULL,NULL),(10,'10',3,NULL,NULL),(11,'11',3,NULL,NULL),(12,'12',3,NULL,NULL);
/*!40000 ALTER TABLE `grades` ENABLE KEYS */;
UNLOCK TABLES;

--
-- Table structure for table `guardians`
--

DROP TABLE IF EXISTS `guardians`;
/*!40101 SET @saved_cs_client     = @@character_set_client */;
/*!40101 SET character_set_client = utf8 */;
CREATE TABLE `guardians` (
  `id` int(10) unsigned NOT NULL AUTO_INCREMENT,
  `name` varchar(255) COLLATE utf8_unicode_ci NOT NULL,
  `student_id` int(10) unsigned NOT NULL,
  `role` tinyint(3) NOT NULL,
  `bd` varchar(255) COLLATE utf8_unicode_ci DEFAULT NULL,
  `home_state` varchar(255) COLLATE utf8_unicode_ci DEFAULT NULL,
  `job` varchar(255) COLLATE utf8_unicode_ci DEFAULT NULL,
  `phone_number` varchar(255) COLLATE utf8_unicode_ci DEFAULT NULL,
  `created_at` timestamp NULL DEFAULT NULL,
  `updated_at` timestamp NULL DEFAULT NULL,
  PRIMARY KEY (`id`),
  KEY `student_id` (`student_id`),
  CONSTRAINT `guardians_ibfk_1` FOREIGN KEY (`student_id`) REFERENCES `students` (`id`) ON DELETE CASCADE ON UPDATE CASCADE
) ENGINE=InnoDB AUTO_INCREMENT=1497 DEFAULT CHARSET=utf8 COLLATE=utf8_unicode_ci;
/*!40101 SET character_set_client = @saved_cs_client */;

--
-- Dumping data for table `guardians`
--

LOCK TABLES `guardians` WRITE;
/*!40000 ALTER TABLE `guardians` DISABLE KEYS */;
INSERT INTO `guardians` VALUES (1,'Hertha Balistreri',21443,1,'02/12/1986','Iowa','Financial Services Sales Agent','1-672-469-6035 x1852',NULL,NULL),(2,'Austen Zemlak',21443,2,'02/12/1980','District of Columbia','Clinical School Psychologist','1-251-414-5707 x25245',NULL,NULL),(3,'Schuyler Gerhold',21444,1,'12/04/1973','Pennsylvania','Funeral Director','678-278-5713',NULL,NULL),(4,'Ethelyn Becker IV',21444,3,'25/09/1980','Alabama','Mechanical Equipment Sales Representative','+12202601200',NULL,NULL),(5,'Prof. Darius Jacobi MD',21445,1,'12/03/1976','Nebraska','Communications Teacher','785.261.4834 x1443',NULL,NULL),(6,'Maxwell Jacobson',21445,3,'07/10/1975','Tennessee','Agricultural Sciences Teacher','469.862.3186 x6713',NULL,NULL),(7,'Peggie Champlin',21446,1,'01/04/1984','North Carolina','Roof Bolters Mining','+18847121016',NULL,NULL),(8,'Miss Adele Cassin',21446,3,'04/12/1969','Wyoming','Securities Sales Agent','+17356164577',NULL,NULL),(9,'Marjorie Macejkovic PhD',21447,1,'29/10/1978','Nevada','Health Educator','1-789-797-9667 x242',NULL,NULL),(10,'Prof. Alfred Wilderman',21447,2,'17/03/1972','Idaho','Public Transportation Inspector','1-934-624-1157',NULL,NULL),(11,'Prof. Sallie Turner III',21448,1,'31/06/1980','Nevada','Naval Architects','(534) 997-7133',NULL,NULL),(12,'Mr. Mason Klein',21448,2,'05/01/1965','New Mexico','Forest and Conservation Worker','797-910-9590 x0738',NULL,NULL),(13,'Keely Walker III',21449,1,'11/11/1962','Nebraska','Auditor','591.533.4886 x24284',NULL,NULL),(14,'Elmo Nader',21449,2,'08/01/1990','Missouri','Merchandise Displayer OR Window Trimmer','510.612.8390 x8176',NULL,NULL),(15,'Prof. Bethany Feest DDS',21450,1,'21/02/1988','Kentucky','Library Technician','359-597-7107',NULL,NULL),(16,'Hershel Spencer',21450,3,'06/08/1970','Texas','Anthropologist OR Archeologist','987.940.9436',NULL,NULL),(17,'Devon Roob',21451,1,'05/09/1974','Oklahoma','Log Grader and Scaler','352-774-2632',NULL,NULL),(18,'Robbie Brekke',21451,2,'26/08/1988','Georgia','Webmaster','(793) 512-2869',NULL,NULL),(19,'Prof. Ulises DuBuque',21452,1,'11/11/1977','Mississippi','Interviewer','+1.994.264.6532',NULL,NULL),(20,'Ms. Martine Hammes PhD',21452,2,'20/08/1981','Virginia','Highway Patrol Pilot','(371) 959-8571',NULL,NULL),(21,'Durward Emard',21453,1,'14/06/1982','Minnesota','Set Designer','(715) 249-0342 x6578',NULL,NULL),(22,'Granville Stracke V',21453,3,'24/01/1967','Iowa','Infantry','(464) 994-4802',NULL,NULL),(23,'Kamille Willms',21454,1,'26/08/1966','Alabama','Geoscientists','506.797.5554',NULL,NULL),(24,'Vincent Von',21454,2,'22/02/1975','South Carolina','Power Generating Plant Operator','887.820.9975 x582',NULL,NULL),(25,'Kelley Jakubowski IV',21455,1,'14/07/1983','Colorado','Able Seamen','(743) 248-8096 x560',NULL,NULL),(26,'Earline Jones',21455,3,'12/12/1980','Tennessee','Environmental Engineer','1-550-317-4779 x313',NULL,NULL),(27,'Marley Bartell',21456,1,'02/03/1962','Pennsylvania','Production Planning','1-669-782-0044 x242',NULL,NULL),(28,'Dr. Keon Altenwerth',21456,2,'03/03/1971','Pennsylvania','Medical Assistant','476.281.1401',NULL,NULL),(29,'Miss Prudence Schuster III',21457,1,'10/05/1974','Wyoming','Coremaking Machine Operator','(980) 738-9094',NULL,NULL),(30,'Jacey Von DDS',21457,3,'01/08/1979','Missouri','Computer Specialist','(818) 388-8981 x131',NULL,NULL),(31,'Darrick Lebsack',21458,1,'19/02/1972','District of Columbia','Transportation Equipment Painters','+1 (892) 516-2767',NULL,NULL),(32,'Naomi Sauer',21458,2,'22/09/1980','Tennessee','Animal Control Worker','+1.303.696.7548',NULL,NULL),(33,'Dr. Elnora Rolfson',21459,1,'06/02/1967','Oklahoma','Pharmacist','(234) 996-9416 x30962',NULL,NULL),(34,'Dorothy Rohan V',21459,2,'20/11/1983','Rhode Island','Aircraft Rigging Assembler','626-264-5743 x7664',NULL,NULL),(35,'Mr. Imani Turner',21460,1,'30/12/1978','Ohio','Police Identification OR Records Officer','+1.440.658.0135',NULL,NULL),(36,'Garrick Hirthe',21460,3,'14/06/1984','Virginia','Illustrator','1-989-751-9985 x7608',NULL,NULL),(37,'Cristopher Fritsch',21461,1,'24/09/1987','Michigan','Forest and Conservation Worker','(737) 916-7607',NULL,NULL),(38,'Loy Quigley',21461,2,'17/11/1988','Rhode Island','Marine Architect','(404) 915-1534 x65160',NULL,NULL),(39,'Marley Ortiz',21462,1,'01/11/1978','Massachusetts','Manicurists','(346) 642-8235 x32920',NULL,NULL),(40,'Dr. Lottie Fadel II',21462,3,'02/10/1969','Massachusetts','Computer Science Teacher','812-224-3618',NULL,NULL),(41,'Mr. Nils Zieme V',21463,1,'25/08/1965','Maryland','Fiber Product Cutting Machine Operator','387-728-8797 x31809',NULL,NULL),(42,'Prof. Travon Cole',21463,3,'22/02/1980','Louisiana','Credit Checkers Clerk','363-275-7674 x081',NULL,NULL),(43,'Lou Cartwright',21464,1,'05/10/1960','Wyoming','Stevedore','787-787-0272 x62927',NULL,NULL),(44,'Johann Yost',21464,2,'05/02/1966','New Hampshire','Loan Counselor','(398) 610-2195 x659',NULL,NULL),(45,'Cielo Zboncak',21465,1,'01/12/1989','Pennsylvania','Emergency Medical Technician and Paramedic','1-881-515-9096 x0477',NULL,NULL),(46,'Elmira Braun',21465,2,'25/01/1970','Vermont','Pharmacy Technician','1-775-701-9486',NULL,NULL),(47,'Dayton Rosenbaum',21466,1,'03/08/1974','Washington','Office Machine Operator','(404) 591-9319 x011',NULL,NULL),(48,'Arjun Morissette',21466,2,'25/03/1968','Iowa','Statistician','(520) 656-3176',NULL,NULL),(49,'Cora Roob',21467,1,'14/03/1972','Washington','Sociology Teacher','(617) 698-1294',NULL,NULL),(50,'Vernie Kemmer',21467,3,'28/04/1972','Kentucky','Teacher Assistant','+1-412-646-2637',NULL,NULL),(51,'Mr. Brennon O\'Conner Sr.',21468,1,'28/10/1982','Utah','Driver-Sales Worker','1-951-967-4176',NULL,NULL),(52,'Prof. Jensen Pagac DDS',21468,2,'09/03/1966','Arkansas','Fire Fighter','937-216-8882',NULL,NULL),(53,'Mr. Ben Block I',21469,1,'13/01/1967','Oklahoma','Interior Designer','906-643-4513 x64807',NULL,NULL),(54,'Miss Maymie Eichmann',21469,3,'03/03/1981','Delaware','Stock Clerk','(487) 983-6859 x5732',NULL,NULL),(55,'Prof. Lamont O\'Keefe DDS',21470,1,'14/05/1964','North Dakota','Clinical School Psychologist','1-679-774-2676 x504',NULL,NULL),(56,'Pattie Jacobi',21470,3,'13/03/1990','Connecticut','Preschool Education Administrators','1-783-700-6413',NULL,NULL),(57,'Ms. Mary Bernier',21471,1,'04/11/1964','Texas','Dental Assistant','+1.669.594.5057',NULL,NULL),(58,'Berenice Strosin DDS',21471,3,'10/05/1977','Virginia','Postal Clerk','+1.786.901.9545',NULL,NULL),(59,'Madisen Gleason',21472,1,'23/12/1980','Washington','Agricultural Sciences Teacher','(241) 785-5377 x79195',NULL,NULL),(60,'Ethelyn Bode',21472,3,'26/10/1990','Vermont','Visual Designer','(407) 306-9136 x5733',NULL,NULL),(61,'Waldo Kilback PhD',21473,1,'21/10/1983','New Hampshire','Agricultural Inspector','519-573-5982 x434',NULL,NULL),(62,'Caden Stracke',21473,3,'18/08/1969','Arkansas','Cashier','1-457-894-5716 x742',NULL,NULL),(63,'Neil Dietrich',21474,1,'16/02/1969','New Hampshire','Agricultural Sales Representative','521-930-8266',NULL,NULL),(64,'Henderson Zemlak Jr.',21474,3,'01/03/1970','Alabama','Poultry Cutter','1-665-663-7897',NULL,NULL),(65,'Arnaldo Walker PhD',21475,1,'12/02/1966','Delaware','Instrument Sales Representative','1-276-605-8803 x0674',NULL,NULL),(66,'Lon Walker',21475,2,'17/05/1965','Rhode Island','Alteration Tailor','205.940.7808 x82053',NULL,NULL),(67,'Prof. Ned Predovic V',21476,1,'28/01/1967','Alaska','Agricultural Engineer','+1.384.486.0158',NULL,NULL),(68,'Lina Bartoletti',21476,2,'18/07/1965','Colorado','Recyclable Material Collector','472.828.7973 x0976',NULL,NULL),(69,'Kasandra Bayer',21477,1,'02/03/1962','Louisiana','Terrazzo Workes and Finisher','+1-241-462-5482',NULL,NULL),(70,'Gaetano Hamill Jr.',21477,2,'28/06/1987','Arizona','Professor','662-952-5685 x5276',NULL,NULL),(71,'Sarina Renner',21478,1,'21/04/1963','Maryland','Bellhop','774-936-3258 x528',NULL,NULL),(72,'Lindsey Sporer',21478,3,'19/07/1983','Oklahoma','Night Shift','658.588.8926 x60345',NULL,NULL),(73,'Maxwell Wunsch',21479,1,'15/10/1986','New York','Automotive Body Repairer','762.927.8158',NULL,NULL),(74,'Isobel Sipes',21479,3,'02/05/1982','Arizona','Business Development Manager','1-396-876-0287 x73145',NULL,NULL),(75,'Hipolito Cormier',21480,1,'11/12/1970','Alabama','Statistician','(903) 474-4679',NULL,NULL),(76,'Delaney Walsh',21480,3,'20/08/1988','Tennessee','Prepress Technician','729-882-6080 x690',NULL,NULL),(77,'Amie Hudson DVM',21481,1,'16/10/1965','West Virginia','Tool Sharpener','(779) 575-0322 x480',NULL,NULL),(78,'David Wilkinson',21481,2,'18/11/1984','Washington','Foundry Mold and Coremaker','401-505-3566',NULL,NULL),(79,'Dr. Hilbert Beier III',21482,1,'04/11/1966','Rhode Island','Record Clerk','735.444.2970 x0935',NULL,NULL),(80,'Pete Lindgren',21482,3,'02/08/1964','Utah','Postsecondary Education Administrators','1-458-837-0979',NULL,NULL),(81,'Karson McClure',21483,1,'14/02/1988','Massachusetts','Production Laborer','+14852677881',NULL,NULL),(82,'Caterina Kilback Jr.',21483,2,'06/07/1968','Oklahoma','Engineering Technician','991-670-3109 x923',NULL,NULL),(83,'Prof. Bernice Glover MD',21484,1,'19/10/1971','Georgia','Automotive Technician','615-206-5984 x729',NULL,NULL),(84,'Kenton Hackett',21484,3,'07/05/1988','Washington','Retail Sales person','403.427.8443 x762',NULL,NULL),(85,'Helga Klein',21485,1,'10/02/1978','South Carolina','Purchasing Agent','1-406-714-2494',NULL,NULL),(86,'Zachery Stiedemann',21485,3,'13/02/1982','Kentucky','Photographic Reproduction Technician','282-605-1351 x0737',NULL,NULL),(87,'Zita Smith',21486,1,'23/03/1984','Maine','Coil Winders','+1 (390) 991-4873',NULL,NULL),(88,'Rosalinda Predovic Sr.',21486,3,'10/07/1988','North Carolina','Buyer','+1 (538) 216-1109',NULL,NULL),(89,'Alexandrea Abbott DDS',21487,1,'22/06/1979','Louisiana','Housekeeping Supervisor','860.874.5018 x5390',NULL,NULL),(90,'Dr. Hailee Purdy IV',21487,3,'09/10/1970','Colorado','Database Administrator','443.489.3305 x803',NULL,NULL),(91,'Prof. Delpha Bahringer',21488,1,'24/11/1967','Missouri','Machinery Maintenance','+1-889-306-3965',NULL,NULL),(92,'Megane Gleichner III',21488,3,'01/10/1969','Virginia','Painting Machine Operator','518-769-1738 x031',NULL,NULL),(93,'Dr. Kenneth Keebler',21489,1,'15/10/1972','Utah','Radio Operator','(668) 427-8974 x936',NULL,NULL),(94,'Isaias Batz',21489,3,'14/07/1961','Utah','Purchasing Agent','604.776.9573 x5080',NULL,NULL),(95,'Dr. Leonard Johnston II',21490,1,'24/04/1973','Michigan','Host and Hostess','+1-809-992-9908',NULL,NULL),(96,'Dr. Keenan Gerhold',21490,3,'15/01/1990','Tennessee','Commercial Diver','(340) 576-5237 x109',NULL,NULL),(97,'Prof. Rowena Emmerich II',21491,1,'04/05/1983','Pennsylvania','Shear Machine Set-Up Operator','502-382-0537',NULL,NULL),(98,'Gina Watsica',21491,3,'05/12/1989','Wyoming','Copy Machine Operator','(242) 810-9822',NULL,NULL),(99,'Sunny Murphy Sr.',21492,1,'23/11/1970','Massachusetts','Engraver','1-728-253-3862 x238',NULL,NULL),(100,'Tyrique Cruickshank',21492,3,'08/06/1983','District of Columbia','Material Movers','594-204-1112',NULL,NULL),(101,'Forrest Reilly MD',21493,1,'07/10/1963','Arizona','Executive Secretary','+14693191220',NULL,NULL),(102,'Prof. Lucious Willms',21493,3,'29/12/1974','New York','Medical Secretary','(861) 785-1704',NULL,NULL),(103,'Nora Jaskolski Jr.',21494,1,'01/10/1971','Montana','Security Systems Installer OR Fire Alarm Systems Installer','254-638-9384 x135',NULL,NULL),(104,'Shawna Marks',21494,2,'04/08/1981','New Jersey','Benefits Specialist','1-439-473-5138',NULL,NULL),(105,'Brendon Friesen',21495,1,'14/06/1979','South Carolina','Utility Meter Reader','1-337-729-2852 x11333',NULL,NULL),(106,'Kade Skiles III',21495,2,'19/05/1980','Connecticut','Host and Hostess','736-402-2621 x892',NULL,NULL),(107,'Judah Hodkiewicz',21496,1,'21/12/1979','New York','Order Clerk','337.214.6787 x3052',NULL,NULL),(108,'Mr. Carlos Durgan Sr.',21496,3,'13/07/1971','Tennessee','Electrical Drafter','278.732.8851 x996',NULL,NULL),(109,'Delores Krajcik',21497,1,'20/10/1982','Alabama','Sawing Machine Tool Setter','1-206-847-9763 x910',NULL,NULL),(110,'Elisa Douglas',21497,2,'31/07/1970','Massachusetts','Municipal Clerk','414.498.1016 x25370',NULL,NULL),(111,'Alden Dooley V',21498,1,'14/09/1966','Florida','Gas Distribution Plant Operator','1-567-574-5334',NULL,NULL),(112,'Rosario Jacobi',21498,3,'20/06/1960','Delaware','Credit Checker','1-956-669-8868 x81925',NULL,NULL),(113,'Jacky Conn',21499,1,'29/11/1960','Arizona','Occupational Therapist','930-338-5013',NULL,NULL),(114,'Prof. Janie Jakubowski',21499,2,'24/01/1974','Maine','Oral Surgeon','259-496-2484',NULL,NULL),(115,'Jerad Greenholt Jr.',21500,1,'27/02/1973','South Carolina','Forest Fire Fighting Supervisor','292-410-8862',NULL,NULL),(116,'Vergie Smith',21500,3,'05/03/1986','New Mexico','Reservation Agent OR Transportation Ticket Agent','+1.782.817.6629',NULL,NULL),(117,'Mrs. Alison Legros MD',21501,1,'20/09/1985','Kansas','Elevator Installer and Repairer','271-957-3279 x1818',NULL,NULL),(118,'Dr. Kristofer Bernier',21501,2,'20/01/1971','New York','Engineer','561.628.3830',NULL,NULL),(119,'Mr. Roel Wunsch',21502,1,'08/05/1964','Minnesota','Construction Manager','276.267.3347 x9419',NULL,NULL),(120,'Eva Schaden III',21502,2,'26/08/1970','Virginia','Dental Hygienist','1-938-841-2137 x2390',NULL,NULL),(121,'Prof. Lawson Powlowski II',21503,1,'05/01/1965','Ohio','Carpet Installer','(750) 785-1965',NULL,NULL),(122,'Deontae Green',21503,2,'07/03/1988','Utah','Fence Erector','782.725.1437 x04782',NULL,NULL),(123,'Dr. Sven Volkman Sr.',21504,1,'10/03/1983','Wyoming','Hotel Desk Clerk','+1 (265) 645-7387',NULL,NULL),(124,'Cali Halvorson',21504,2,'07/09/1971','Florida','Credit Checker','1-979-750-6565 x6541',NULL,NULL),(125,'Randi Smitham',21505,1,'18/03/1971','Michigan','Zoologists OR Wildlife Biologist','+1 (509) 670-9805',NULL,NULL),(126,'Roderick Sporer',21505,3,'04/03/1987','Wyoming','University','976.924.3067',NULL,NULL),(127,'Mr. Ladarius Maggio III',21506,1,'28/05/1984','Alaska','CEO','610-314-1898 x34208',NULL,NULL),(128,'Prof. Amanda Dare Sr.',21506,2,'05/06/1977','Arkansas','Electronics Engineer','1-650-512-4595',NULL,NULL),(129,'Ebony Hagenes IV',21507,1,'01/07/1988','Missouri','Retail Sales person','751-983-9833 x861',NULL,NULL),(130,'Edward Wunsch',21507,3,'08/03/1961','Virginia','HVAC Mechanic','1-507-957-6580 x2316',NULL,NULL),(131,'Mose Windler',21508,1,'07/11/1988','Maine','Biological Scientist','(605) 302-5775 x78911',NULL,NULL),(132,'Josiane Metz PhD',21508,2,'14/07/1976','Colorado','Network Admin OR Computer Systems Administrator','989.239.1418',NULL,NULL),(133,'Joanny O\'Reilly',21509,1,'17/10/1990','Connecticut','Chemical Equipment Tender','540.546.6456 x77877',NULL,NULL),(134,'Mr. Norval Trantow DVM',21509,3,'12/06/1980','Mississippi','Art Teacher','(770) 931-9246 x77860',NULL,NULL),(135,'Chesley Langworth',21510,1,'12/07/1970','Utah','Fiberglass Laminator and Fabricator','1-913-428-0651 x53549',NULL,NULL),(136,'Prof. Kamron Berge',21510,3,'30/03/1963','Utah','Bill and Account Collector','+1-556-667-0487',NULL,NULL),(137,'Malinda Stehr',21511,1,'14/01/1975','Alabama','Geography Teacher','1-603-248-3622',NULL,NULL),(138,'Sabrina Welch',21511,2,'12/05/1972','Arkansas','Psychiatrist','(809) 872-3800',NULL,NULL),(139,'Nickolas Bauch II',21512,1,'14/03/1987','New York','Pantograph Engraver','373-898-1734',NULL,NULL),(140,'Aubree Rosenbaum',21512,2,'31/07/1976','Wisconsin','Librarian','279.668.5433 x169',NULL,NULL),(141,'Luther Skiles',21513,1,'03/12/1979','Oregon','Cartographer','(589) 631-9345 x15777',NULL,NULL),(142,'Norval Veum',21513,2,'31/01/1989','Indiana','Public Relations Manager','(290) 748-8915',NULL,NULL),(143,'Rae Green Jr.',21514,1,'08/06/1972','Oklahoma','Production Manager','+1-415-730-6124',NULL,NULL),(144,'Devante Hessel',21514,2,'09/05/1986','Idaho','Economics Teacher','760.315.2677 x55605',NULL,NULL),(145,'Flavie Boyle',21515,1,'18/06/1982','Louisiana','Social Work Teacher','732-468-6862',NULL,NULL),(146,'Dr. Aubrey McCullough MD',21515,2,'06/10/1960','Washington','Registered Nurse','(397) 720-4692',NULL,NULL),(147,'Harmon Hartmann DDS',21516,1,'22/06/1960','Kentucky','Forest and Conservation Worker','1-462-272-4778',NULL,NULL),(148,'Edythe Towne',21516,2,'07/07/1960','District of Columbia','Animal Care Workers','(298) 517-8841 x8868',NULL,NULL),(149,'Terrence Kautzer',21517,1,'30/06/1986','Rhode Island','Occupational Therapist','+1 (681) 466-4378',NULL,NULL),(150,'Roger Williamson II',21517,2,'04/10/1978','Texas','Laundry OR Dry-Cleaning Worker','(297) 574-1569',NULL,NULL),(151,'Abigayle Gusikowski',21518,1,'27/12/1966','Oregon','Arbitrator','712-443-5121 x8542',NULL,NULL),(152,'Enid Hessel',21518,3,'17/09/1967','Indiana','Procurement Clerk','+1 (971) 291-7845',NULL,NULL),(153,'Caitlyn Jerde',21519,1,'12/05/1986','Georgia','Precision Aircraft Systems Assemblers','420-751-5333 x7981',NULL,NULL),(154,'Mr. Raleigh Watsica',21519,3,'05/06/1971','Hawaii','Bookkeeper','+1-730-517-4697',NULL,NULL),(155,'Rene Kohler',21520,1,'21/10/1967','Massachusetts','Dental Laboratory Technician','(385) 321-4544',NULL,NULL),(156,'Mathilde Steuber',21520,3,'24/11/1964','North Dakota','Bulldozer Operator','+1-629-736-7374',NULL,NULL),(157,'Landen Steuber',21521,1,'27/10/1981','North Carolina','Talent Acquisition Manager','+1-321-453-7764',NULL,NULL),(158,'Edison Price MD',21521,3,'28/10/1985','Illinois','Photoengraving Machine Operator','1-928-332-7007',NULL,NULL),(159,'Jayda Spinka',21522,1,'23/11/1970','Oklahoma','Civil Drafter','841.998.4728 x520',NULL,NULL),(160,'Helen Gleason',21522,2,'15/11/1964','Wisconsin','Speech-Language Pathologist','1-825-810-5279',NULL,NULL),(161,'Ryan Feil I',21523,1,'11/01/1981','Iowa','Ship Engineer','586.989.8942 x78625',NULL,NULL),(162,'Seth Heller',21523,3,'20/01/1976','North Carolina','Agricultural Crop Worker','1-670-759-4021',NULL,NULL),(163,'Dr. Malika Heathcote PhD',21524,1,'26/09/1990','Nevada','Roof Bolters Mining','+17489956121',NULL,NULL),(164,'Marianne O\'Hara',21524,2,'12/07/1977','Vermont','Production Helper','+1-260-951-9343',NULL,NULL),(165,'Lauren Schroeder',21525,1,'03/12/1981','North Dakota','Floor Layer','918.943.2853 x6473',NULL,NULL),(166,'Prof. Willa Gottlieb',21525,3,'02/02/1973','Kansas','Camera Operator','(767) 998-3345 x845',NULL,NULL),(167,'Miss Jacquelyn Weissnat',21526,1,'27/05/1960','California','Wind Instrument Repairer','1-548-949-9464 x893',NULL,NULL),(168,'Willis Abshire',21526,3,'08/07/1990','Pennsylvania','Copy Writer','(612) 288-7363',NULL,NULL),(169,'Dr. Marcellus Cronin IV',21527,1,'21/01/1974','New Mexico','Biologist','+1.368.997.9468',NULL,NULL),(170,'Emie Walker I',21527,2,'02/04/1960','South Carolina','Psychiatrist','(258) 471-9331',NULL,NULL),(171,'Phyllis Hammes',21528,1,'11/04/1963','Florida','Park Naturalist','940-786-2147 x985',NULL,NULL),(172,'Schuyler Grimes',21528,3,'28/06/1973','Connecticut','Drywall Ceiling Tile Installer','924.636.2099 x23357',NULL,NULL),(173,'Murray Considine',21529,1,'26/03/1986','Florida','Fabric Mender','273-578-5915 x543',NULL,NULL),(174,'Petra Pfeffer DDS',21529,2,'26/05/1981','New Mexico','Licensed Practical Nurse','+13944572796',NULL,NULL),(175,'Zoie Stiedemann',21530,1,'23/09/1985','Rhode Island','Space Sciences Teacher','1-707-696-3333 x184',NULL,NULL),(176,'Dimitri Kassulke',21530,2,'16/03/1980','Tennessee','Aviation Inspector','+1-253-953-1124',NULL,NULL),(177,'Prof. Timmy McCullough',21531,1,'03/05/1961','Kentucky','Anthropologist','591-783-9977',NULL,NULL),(178,'Miss Corene Konopelski',21531,3,'21/12/1987','North Carolina','Precision Devices Inspector','+13943170971',NULL,NULL),(179,'Leora Heidenreich',21532,1,'22/12/1961','Texas','Alteration Tailor','871-519-3078 x47033',NULL,NULL),(180,'Anderson Nienow',21532,2,'05/07/1972','Virginia','Logging Supervisor','(685) 595-3372 x38776',NULL,NULL),(181,'Krystina Mante',21533,1,'06/11/1983','Illinois','Command Control Center Specialist','+1.587.796.3463',NULL,NULL),(182,'Julie Jakubowski',21533,2,'26/12/1972','Kentucky','Audio and Video Equipment Technician','1-894-315-2626',NULL,NULL),(183,'Okey Balistreri',21534,1,'21/08/1990','Ohio','Visual Designer','342-221-1361 x136',NULL,NULL),(184,'Dr. Cordelia Dare',21534,3,'06/02/1978','Maryland','Postal Service Clerk','(968) 691-8985 x361',NULL,NULL),(185,'Orland Mante',21535,1,'20/01/1979','Idaho','Welder-Fitter','+1 (573) 517-0307',NULL,NULL),(186,'Ima Goyette',21535,3,'31/07/1979','Connecticut','Pesticide Sprayer','+17328038685',NULL,NULL),(187,'Ms. Abagail Rogahn',21536,1,'19/12/1981','Illinois','Set Designer','612.760.4785 x29396',NULL,NULL),(188,'Jaquelin Conroy',21536,2,'22/08/1979','West Virginia','Municipal Court Clerk','638.557.7947 x2972',NULL,NULL),(189,'Itzel Lakin',21537,1,'08/03/1971','Montana','Benefits Specialist','1-769-808-6340',NULL,NULL),(190,'Ericka Weimann',21537,3,'18/06/1986','Pennsylvania','Bailiff','661.895.4429 x44295',NULL,NULL),(191,'Cale Emmerich',21538,1,'10/06/1964','Illinois','Driver-Sales Worker','445.733.3605 x33048',NULL,NULL),(192,'Bernice Kozey',21538,3,'14/10/1980','Arizona','Movie Director oR Theatre Director','(832) 993-7048 x0591',NULL,NULL),(193,'Monte Hilpert',21539,1,'03/08/1960','Oklahoma','Political Scientist','1-335-533-7380',NULL,NULL),(194,'Armando Leuschke',21539,3,'01/01/1970','Arkansas','Chemical Technician','+17138901829',NULL,NULL),(195,'Iva Pagac',21540,1,'26/06/1974','Hawaii','Insulation Worker','(842) 331-5123',NULL,NULL),(196,'Lempi Schamberger',21540,3,'04/09/1984','Mississippi','Streetcar Operator','1-464-874-6203 x58966',NULL,NULL),(197,'Felicity Lemke',21541,1,'01/12/1968','Washington','Rail Car Repairer','+1.529.719.8482',NULL,NULL),(198,'Aida Abshire',21541,3,'16/07/1984','Rhode Island','Manager of Air Crew','(351) 207-4418',NULL,NULL),(199,'Russell Goyette',21542,1,'09/04/1972','Washington','Central Office','+14459980016',NULL,NULL),(200,'Wilton Mueller',21542,2,'23/10/1969','Alaska','Stonemason','(937) 209-8708',NULL,NULL),(201,'Dr. Ibrahim Cartwright',21543,1,'17/12/1976','Wyoming','Locomotive Engineer','231.497.2737',NULL,NULL),(202,'Reba Aufderhar',21543,2,'10/06/1974','Mississippi','Engine Assembler','+12456086017',NULL,NULL),(203,'Bella Mitchell',21544,1,'10/09/1969','Massachusetts','Forensic Investigator','1-784-862-9557',NULL,NULL),(204,'Dr. Giovani Schamberger Sr.',21544,3,'19/06/1961','New York','Percussion Instrument Repairer','984-970-1568 x328',NULL,NULL),(205,'Aidan West',21545,1,'30/08/1974','South Carolina','Technical Program Manager','(219) 797-1697 x39544',NULL,NULL),(206,'Sharon Wiegand V',21545,2,'21/02/1975','Rhode Island','Semiconductor Processor','+15819226706',NULL,NULL),(207,'Prof. Myrtice Osinski II',21546,1,'20/04/1974','Arizona','Electrolytic Plating Machine Operator','(262) 733-1227 x403',NULL,NULL),(208,'Alvina Boehm',21546,3,'02/02/1973','Wyoming','Choreographer','1-681-503-0669 x144',NULL,NULL),(209,'Ms. Brisa Waters PhD',21547,1,'06/01/1988','Nevada','Industrial Engineering Technician','815.877.7142 x686',NULL,NULL),(210,'Emerson Ebert IV',21547,2,'21/12/1963','Kansas','Forest Fire Fighter','447.337.5440 x020',NULL,NULL),(211,'Michaela McClure',21548,1,'03/06/1976','Indiana','Grips','(909) 316-0019',NULL,NULL),(212,'Edward Mosciski Jr.',21548,3,'04/12/1990','Indiana','Physical Therapist Aide','272-231-3050 x9630',NULL,NULL),(213,'Katharina Collier',21549,1,'30/01/1974','New Hampshire','Market Research Analyst','1-981-246-0384 x756',NULL,NULL),(214,'Chelsie Hyatt',21549,2,'24/02/1985','Michigan','Diamond Worker','1-201-979-5540',NULL,NULL),(215,'Viola Stiedemann II',21550,1,'29/02/1975','Montana','Textile Machine Operator','1-704-600-5468 x584',NULL,NULL),(216,'Asia McKenzie',21550,2,'21/03/1972','Kansas','Extruding and Drawing Machine Operator','(503) 493-7445 x5003',NULL,NULL),(217,'Dr. Alfred Ward Jr.',21551,1,'11/08/1974','Illinois','Financial Services Sales Agent','+1-981-330-7811',NULL,NULL),(218,'Felipe Goldner',21551,3,'29/08/1983','Indiana','Data Processing Equipment Repairer','765.398.2635',NULL,NULL),(219,'Delores Yost',21552,1,'27/06/1963','Minnesota','Event Planner','(320) 833-0159 x731',NULL,NULL),(220,'Judd Dickens Sr.',21552,3,'22/01/1986','Nevada','Gaming Dealer','882.225.7217 x1561',NULL,NULL),(221,'Nadia Spencer',21553,1,'29/07/1971','Washington','Marine Engineer','827-352-0342 x000',NULL,NULL),(222,'Jay Haag',21553,2,'01/03/1989','Colorado','First-Line Supervisor-Manager of Landscaping, Lawn Service, and Groundskeeping Worker','1-989-724-7855 x247',NULL,NULL),(223,'Trystan Kohler III',21554,1,'21/01/1964','Maine','Heavy Equipment Mechanic','(502) 540-2793 x6246',NULL,NULL),(224,'Dave Harber',21554,3,'13/09/1965','Nevada','Carver','(249) 231-9629',NULL,NULL),(225,'Dr. Karine Lind Jr.',21555,1,'09/08/1990','Wyoming','Tool Sharpener','1-795-734-8634',NULL,NULL),(226,'Adonis Hyatt IV',21555,3,'02/11/1974','Oklahoma','Compliance Officers','1-992-302-6371',NULL,NULL),(227,'Jocelyn Abbott',21556,1,'16/10/1974','California','Coremaking Machine Operator','1-359-584-1110 x45312',NULL,NULL),(228,'Breanna Wiegand',21556,3,'18/08/1967','Connecticut','Electrical Parts Reconditioner','+1-221-407-8346',NULL,NULL),(229,'Dr. Karianne Ledner V',21557,1,'05/01/1980','Delaware','Grounds Maintenance Worker','968-941-0147',NULL,NULL),(230,'Kaley Hagenes',21557,2,'20/06/1983','Minnesota','Marriage and Family Therapist','+1-928-847-0206',NULL,NULL),(231,'Chasity Labadie I',21558,1,'09/06/1976','Arizona','Food Science Technician','992.949.8444 x55061',NULL,NULL),(232,'Moses DuBuque',21558,2,'01/09/1964','Massachusetts','Massage Therapist','303.591.7901',NULL,NULL),(233,'Tyrese Schmitt',21559,1,'06/02/1981','Montana','Transportation Manager','1-706-338-0477 x01227',NULL,NULL),(234,'Ms. Jakayla McKenzie MD',21559,3,'05/03/1983','Vermont','Multi-Media Artist','1-686-303-1479 x041',NULL,NULL),(235,'Mrs. Helena Schmidt PhD',21560,1,'17/12/1974','Kansas','Furniture Finisher','332-661-1647',NULL,NULL),(236,'Dr. Dorian Collier',21560,3,'07/10/1971','Delaware','Storage Manager OR Distribution Manager','1-904-948-1109 x058',NULL,NULL),(237,'Shane Sanford',21561,1,'18/09/1971','Kentucky','Park Naturalist','1-576-456-5747',NULL,NULL),(238,'Estrella Lockman',21561,2,'11/02/1973','New Mexico','Transportation Equipment Maintenance','902-779-2855 x1005',NULL,NULL),(239,'Katlynn Murphy',21562,1,'09/05/1970','Utah','Manicurists','(821) 981-9973 x07536',NULL,NULL),(240,'Favian O\'Kon',21562,3,'19/11/1965','Massachusetts','Glass Cutting Machine Operator','(557) 203-3702',NULL,NULL),(241,'Stella Wilderman',21563,1,'17/10/1972','Oregon','Animal Control Worker','(982) 739-7527 x867',NULL,NULL),(242,'Clarissa Block',21563,2,'16/07/1981','North Carolina','Loan Interviewer','589.415.9465 x241',NULL,NULL),(243,'Zetta Kub',21564,1,'12/04/1975','West Virginia','Freight and Material Mover','839-265-8087 x7903',NULL,NULL),(244,'Jalen Abshire',21564,3,'14/08/1985','Louisiana','Municipal Fire Fighter','1-265-517-0101',NULL,NULL),(245,'Lulu Beahan IV',21565,1,'02/07/1961','Connecticut','Camera Repairer','(727) 972-2244',NULL,NULL),(246,'Anahi Parker III',21565,3,'14/01/1985','Illinois','Rolling Machine Setter','+1.871.913.7774',NULL,NULL),(247,'Dr. Abigail Johnston DDS',21566,1,'24/10/1982','New Jersey','Coroner','(746) 730-7504 x735',NULL,NULL),(248,'Mr. Ethel Harber',21566,3,'02/04/1982','Delaware','Pharmacist','1-713-859-7831',NULL,NULL),(249,'Mr. Bernard O\'Connell V',21567,1,'13/06/1973','Louisiana','Gas Pumping Station Operator','(980) 407-1033 x7632',NULL,NULL),(250,'Sam Goyette',21567,3,'12/05/1982','Kentucky','Personal Service Worker','448.478.7694 x3870',NULL,NULL),(251,'Omari Farrell Sr.',21568,1,'20/04/1976','South Dakota','Computer Programmer','1-858-466-6071 x6800',NULL,NULL),(252,'Prof. Kara Schamberger MD',21568,3,'19/06/1984','New Jersey','Chemical Engineer','(943) 461-4400 x97055',NULL,NULL),(253,'Aurelio Daugherty',21569,1,'20/04/1982','Florida','Pharmacy Technician','+16864198650',NULL,NULL),(254,'Sofia Nienow',21569,3,'04/11/1965','Alaska','Budget Analyst','468.425.4886',NULL,NULL),(255,'Prof. Dena Stiedemann',21570,1,'31/07/1971','Montana','Loan Counselor','(330) 289-5808 x16821',NULL,NULL),(256,'Florence Considine',21570,2,'11/12/1980','Utah','Forging Machine Setter','901-872-8928',NULL,NULL),(257,'Eliezer Kutch',21571,1,'16/03/1975','Tennessee','Eligibility Interviewer','585-453-6157 x409',NULL,NULL),(258,'Jennifer Thiel',21571,2,'29/05/1990','Vermont','Streetcar Operator','(963) 207-6664 x7093',NULL,NULL),(259,'Nelle Gerhold',21572,1,'31/09/1988','Maine','Metal Molding Operator','+1.269.280.7842',NULL,NULL),(260,'Sage Dibbert',21572,3,'27/10/1988','Wyoming','Heat Treating Equipment Operator','1-352-736-7393 x952',NULL,NULL),(261,'Ms. Molly Gutkowski MD',21573,1,'24/04/1988','North Dakota','Night Shift','(254) 905-8725',NULL,NULL),(262,'Mr. Anthony Witting',21573,2,'26/09/1969','Ohio','Spotters','+1.945.828.6416',NULL,NULL),(263,'Aliza Walter',21574,1,'20/10/1971','South Dakota','Garment','(694) 843-3684',NULL,NULL),(264,'Novella Stokes',21574,2,'10/01/1972','New York','Extruding and Drawing Machine Operator','1-617-489-7039',NULL,NULL),(265,'Anibal Gleichner',21575,1,'03/03/1989','Texas','Graphic Designer','+1 (309) 862-4147',NULL,NULL),(266,'Kraig Brown',21575,2,'17/08/1988','New York','Equal Opportunity Representative','790.504.0251',NULL,NULL),(267,'Gwen McGlynn',21576,1,'27/03/1978','Kansas','Funeral Attendant','+15359007030',NULL,NULL),(268,'Miles Fahey',21576,2,'24/10/1972','Connecticut','Loading Machine Operator','+1-835-352-0560',NULL,NULL),(269,'Gail Jacobi',21577,1,'19/12/1980','Pennsylvania','Metal Fabricator','1-449-447-0051 x4229',NULL,NULL),(270,'Prof. Verner Dach',21577,3,'21/12/1973','Hawaii','Amusement Attendant','1-907-325-7566 x6180',NULL,NULL),(271,'Wade Walker',21578,1,'27/08/1973','South Dakota','Decorator','648-813-2040 x2407',NULL,NULL),(272,'Dr. Asa Ullrich DVM',21578,2,'28/03/1987','Nebraska','Gas Distribution Plant Operator','+15956087011',NULL,NULL),(273,'Jayme Lockman',21579,1,'15/09/1975','Michigan','Meat Packer','1-717-484-2986 x95071',NULL,NULL),(274,'Alexandrea Littel',21579,3,'17/10/1978','Connecticut','Construction','1-669-914-9636',NULL,NULL),(275,'Mr. Jaden Stamm DVM',21580,1,'14/08/1989','Georgia','Communications Teacher','+1-389-212-5591',NULL,NULL),(276,'Dereck Flatley',21580,2,'09/06/1986','Wyoming','Poultry Cutter','(534) 724-2338',NULL,NULL),(277,'Jody Schinner',21581,1,'23/04/1974','District of Columbia','Recreational Vehicle Service Technician','1-645-993-8195 x557',NULL,NULL),(278,'Mr. Odell Schulist Jr.',21581,3,'29/11/1972','Maine','Pantograph Engraver','(987) 885-8134 x41775',NULL,NULL),(279,'Edwardo Glover',21582,1,'16/02/1981','Louisiana','Rock Splitter','362.957.5081',NULL,NULL),(280,'Yessenia Waters',21582,3,'09/07/1974','Massachusetts','Judge','(905) 328-5827 x7587',NULL,NULL),(281,'Kayli Rolfson',21583,1,'21/05/1974','Georgia','Machinery Maintenance','938.940.8654',NULL,NULL),(282,'Prof. Darius Rosenbaum Jr.',21583,2,'27/11/1977','Illinois','Motor Vehicle Operator','938.709.7788 x8053',NULL,NULL),(283,'Otho Zieme',21584,1,'19/01/1987','Utah','Government','530.399.4033',NULL,NULL),(284,'Noel Treutel',21584,3,'07/03/1973','California','Diesel Engine Specialist','953-747-7034',NULL,NULL),(285,'Deanna Rogahn',21585,1,'29/01/1973','California','Elementary and Secondary School Administrators','998-352-5571 x20049',NULL,NULL),(286,'Prof. Lavada O\'Conner I',21585,2,'07/12/1975','California','Architect','+13354704483',NULL,NULL),(287,'Miss Karli Rau Jr.',21586,1,'19/10/1984','South Carolina','Pump Operators','+16863501670',NULL,NULL),(288,'Antonietta Langosh PhD',21586,2,'13/10/1963','District of Columbia','Proofreaders and Copy Marker','+1-586-579-5219',NULL,NULL),(289,'Antonette Schroeder',21587,1,'23/02/1979','Kentucky','Coroner','(457) 816-5777 x374',NULL,NULL),(290,'Milan Haley',21587,3,'22/06/1985','Nebraska','Conveyor Operator','1-692-281-9982',NULL,NULL),(291,'Blanca Crist',21588,1,'21/02/1985','Utah','Human Resources Specialist','1-876-205-8645 x641',NULL,NULL),(292,'Adelle Boyer',21588,3,'06/09/1985','Alabama','Electronics Engineer','+1-839-939-5685',NULL,NULL),(293,'Florian Deckow',21589,1,'05/06/1960','Mississippi','Forensic Science Technician','(704) 457-5672',NULL,NULL),(294,'Josie Goldner PhD',21589,2,'31/05/1973','New Mexico','Cost Estimator','903-972-9996 x899',NULL,NULL),(295,'Susana Crona',21590,1,'30/07/1988','South Dakota','Bench Jeweler','271-277-9373 x6103',NULL,NULL),(296,'Laverne Schowalter',21590,3,'24/01/1964','Colorado','Woodworking Machine Setter','1-421-673-7399 x7488',NULL,NULL),(297,'Miss Delilah Mraz',21591,1,'12/05/1968','Oklahoma','Architect','+17706334428',NULL,NULL),(298,'Johnathan King',21591,2,'28/01/1987','West Virginia','Sawing Machine Tool Setter','(502) 332-9785',NULL,NULL),(299,'Mr. Marlin Barton',21592,1,'13/10/1981','Missouri','CSI','615-625-4607 x459',NULL,NULL),(300,'Muriel Osinski',21592,3,'02/01/1964','North Dakota','Locomotive Engineer','913.716.6089',NULL,NULL),(301,'Weldon Schulist',21593,1,'01/07/1968','Maine','Maintenance Supervisor','(385) 356-3569 x451',NULL,NULL),(302,'Ms. Mia Runolfsdottir MD',21593,3,'27/06/1977','Maine','Title Searcher','595-718-8429',NULL,NULL),(303,'Aliyah Moen',21594,1,'23/02/1982','Maryland','Paper Goods Machine Operator','864.539.1605 x96692',NULL,NULL),(304,'Deshawn Bernhard',21594,3,'05/01/1977','Alabama','Plastic Molding Machine Operator','+1.745.698.2134',NULL,NULL),(305,'Arlene Swaniawski',21595,1,'03/10/1965','Pennsylvania','Respiratory Therapist','+1-340-388-5853',NULL,NULL),(306,'Ashton Satterfield',21595,2,'18/07/1986','Arkansas','Parking Lot Attendant','+1-272-231-6779',NULL,NULL),(307,'Eulalia Rowe MD',21596,1,'10/08/1986','South Carolina','Rigger','+1.850.729.3377',NULL,NULL),(308,'Prof. Holden Hirthe Jr.',21596,2,'02/11/1963','Washington','Radar Technician','919-397-9459 x433',NULL,NULL),(309,'Declan Pollich',21597,1,'08/07/1983','Montana','Fishery Worker','335.330.0739 x184',NULL,NULL),(310,'Annie Robel',21597,2,'05/05/1978','Virginia','Real Estate Appraiser','364-587-4762 x35119',NULL,NULL),(311,'Ivah Lueilwitz',21598,1,'02/10/1970','Tennessee','Furniture Finisher','(879) 813-4760',NULL,NULL),(312,'Tierra Lebsack',21598,2,'09/04/1982','Massachusetts','Sociology Teacher','(976) 909-4117',NULL,NULL),(313,'Demarcus Mertz',21599,1,'11/12/1978','Oregon','Fishery Worker','(724) 503-6947',NULL,NULL),(314,'Abner Brown',21599,2,'13/11/1966','Louisiana','Visual Designer','894-699-8064',NULL,NULL),(315,'Lyda Beier',21600,1,'01/05/1966','Kansas','Industrial Engineer','+1-913-577-1282',NULL,NULL),(316,'Miss Brooklyn Waelchi DVM',21600,3,'29/03/1985','Maryland','Interpreter OR Translator','1-391-965-0307',NULL,NULL),(317,'Raphael Corwin',21601,1,'29/03/1974','Indiana','Hydrologist','986.571.5741 x883',NULL,NULL),(318,'Miss Jessika King PhD',21601,2,'23/02/1987','Georgia','Homeland Security','924.395.1335 x35135',NULL,NULL),(319,'Zane Reilly',21602,1,'31/08/1974','District of Columbia','Diamond Worker','549-708-9263',NULL,NULL),(320,'Columbus Bednar',21602,3,'19/06/1975','New Jersey','Optical Instrument Assembler','925.367.5825',NULL,NULL),(321,'Durward Feeney',21603,1,'08/01/1971','Ohio','Product Specialist','607-802-6735 x67339',NULL,NULL),(322,'Oren Labadie',21603,3,'27/05/1990','Missouri','Public Transportation Inspector','+1 (602) 684-1747',NULL,NULL),(323,'Jeanne Rogahn',21604,1,'12/09/1967','New Mexico','Laundry OR Dry-Cleaning Worker','1-731-556-3938 x135',NULL,NULL),(324,'Mohamed Koch',21604,2,'17/01/1988','New Mexico','Millwright','+1-495-329-1595',NULL,NULL),(325,'Sammy Heidenreich',21605,1,'08/04/1989','Delaware','Environmental Science Technician','(880) 316-7993',NULL,NULL),(326,'Verona Lang',21605,2,'12/05/1965','Nebraska','New Accounts Clerk','1-296-916-0476',NULL,NULL),(327,'Andres Reichel',21606,1,'28/05/1966','Arkansas','Professional Photographer','891.509.4800 x0091',NULL,NULL),(328,'Cathrine Stokes',21606,3,'16/10/1971','Nevada','Recreational Vehicle Service Technician','+1 (942) 531-1672',NULL,NULL),(329,'Mrs. Tessie Kunze',21607,1,'25/11/1982','District of Columbia','Casting Machine Set-Up Operator','+1-341-501-9462',NULL,NULL),(330,'Glennie Runolfsdottir',21607,2,'15/06/1982','Maryland','HR Manager','1-634-732-8277 x47562',NULL,NULL),(331,'Korbin Kilback',21608,1,'28/09/1983','Rhode Island','Social Science Research Assistant','639-525-5016 x728',NULL,NULL),(332,'Nils Hahn III',21608,3,'11/09/1979','South Dakota','Mechanical Door Repairer','672-532-1573 x136',NULL,NULL),(333,'Therese Hoppe II',21609,1,'19/09/1967','Wisconsin','Child Care','(384) 454-3380 x542',NULL,NULL),(334,'Josh Koelpin',21609,2,'01/07/1983','Washington','Nursery Worker','(890) 788-7874',NULL,NULL),(335,'Alan Hamill',21610,1,'01/05/1967','Montana','Computer Programmer','992.971.1329 x994',NULL,NULL),(336,'Dandre Welch',21610,3,'09/08/1966','Maine','Cartoonist','561-606-5205 x893',NULL,NULL),(337,'Kurtis Lesch',21611,1,'05/08/1973','Pennsylvania','Title Abstractor','564-429-9423',NULL,NULL),(338,'Albertha Wintheiser Jr.',21611,3,'13/09/1974','Utah','Etcher','(358) 859-7127 x64537',NULL,NULL),(339,'Jennifer Bode',21612,1,'04/04/1966','Georgia','Telecommunications Line Installer','+1-491-834-5615',NULL,NULL),(340,'Angie Spencer',21612,3,'06/01/1977','New Mexico','Music Arranger and Orchestrator','+1-420-384-7888',NULL,NULL),(341,'Chandler Price',21613,1,'21/05/1986','Kentucky','Short Order Cook','(667) 602-2649 x49844',NULL,NULL),(342,'Magdalena Considine',21613,2,'18/01/1972','North Dakota','Music Composer','409.626.1290 x78146',NULL,NULL),(343,'Prof. Chelsey Romaguera DDS',21614,1,'16/12/1982','Maine','Communications Teacher','723.370.0776',NULL,NULL),(344,'Prof. Hailey Rowe DVM',21614,2,'04/06/1972','Alaska','Physical Therapist Aide','656.753.2534 x350',NULL,NULL),(345,'Walton Boyer',21615,1,'02/05/1986','South Dakota','Photographic Reproduction Technician','+1-287-666-2271',NULL,NULL),(346,'Denis Bode',21615,2,'09/02/1981','Hawaii','Advertising Sales Agent','+1-519-941-0543',NULL,NULL),(347,'Courtney Huels',21616,1,'08/08/1976','North Carolina','Dentist','758-380-6367 x8475',NULL,NULL),(348,'Prof. Kiley Pagac II',21616,3,'10/02/1987','Connecticut','Telecommunications Line Installer','+1-528-307-0626',NULL,NULL),(349,'Layne Gerlach',21617,1,'07/09/1986','Texas','Electro-Mechanical Technician','892.310.6265 x348',NULL,NULL),(350,'Willard Kuhlman',21617,3,'09/09/1972','Louisiana','Numerical Control Machine Tool Operator','1-889-474-9026 x2685',NULL,NULL),(351,'Dr. Ellen Tremblay',21618,1,'01/09/1970','Rhode Island','Nursing Instructor','+1-707-947-6153',NULL,NULL),(352,'Prof. Randall Reinger',21618,2,'12/10/1987','Massachusetts','Assembler','(763) 877-5134',NULL,NULL),(353,'Mrs. Tiara Schaefer III',21619,1,'30/04/1981','Tennessee','English Language Teacher','+1 (817) 224-0697',NULL,NULL),(354,'Daisha Shields',21619,3,'22/02/1975','Massachusetts','Locksmith','513.869.4556 x9667',NULL,NULL),(355,'Arch Beer DVM',21620,1,'11/02/1962','Washington','Technical Writer','+1 (416) 788-0498',NULL,NULL),(356,'Gilberto Swaniawski III',21620,2,'22/08/1968','New Jersey','Agricultural Crop Worker','1-812-274-8428 x8805',NULL,NULL),(357,'Mrs. Amira Ebert',21621,1,'26/01/1982','Vermont','Petroleum Technician','(591) 314-6335',NULL,NULL),(358,'Keven Kessler',21621,2,'27/11/1975','Georgia','Mapping Technician','1-938-460-2784',NULL,NULL),(359,'Lelah Ratke',21622,1,'09/07/1966','Kansas','Statistical Assistant','1-540-340-5891 x2066',NULL,NULL),(360,'Dr. Dave Johnson',21622,3,'17/02/1962','Louisiana','Physics Teacher','712-973-8868 x47339',NULL,NULL),(361,'Thaddeus Schuppe MD',21623,1,'20/04/1967','Utah','Surveying Technician','935-564-9227',NULL,NULL),(362,'Cassie Kunze',21623,3,'03/04/1972','Arkansas','Welder and Cutter','+19855950723',NULL,NULL),(363,'Reese Gorczany',21624,1,'23/02/1984','New Jersey','Shuttle Car Operator','(350) 919-6672',NULL,NULL),(364,'Romaine Moore',21624,3,'26/07/1985','Alaska','Park Naturalist','(659) 710-6473',NULL,NULL),(365,'Mr. Jaden Price',21625,1,'27/10/1976','Indiana','Career Counselor','273.632.5381',NULL,NULL),(366,'Prof. Ladarius Kilback Sr.',21625,2,'20/05/1961','Kentucky','Platemaker','(606) 552-8348 x4931',NULL,NULL),(367,'Karine Ratke',21626,1,'09/07/1990','New Jersey','Legal Support Worker','+1.997.958.3215',NULL,NULL),(368,'Miss Vivian Franecki PhD',21626,3,'27/07/1985','New Hampshire','Radio and Television Announcer','1-662-335-3565 x8040',NULL,NULL),(369,'Thomas Emard DDS',21627,1,'21/11/1969','Montana','Customer Service Representative','(593) 849-1954 x8537',NULL,NULL),(370,'Miss Ophelia Kemmer DVM',21627,2,'22/10/1972','Indiana','Substance Abuse Social Worker','+12153729745',NULL,NULL),(371,'Jeffery Steuber',21628,1,'24/12/1961','Oklahoma','Mixing and Blending Machine Operator','(562) 734-6630 x3570',NULL,NULL),(372,'Prof. Johnson Eichmann PhD',21628,2,'26/12/1968','Washington','Counsil','+1.905.538.9470',NULL,NULL),(373,'Mrs. Jackeline Beatty',21629,1,'19/10/1985','Oregon','Substation Maintenance','1-289-724-0900',NULL,NULL),(374,'Dayne Corkery',21629,3,'14/10/1984','Iowa','Gauger','608.546.7278',NULL,NULL),(375,'Rosemary Bayer',21630,1,'06/10/1985','New Jersey','Cartographer','+1.627.720.4740',NULL,NULL),(376,'Arnaldo Blanda',21630,2,'27/07/1978','Hawaii','Painter','1-645-384-9619 x0726',NULL,NULL),(377,'Jamar Buckridge',21631,1,'24/04/1965','New Mexico','Heaters','+1.283.848.7248',NULL,NULL),(378,'Flo Upton',21631,2,'19/08/1961','Virginia','Marking Machine Operator','(740) 365-7022 x4379',NULL,NULL),(379,'Layne Macejkovic',21632,1,'17/01/1984','Maine','Occupational Therapist','857-977-6219 x31723',NULL,NULL),(380,'Hollis Grady',21632,3,'25/07/1981','New York','Medical Technician','1-269-253-7639 x2390',NULL,NULL),(381,'Aaron Runte II',21633,1,'04/07/1977','Alaska','Host and Hostess','426.266.3882',NULL,NULL),(382,'Mr. Reyes Zieme Jr.',21633,3,'09/01/1990','Alabama','Pharmaceutical Sales Representative','403.967.4391 x25686',NULL,NULL),(383,'Barrett Barton',21634,1,'10/07/1973','Georgia','Pressure Vessel Inspector','(606) 648-1697',NULL,NULL),(384,'Mrs. Karina Swift II',21634,2,'30/02/1967','Connecticut','Nuclear Medicine Technologist','(490) 929-1334 x69977',NULL,NULL),(385,'Mrs. Elouise Schoen Jr.',21635,1,'25/01/1978','West Virginia','Electronics Engineer','1-551-520-0603 x5133',NULL,NULL),(386,'Lee Watsica',21635,3,'11/06/1971','Maine','Refractory Materials Repairer','1-687-544-2914 x47397',NULL,NULL),(387,'Ms. Carlie Wolf',21636,1,'21/11/1972','Delaware','Writer OR Author','1-747-617-3417 x9411',NULL,NULL),(388,'Dr. Clovis DuBuque',21636,3,'09/09/1985','Delaware','Aircraft Assembler','(574) 489-4157 x13999',NULL,NULL),(389,'Alaina Funk',21637,1,'02/12/1971','Florida','Casting Machine Operator','(221) 282-0184 x63794',NULL,NULL),(390,'Carrie Kuhlman',21637,3,'25/11/1973','Alaska','Correspondence Clerk','+1.979.353.6221',NULL,NULL),(391,'Tillman Keeling',21638,1,'20/02/1988','New York','Geological Data Technician','983.310.1090 x53626',NULL,NULL),(392,'Earline Tremblay',21638,2,'21/05/1966','South Carolina','Electrical Power-Line Installer','+1-807-547-6383',NULL,NULL),(393,'Ashleigh Heller',21639,1,'10/02/1986','New Mexico','Nursery Worker','637.665.1120',NULL,NULL),(394,'Queenie Hoeger DDS',21639,2,'09/04/1988','Tennessee','Health Specialties Teacher','1-804-257-3194 x0561',NULL,NULL),(395,'Justine Ritchie',21640,1,'19/06/1984','North Dakota','Plasterer OR Stucco Mason','(907) 720-3243',NULL,NULL),(396,'Zora Bruen',21640,2,'28/08/1983','New Mexico','Forming Machine Operator','408-679-6551',NULL,NULL),(397,'Prof. Rodolfo Kulas',21641,1,'14/11/1965','Utah','Artillery Crew Member','1-415-746-9094',NULL,NULL),(398,'Jordi Boyer',21641,3,'21/01/1973','California','Agricultural Sales Representative','275.959.6299 x6694',NULL,NULL),(399,'Alexzander Stracke III',21642,1,'13/12/1988','Tennessee','Shoe and Leather Repairer','+1 (820) 886-1043',NULL,NULL),(400,'Mr. Kadin Schmitt DDS',21642,3,'30/02/1972','Indiana','Personal Home Care Aide','(480) 240-4115 x769',NULL,NULL),(401,'Miss Verlie Abernathy Jr.',21643,1,'26/09/1983','Kansas','Psychiatric Technician','(925) 698-6341',NULL,NULL),(402,'Dante Kassulke',21643,2,'18/10/1981','Oregon','Computer Programmer','261.340.9763 x90389',NULL,NULL),(403,'Matilda Russel',21644,1,'07/08/1971','Nevada','Plant Scientist','(457) 284-9849 x854',NULL,NULL),(404,'Rhea Roob',21644,2,'04/02/1965','New Mexico','Copy Writer','297.951.9323',NULL,NULL),(405,'Courtney Haag',21645,1,'14/03/1978','Alaska','Archivist','652.575.9762',NULL,NULL),(406,'Mary Mertz',21645,3,'23/06/1983','Kansas','Actuary','1-908-432-7166 x165',NULL,NULL),(407,'Jasmin Schuppe',21646,1,'26/11/1980','Indiana','Refractory Materials Repairer','+13919974817',NULL,NULL),(408,'Prof. Roy Howell PhD',21646,3,'03/04/1966','Kentucky','Probation Officers and Correctional Treatment Specialist','+1.515.446.6362',NULL,NULL),(409,'Dr. Mellie Schinner',21647,1,'09/05/1978','Wyoming','Public Transportation Inspector','(941) 837-3404',NULL,NULL),(410,'Mr. Camryn Batz',21647,3,'01/11/1967','Ohio','Self-Enrichment Education Teacher','970.568.7188 x05134',NULL,NULL),(411,'Ms. Reyna Johnson',21648,1,'22/07/1961','Wisconsin','Radiation Therapist','1-363-402-7047 x33673',NULL,NULL),(412,'Prof. Brooks Daugherty DDS',21648,3,'11/03/1967','New Jersey','Registered Nurse','367-584-0914 x528',NULL,NULL),(413,'Prof. Corbin Kerluke II',21649,1,'24/09/1979','Kentucky','Plating Operator OR Coating Machine Operator','265-275-8785 x92259',NULL,NULL),(414,'Dr. Elena Willms PhD',21649,2,'19/05/1980','Louisiana','Procurement Clerk','+1-889-925-6330',NULL,NULL),(415,'Yesenia Roob',21650,1,'25/09/1983','New York','Construction Laborer','1-493-740-1249',NULL,NULL),(416,'Dorothea Koss DVM',21650,2,'24/03/1977','Wyoming','Sales Engineer','+14677079048',NULL,NULL),(417,'Prof. Kavon Hickle III',21651,1,'10/01/1962','New Jersey','Weapons Specialists','907-260-3198 x42220',NULL,NULL),(418,'Laverna Tremblay I',21651,3,'10/07/1978','Idaho','Marking Clerk','879-660-2291',NULL,NULL),(419,'Miss Destiney Senger',21652,1,'31/06/1966','Maine','Media and Communication Worker','937-596-8339 x737',NULL,NULL),(420,'Mr. Brandt Kuphal',21652,2,'01/01/1978','New Mexico','Gauger','1-510-358-0279',NULL,NULL),(421,'Dr. Marcella Collins',21653,1,'04/05/1985','Idaho','Upholsterer','+1-658-644-2750',NULL,NULL),(422,'Dr. Arne Huel',21653,3,'18/08/1989','Massachusetts','Materials Engineer','(609) 586-5199',NULL,NULL),(423,'Wilfred Wintheiser',21654,1,'04/01/1970','Wisconsin','Account Manager','(395) 839-9875 x046',NULL,NULL),(424,'Robb Eichmann',21654,2,'10/09/1986','Nevada','Music Composer','1-436-212-1259 x524',NULL,NULL),(425,'Jeanette Bartell',21655,1,'27/01/1977','Connecticut','Aviation Inspector','1-554-858-0957 x28472',NULL,NULL),(426,'Tremayne Parisian',21655,3,'24/03/1968','Kansas','Vice President Of Human Resources','+1-976-735-2646',NULL,NULL),(427,'Vincent Hammes',21656,1,'19/07/1984','New Hampshire','Assessor','362-954-6650',NULL,NULL),(428,'Eric Wilderman',21656,2,'08/10/1971','Washington','Coroner','858.726.9495 x8849',NULL,NULL),(429,'Prof. Cornelius Thiel DVM',21657,1,'21/03/1965','Pennsylvania','Psychology Teacher','527-246-8456',NULL,NULL),(430,'Rasheed Thompson',21657,3,'12/02/1988','Oregon','Avionics Technician','969.843.2441',NULL,NULL),(431,'Vena Mayert',21658,1,'14/03/1963','Maine','Logging Worker','+1-601-600-3846',NULL,NULL),(432,'Mr. Arnoldo Koelpin',21658,3,'26/10/1989','Virginia','Woodworking Machine Setter','1-968-228-3305 x52809',NULL,NULL),(433,'Moses Tillman',21659,1,'13/09/1985','Vermont','Marriage and Family Therapist','545.975.9282 x1756',NULL,NULL),(434,'Layne Gusikowski',21659,2,'05/04/1970','Nebraska','Plate Finisher','424.800.5778 x6180',NULL,NULL),(435,'Dariana Gorczany II',21660,1,'11/06/1964','Colorado','Deburring Machine Operator','618-476-1380',NULL,NULL),(436,'Belle Bode',21660,3,'28/07/1969','New Hampshire','Bookkeeper','+1.994.405.7434',NULL,NULL),(437,'Adolph Ruecker',21661,1,'18/08/1967','Indiana','Medical Assistant','1-504-234-2391 x292',NULL,NULL),(438,'Cedrick Fay',21661,2,'10/10/1969','District of Columbia','Production Laborer','1-620-756-0886 x2344',NULL,NULL),(439,'Rosemarie Schmidt',21662,1,'04/02/1966','Alaska','Medical Laboratory Technologist','223-695-7864 x59318',NULL,NULL),(440,'Allison Pollich',21662,2,'05/02/1970','Wyoming','Production Inspector','840-657-0559 x34527',NULL,NULL),(441,'Marguerite Hamill',21663,1,'01/02/1962','New Mexico','Housekeeping Supervisor','1-276-871-2177 x02740',NULL,NULL),(442,'Bella Hane',21663,2,'07/06/1968','Washington','Protective Service Worker','798-575-5107',NULL,NULL),(443,'Oscar DuBuque',21664,1,'03/03/1967','Hawaii','Food Science Technician','(786) 640-6695 x172',NULL,NULL),(444,'Mr. Jeff Schuster',21664,3,'31/02/1974','Nevada','Prepress Technician','1-257-282-2105',NULL,NULL),(445,'Aida Stroman',21665,1,'30/12/1961','Rhode Island','Protective Service Worker','454.393.0828 x1907',NULL,NULL),(446,'Jennyfer Berge V',21665,2,'15/07/1973','South Carolina','Recreational Therapist','1-426-679-5738 x066',NULL,NULL),(447,'Marlon Marks MD',21666,1,'07/06/1968','Connecticut','Environmental Engineering Technician','668.527.7237',NULL,NULL),(448,'Mr. Newell Langosh',21666,2,'03/12/1986','New York','Washing Equipment Operator','(467) 245-7588 x736',NULL,NULL),(449,'Alysa Marks',21667,1,'16/01/1965','Maryland','Textile Cutting Machine Operator','479-258-1725 x9377',NULL,NULL),(450,'Johnpaul Rau',21667,3,'23/01/1964','North Carolina','Physician','1-295-242-5780 x007',NULL,NULL),(451,'Ms. Cordie Bode V',21668,1,'13/07/1974','Oregon','Streetcar Operator','932.614.1170',NULL,NULL),(452,'Joana Schuster',21668,3,'25/05/1977','Vermont','Compliance Officers','889-620-4244 x0571',NULL,NULL),(453,'Julien Jerde',21669,1,'05/01/1964','Washington','Diamond Worker','352.815.2916',NULL,NULL),(454,'Prof. Daija Klocko',21669,3,'01/06/1962','South Dakota','Record Clerk','323.609.1024 x10697',NULL,NULL),(455,'Zoie Bruen',21670,1,'20/02/1975','Louisiana','Electrical Parts Reconditioner','519.635.6833',NULL,NULL),(456,'Murray Rau',21670,2,'06/09/1988','Wyoming','Occupational Health Safety Technician','1-371-464-5271 x40735',NULL,NULL),(457,'Jaylin Von',21671,1,'28/05/1971','Nevada','Occupational Therapist Assistant','+1 (376) 574-7259',NULL,NULL),(458,'Orville Hermann',21671,3,'01/06/1974','North Dakota','Job Printer','1-439-803-4766 x115',NULL,NULL),(459,'Darwin Howell',21672,1,'10/11/1982','North Carolina','Electrical Power-Line Installer','464-490-6739 x4989',NULL,NULL),(460,'Duane Rempel',21672,3,'01/08/1982','Oregon','Tree Trimmer','(639) 844-5677 x884',NULL,NULL),(461,'Stefan Larkin',21673,1,'18/01/1976','New Jersey','Nursing Instructor','494-986-4929',NULL,NULL),(462,'Mr. Carmelo Stark',21673,2,'07/07/1975','New York','Food Batchmaker','529.452.2701',NULL,NULL),(463,'Lila Orn PhD',21674,1,'27/12/1975','Utah','Human Resources Specialist','(567) 860-4697 x781',NULL,NULL),(464,'Prof. Gina Hudson DDS',21674,2,'07/06/1975','Massachusetts','Agricultural Product Grader Sorter','242.589.6320',NULL,NULL),(465,'Dr. Einar Senger',21675,1,'31/03/1974','Rhode Island','Securities Sales Agent','(416) 576-2369',NULL,NULL),(466,'Clara Wuckert',21675,2,'27/03/1969','Louisiana','Ticket Agent','1-670-397-7384',NULL,NULL),(467,'Kitty Torp',21676,1,'01/04/1972','North Dakota','Industrial Engineer','404-972-0635 x8311',NULL,NULL),(468,'Stephany Paucek',21676,3,'15/09/1979','Tennessee','Offset Lithographic Press Operator','(292) 228-2032',NULL,NULL),(469,'Trace Stokes',21677,1,'10/01/1982','North Carolina','Instrument Sales Representative','306-220-2222 x2976',NULL,NULL),(470,'Mallie Hahn',21677,3,'20/10/1974','Nevada','Shipping and Receiving Clerk','(695) 907-9623',NULL,NULL),(471,'Antoinette Rau',21678,1,'19/03/1974','Utah','Semiconductor Processor','+1 (298) 876-3692',NULL,NULL),(472,'Ms. Alexandrea Tillman DDS',21678,2,'19/06/1988','Florida','Textile Machine Operator','(402) 312-2411 x5926',NULL,NULL),(473,'Ignatius Gulgowski',21679,1,'21/08/1981','Nebraska','Textile Worker','461-230-6189 x640',NULL,NULL),(474,'Marge Lind IV',21679,3,'08/10/1964','Texas','Embossing Machine Operator','+1 (349) 896-7726',NULL,NULL),(475,'Lori Turcotte',21680,1,'11/12/1973','Virginia','Surgical Technologist','765.738.8154 x9848',NULL,NULL),(476,'Carole Dooley',21680,3,'01/11/1973','Connecticut','Food Batchmaker','287.744.8826 x653',NULL,NULL),(477,'Dr. Jonathan Marquardt II',21681,1,'08/11/1985','New York','Locomotive Engineer','390-959-8348',NULL,NULL),(478,'Coralie Glover II',21681,3,'07/01/1969','New Jersey','Agricultural Sales Representative','257-980-1402',NULL,NULL),(479,'Haskell Mueller I',21682,1,'17/06/1960','Minnesota','Social Worker','+1 (696) 904-7273',NULL,NULL),(480,'Ray Trantow Sr.',21682,2,'15/04/1963','Ohio','Optical Instrument Assembler','276.330.8979',NULL,NULL),(481,'Sherman Konopelski',21683,1,'24/02/1987','Arizona','Special Forces Officer','1-583-807-7952 x4047',NULL,NULL),(482,'Deangelo Hoeger Jr.',21683,2,'04/09/1961','Pennsylvania','Insurance Appraiser','+1 (325) 979-7528',NULL,NULL),(483,'Dr. Nicholas Zemlak',21684,1,'20/12/1966','Oregon','Social Worker','1-519-843-4807 x8556',NULL,NULL),(484,'Dr. Uriel Kemmer',21684,2,'04/12/1983','Alabama','Taxi Drivers and Chauffeur','+17346510639',NULL,NULL),(485,'Prof. Zelda Weber',21685,1,'27/10/1969','Missouri','Technical Writer','1-898-865-5325 x90778',NULL,NULL),(486,'Prof. Zoila Hand DDS',21685,3,'01/03/1984','Virginia','Taxi Drivers and Chauffeur','1-895-300-7421 x5869',NULL,NULL),(487,'Damion Senger',21686,1,'14/01/1971','Maine','Geological Sample Test Technician','462.481.1601 x5677',NULL,NULL),(488,'Laverne Bahringer DDS',21686,3,'03/07/1975','New Hampshire','Medical Equipment Preparer','+1.676.882.1154',NULL,NULL),(489,'Prof. Orville Haley III',21687,1,'03/09/1968','Pennsylvania','Cultural Studies Teacher','1-989-529-9221 x479',NULL,NULL),(490,'Ulices Labadie',21687,3,'23/08/1976','Colorado','Office Machine and Cash Register Servicer','490.534.7590 x7386',NULL,NULL),(491,'Ericka Parker',21688,1,'26/06/1979','Michigan','Musician OR Singer','+1 (860) 535-2668',NULL,NULL),(492,'Daron Witting',21688,2,'27/11/1985','South Carolina','Night Security Guard','(863) 698-9848 x8613',NULL,NULL),(493,'Guido Wehner',21689,1,'26/12/1966','District of Columbia','Gaming Service Worker','(796) 860-1702 x38628',NULL,NULL),(494,'Estefania Stehr',21689,2,'12/01/1964','Maryland','Photographic Process Worker','1-553-623-1673 x17846',NULL,NULL),(495,'Ms. Idella Boyle Sr.',21690,1,'09/04/1963','Alaska','Healthcare Practitioner','+1 (593) 204-9784',NULL,NULL),(496,'Van Reynolds',21690,3,'05/11/1990','Massachusetts','Butcher','+1.809.384.5356',NULL,NULL),(497,'Emilio Stanton V',21691,1,'08/07/1981','Wisconsin','Forensic Science Technician','+1-217-773-7330',NULL,NULL),(498,'Lucie Brown',21691,2,'15/01/1979','California','Preschool Teacher','983.626.4329 x4589',NULL,NULL),(499,'Mrs. Ashly McGlynn Sr.',21692,1,'15/11/1963','South Carolina','Night Shift','1-440-207-5939 x25481',NULL,NULL),(500,'Noemie Nader II',21692,3,'20/10/1966','Oregon','Training Manager OR Development Manager','517.994.0761 x6656',NULL,NULL),(501,'Amiya Beahan',21693,1,'03/05/1961','New Mexico','Nonfarm Animal Caretaker','958.832.3985',NULL,NULL),(502,'Kurt Lakin',21693,2,'09/11/1967','Hawaii','Compliance Officers','705-881-0137',NULL,NULL),(503,'Aisha O\'Kon',21694,1,'21/06/1973','Illinois','Welder-Fitter','208-618-6426',NULL,NULL),(504,'Vincent Stokes Jr.',21694,3,'05/07/1989','Washington','Electrical Parts Reconditioner','(541) 875-8865',NULL,NULL),(505,'Prof. Freda Homenick IV',21695,1,'16/02/1972','Washington','Travel Guide','938-541-6378 x357',NULL,NULL),(506,'Euna Howe',21695,3,'17/02/1986','Rhode Island','Embossing Machine Operator','(320) 201-4462 x652',NULL,NULL),(507,'Era Keebler',21696,1,'15/10/1977','Kansas','Pipe Fitter','1-573-805-2105 x974',NULL,NULL),(508,'Naomi Kub',21696,2,'12/09/1963','Georgia','Bridge Tender OR Lock Tender','(684) 224-7873 x999',NULL,NULL),(509,'Dr. Rudy Nikolaus',21697,1,'14/11/1988','Tennessee','School Bus Driver','505.792.0630 x1811',NULL,NULL),(510,'Ezequiel Beahan',21697,2,'24/08/1968','California','Compensation and Benefits Manager','(873) 602-6569 x315',NULL,NULL),(511,'Linnie Strosin I',21698,1,'13/06/1960','Oregon','Middle School Teacher','+1-460-327-7822',NULL,NULL),(512,'Dr. Kaia Reinger',21698,3,'30/11/1970','Colorado','Veterinary Assistant OR Laboratory Animal Caretaker','235-219-6678 x672',NULL,NULL),(513,'Tiara Cormier',21699,1,'23/10/1965','Kentucky','Travel Agent','+1 (280) 941-2222',NULL,NULL),(514,'Tyrese Mante',21699,2,'23/02/1968','Florida','Pantograph Engraver','(317) 825-0948 x6030',NULL,NULL),(515,'Roman Daniel',21700,1,'04/07/1972','Oregon','Forensic Science Technician','1-604-415-1160 x38219',NULL,NULL),(516,'Prof. Mireille Green IV',21700,3,'27/10/1966','Alaska','Budget Analyst','+1 (762) 609-5137',NULL,NULL),(517,'Delphine Stiedemann',21701,1,'11/10/1969','South Dakota','Manufacturing Sales Representative','682-437-0422',NULL,NULL),(518,'Roberto Cremin',21701,2,'02/04/1962','Indiana','Electronic Engineering Technician','882-709-5647',NULL,NULL),(519,'Cleo Murray MD',21702,1,'13/01/1989','South Dakota','Interior Designer','(892) 430-4830 x628',NULL,NULL),(520,'Dr. Annie Hudson',21702,3,'10/10/1976','Ohio','Continuous Mining Machine Operator','(870) 679-2978 x495',NULL,NULL),(521,'Lue Reilly',21703,1,'01/06/1968','North Carolina','Upholsterer','897.912.4163 x43010',NULL,NULL),(522,'Julius Hammes Sr.',21703,2,'26/04/1972','New Hampshire','Computer Programmer','(835) 345-0048',NULL,NULL),(523,'Kamille Schmitt',21704,1,'08/03/1975','Maine','Computer-Controlled Machine Tool Operator','+1-749-964-0303',NULL,NULL),(524,'Marion Armstrong',21704,3,'28/11/1978','Oklahoma','Geologist','561.276.6197 x69135',NULL,NULL),(525,'Antoinette Simonis DDS',21705,1,'07/05/1966','New Hampshire','Pediatricians','(907) 753-6418 x47707',NULL,NULL),(526,'Florence Goldner',21705,3,'22/01/1988','Indiana','Financial Services Sales Agent','250.261.0985',NULL,NULL),(527,'Scotty Legros PhD',21706,1,'15/03/1989','California','Waiter','284-364-5956',NULL,NULL),(528,'Sandra Friesen',21706,3,'06/05/1973','Minnesota','Epidemiologist','1-269-787-9483 x9787',NULL,NULL),(529,'Haleigh Yundt',21707,1,'14/07/1976','Hawaii','Conveyor Operator','(554) 908-6721 x01218',NULL,NULL),(530,'Rodrick Ebert IV',21707,3,'20/01/1968','Nebraska','Computer Operator','1-460-637-2816',NULL,NULL),(531,'Everardo Feil',21708,1,'25/08/1969','Maine','Word Processors and Typist','320.988.7133 x93592',NULL,NULL),(532,'Dr. Dawn Krajcik',21708,3,'04/08/1990','Alaska','Arbitrator','439.397.2233 x1305',NULL,NULL),(533,'Lisa Stamm',21709,1,'24/12/1967','Nevada','Transportation Equipment Maintenance','285.597.6777 x934',NULL,NULL),(534,'Estefania McKenzie',21709,3,'31/04/1977','California','Automotive Technician','628-764-2305 x3428',NULL,NULL),(535,'Lizeth Mills',21710,1,'26/07/1964','Minnesota','Human Resource Director','1-435-360-8558 x3139',NULL,NULL),(536,'Dell Monahan',21710,3,'28/08/1974','New Jersey','Plasterer OR Stucco Mason','1-541-982-4498 x13501',NULL,NULL),(537,'Myles Labadie',21711,1,'11/03/1966','Arkansas','Mechanical Drafter','(757) 966-3426',NULL,NULL),(538,'Orland Mueller',21711,2,'10/12/1973','Arizona','Industrial Engineer','1-532-444-9045 x83829',NULL,NULL),(539,'Myrtice Abbott Sr.',21712,1,'03/01/1981','Connecticut','Medical Equipment Preparer','834-619-7181 x7128',NULL,NULL),(540,'Miss Elvie Ziemann V',21712,3,'17/11/1976','New Hampshire','Petroleum Technician','615-643-1727 x762',NULL,NULL),(541,'Mrs. Daija Hilpert Jr.',21713,1,'23/03/1971','New Hampshire','Custom Tailor','1-542-896-4818 x251',NULL,NULL),(542,'Everette Jenkins MD',21713,3,'19/09/1970','North Dakota','Highway Patrol Pilot','273-993-4642 x42453',NULL,NULL),(543,'Kaylin Koepp',21714,1,'14/05/1965','Nevada','Railroad Conductors','1-864-550-7826 x47255',NULL,NULL),(544,'Darren Lockman',21714,2,'31/01/1976','Rhode Island','Postal Clerk','+1.687.404.4458',NULL,NULL),(545,'Veda Klocko Jr.',21715,1,'24/03/1961','District of Columbia','Oil Service Unit Operator','654-841-8310 x0572',NULL,NULL),(546,'Anderson Terry Jr.',21715,3,'06/10/1987','Utah','Explosives Expert','1-778-327-8989 x38859',NULL,NULL),(547,'Hallie Nikolaus',21716,1,'11/02/1962','Florida','Waitress','1-221-961-2521',NULL,NULL),(548,'Charlene Welch',21716,3,'24/03/1986','New Mexico','Elevator Installer and Repairer','+1-686-965-5733',NULL,NULL),(549,'Miss Lilyan Mitchell',21717,1,'09/11/1964','Minnesota','Teller','+1-708-259-7904',NULL,NULL),(550,'Suzanne Green',21717,2,'02/08/1990','West Virginia','Gaming Service Worker','814.226.1901 x944',NULL,NULL),(551,'Price Kilback',21718,1,'12/03/1967','West Virginia','Heavy Equipment Mechanic','449-680-3255 x7394',NULL,NULL),(552,'Yasmine Gusikowski',21718,2,'28/07/1960','Minnesota','Refrigeration Mechanic','+1-779-429-3585',NULL,NULL),(553,'Ms. Lea Gaylord',21719,1,'04/12/1971','Arkansas','Business Teacher','1-850-770-3168 x90030',NULL,NULL),(554,'Sven Kub',21719,3,'11/01/1964','Colorado','Internist','1-489-622-6340',NULL,NULL),(555,'Terrill Lueilwitz',21720,1,'02/09/1971','Maine','Project Manager','597.371.6805',NULL,NULL),(556,'Waino Steuber',21720,2,'22/08/1963','District of Columbia','Food Tobacco Roasting','449-222-7664 x0096',NULL,NULL),(557,'Dr. Efrain Stamm III',21721,1,'25/10/1978','New Hampshire','Construction Driller','(942) 328-8648',NULL,NULL),(558,'Dr. Major Green',21721,2,'25/12/1984','Texas','Secondary School Teacher','(372) 565-2030',NULL,NULL),(559,'Jade O\'Keefe',21722,1,'24/06/1990','Nebraska','Gauger','638.935.8058',NULL,NULL),(560,'Dr. Hiram Wisozk I',21722,3,'02/06/1986','New Mexico','Cutting Machine Operator','+1.310.224.4319',NULL,NULL),(561,'Laisha Hayes',21723,1,'03/05/1989','New Jersey','Postal Service Mail Sorter','1-776-854-7053 x7169',NULL,NULL),(562,'Colleen Bins',21723,3,'12/12/1969','North Dakota','Anthropologist OR Archeologist','1-976-546-3407 x3512',NULL,NULL),(563,'Salma Christiansen',21724,1,'25/09/1989','Washington','Aircraft Launch and Recovery Officer','658.813.7426',NULL,NULL),(564,'Fabiola Prohaska',21724,3,'03/11/1990','Pennsylvania','Weapons Specialists','971-967-6670',NULL,NULL),(565,'Minnie Harber',21725,1,'20/07/1967','Minnesota','Precision Aircraft Systems Assemblers','+1-651-515-3025',NULL,NULL),(566,'Blake Nader',21725,2,'06/12/1976','District of Columbia','Occupational Therapist Assistant','+12287785566',NULL,NULL),(567,'Carolyne Simonis',21726,1,'25/10/1977','Arizona','Mining Engineer OR Geological Engineer','725.639.2537 x60918',NULL,NULL),(568,'Prof. Tommie Davis Jr.',21726,3,'02/12/1973','Maryland','Anesthesiologist','+1-436-352-3658',NULL,NULL),(569,'Faye Trantow',21727,1,'15/05/1962','Pennsylvania','Separating Machine Operators','+1-979-517-3973',NULL,NULL),(570,'Janet Rohan',21727,3,'13/10/1985','Oregon','Civil Drafter','+14705120799',NULL,NULL),(571,'Orlando Kassulke',21728,1,'27/06/1984','Colorado','Surgical Technologist','243.850.9280',NULL,NULL),(572,'Prof. Annabelle Becker',21728,3,'13/06/1979','Alaska','Prosthodontist','1-514-603-1207',NULL,NULL),(573,'Brisa Wilderman DVM',21729,1,'21/05/1964','Maryland','Agricultural Worker','+1.734.718.6698',NULL,NULL),(574,'Ethel Wyman',21729,3,'22/09/1975','Michigan','Precision Printing Worker','704-610-1453 x17426',NULL,NULL),(575,'Miss Robyn Sauer',21730,1,'16/12/1978','Illinois','Biological Scientist','934.665.9621 x5552',NULL,NULL),(576,'Margaret Hackett',21730,2,'20/11/1981','Maine','Statement Clerk','812.739.5362 x06452',NULL,NULL),(577,'Addison Treutel',21731,1,'20/01/1976','Missouri','Insurance Sales Agent','+1-687-800-3635',NULL,NULL),(578,'Javon Klein',21731,3,'19/02/1984','Tennessee','Fish Game Warden','1-664-978-9083 x37696',NULL,NULL),(579,'Leslie Swaniawski',21732,1,'02/01/1966','Hawaii','Floor Finisher','1-765-975-5911',NULL,NULL),(580,'Mrs. Destany Huels',21732,3,'05/07/1981','Virginia','Library Assistant','(947) 323-4197 x7207',NULL,NULL),(581,'Mrs. Lucie Emard',21733,1,'24/11/1985','Ohio','Umpire and Referee','(346) 537-1069',NULL,NULL),(582,'Ciara Schneider',21733,3,'24/09/1974','North Carolina','Career Counselor','696.720.7190 x852',NULL,NULL),(583,'Rosario Pollich',21734,1,'11/08/1968','Louisiana','Agricultural Crop Farm Manager','1-670-345-1694 x97828',NULL,NULL),(584,'Kenna Lockman',21734,3,'14/11/1990','Idaho','Welding Machine Tender','1-608-833-7904 x660',NULL,NULL),(585,'Dr. Lambert Padberg',21735,1,'03/04/1977','Indiana','Sales and Related Workers','+1.698.669.5737',NULL,NULL),(586,'Gilda Jenkins',21735,3,'22/05/1982','Arizona','Precision Printing Worker','+1 (415) 226-0816',NULL,NULL),(587,'Tracey Larkin',21736,1,'18/12/1965','Ohio','Network Systems Analyst','338.927.1825',NULL,NULL),(588,'Marion Schowalter',21736,2,'03/05/1970','Florida','Radio Operator','515-470-1281',NULL,NULL),(589,'Augusta Crist IV',21737,1,'21/01/1969','Wyoming','Upholsterer','1-457-974-7948',NULL,NULL),(590,'Alba McLaughlin',21737,3,'04/10/1982','Delaware','Biochemist or Biophysicist','1-626-715-5130 x40996',NULL,NULL),(591,'Shaina Crona',21738,1,'02/12/1968','Virginia','Mining Machine Operator','+1-897-215-9074',NULL,NULL),(592,'Millie Turner',21738,3,'17/06/1968','Louisiana','CTO','872-834-0752 x04133',NULL,NULL),(593,'Rey Ankunding',21739,1,'04/02/1990','Missouri','Power Plant Operator','582-289-2663 x8161',NULL,NULL),(594,'Joaquin Bechtelar',21739,3,'06/01/1980','Indiana','Woodworker','(474) 694-5184',NULL,NULL),(595,'Mr. Beau Hickle MD',21740,1,'01/03/1962','Illinois','Welder','897.815.7552',NULL,NULL),(596,'Mandy Halvorson',21740,3,'28/06/1966','Oklahoma','Highway Patrol Pilot','203-554-4169 x598',NULL,NULL),(597,'Torey Heidenreich',21741,1,'26/05/1963','Washington','Transportation Equipment Painters','(851) 888-6488',NULL,NULL),(598,'D\'angelo Hudson',21741,3,'26/05/1961','Oregon','Bailiff','946.922.6121 x77490',NULL,NULL),(599,'Albina Robel',21742,1,'03/04/1981','Nebraska','Agricultural Technician','341.385.4502 x69166',NULL,NULL),(600,'Ivah Moore',21742,2,'13/06/1987','Colorado','Forester','317-810-3005 x6673',NULL,NULL),(601,'Mrs. Elinor Herzog',21743,1,'30/02/1961','Florida','Aircraft Mechanics OR Aircraft Service Technician','626.872.3533 x46523',NULL,NULL),(602,'Bailee Monahan',21743,2,'06/03/1962','Alabama','Engraver','201-884-5344 x849',NULL,NULL),(603,'Prof. Gunnar Littel',21744,1,'04/07/1985','Maine','Millwright','(295) 848-5170 x457',NULL,NULL),(604,'Aimee Murray',21744,2,'02/03/1974','Michigan','Precision Pattern and Die Caster','1-930-769-2982 x5729',NULL,NULL),(605,'Delfina Bode',21745,1,'27/09/1968','Rhode Island','File Clerk','+17209690391',NULL,NULL),(606,'Prof. Shemar Moen IV',21745,3,'04/12/1982','New Jersey','Radiation Therapist','565-748-0795 x0163',NULL,NULL),(607,'Etha Abernathy',21746,1,'29/12/1967','Florida','Storage Manager OR Distribution Manager','+1 (928) 263-0692',NULL,NULL),(608,'Kianna Steuber',21746,3,'02/11/1985','Georgia','Production Inspector','1-763-287-6045 x118',NULL,NULL),(609,'Dr. Kale Lubowitz',21747,1,'15/01/1978','West Virginia','Tour Guide','+1-472-965-6401',NULL,NULL),(610,'Juliana Cormier',21747,2,'04/05/1962','Arizona','Social Media Marketing Manager','(913) 643-4239 x175',NULL,NULL),(611,'Dr. Tia O\'Kon',21748,1,'23/05/1985','Rhode Island','Law Clerk','+15527589850',NULL,NULL),(612,'Lilian Hermann',21748,3,'04/07/1984','District of Columbia','Order Filler OR Stock Clerk','+1 (872) 579-0742',NULL,NULL),(613,'Elizabeth Donnelly',21749,1,'07/06/1971','Delaware','Poet OR Lyricist','1-219-807-0537 x7804',NULL,NULL),(614,'Prof. Cicero Wilderman',21749,3,'02/02/1976','South Carolina','Museum Conservator','802.622.9285 x45739',NULL,NULL),(615,'Demond Douglas',21750,1,'01/08/1960','Montana','Internist','+16326668298',NULL,NULL),(616,'Mrs. Kelsie Wehner',21750,3,'29/10/1973','Wyoming','Coaches and Scout','(608) 646-7392 x9719',NULL,NULL),(617,'Carmel Durgan',21751,1,'13/10/1985','Idaho','Correctional Officer','+1.956.826.0365',NULL,NULL),(618,'Ramona Bradtke',21751,3,'04/08/1964','Washington','Staff Psychologist','408.493.3814 x37068',NULL,NULL),(619,'Prof. Trey Brekke Sr.',21752,1,'16/10/1990','Rhode Island','Railroad Conductors','+1-813-315-3927',NULL,NULL),(620,'Darien Witting',21752,3,'27/04/1969','Virginia','Receptionist and Information Clerk','(901) 807-8979 x1499',NULL,NULL),(621,'Ms. Lenora Schmeler',21753,1,'19/03/1971','Rhode Island','ccc','+1-752-421-7297',NULL,NULL),(622,'Dee Leuschke',21753,2,'17/11/1983','Wyoming','Custom Tailor','313-213-2660 x998',NULL,NULL),(623,'Antoinette Thompson',21754,1,'09/11/1983','Louisiana','Psychiatrist','+1-768-466-9573',NULL,NULL),(624,'Houston Kunde',21754,3,'14/07/1979','Hawaii','Shampooer','+1-454-544-4397',NULL,NULL),(625,'Pablo Lang',21755,1,'06/09/1978','Pennsylvania','Patternmaker','1-320-794-4510 x82318',NULL,NULL),(626,'Axel Dooley',21755,3,'07/10/1970','New Hampshire','Internist','321.793.4856 x181',NULL,NULL),(627,'Keara Swift MD',21756,1,'28/01/1980','West Virginia','Geologist','384.599.9516 x09968',NULL,NULL),(628,'Prof. Heloise Ortiz V',21756,2,'02/02/1980','Mississippi','Geological Sample Test Technician','1-559-503-3760 x3293',NULL,NULL),(629,'Annamae Grimes',21757,1,'15/05/1985','Alabama','Industrial Safety Engineer','826.343.8590 x85996',NULL,NULL),(630,'Britney Hickle',21757,2,'10/06/1965','Maryland','Preschool Teacher','(393) 301-9082',NULL,NULL),(631,'Edgardo Mohr Sr.',21758,1,'30/03/1976','Georgia','Embossing Machine Operator','216-273-8792',NULL,NULL),(632,'Yvette Williamson',21758,2,'02/02/1985','Indiana','Janitorial Supervisor','309.758.3453 x24058',NULL,NULL),(633,'Mrs. Shyanne Swaniawski',21759,1,'03/12/1964','Kentucky','Communication Equipment Worker','(371) 384-7997',NULL,NULL),(634,'Prof. Palma Simonis',21759,2,'09/04/1965','Maine','Coaches and Scout','+1 (347) 348-2762',NULL,NULL),(635,'Justyn Langworth',21760,1,'20/01/1986','Oklahoma','Insurance Sales Agent','728.216.0823',NULL,NULL),(636,'Mr. Austen O\'Keefe Sr.',21760,2,'30/12/1961','West Virginia','Truck Driver','502-219-5571 x07110',NULL,NULL),(637,'Elenor Rippin',21761,1,'23/11/1983','Kansas','Food Preparation Worker','486.508.2937 x4169',NULL,NULL),(638,'Geovanny Klein',21761,3,'30/11/1962','Colorado','Automotive Body Repairer','1-462-347-0085',NULL,NULL),(639,'Adrienne Glover',21762,1,'28/10/1962','New York','Logging Worker','(570) 331-8270 x037',NULL,NULL),(640,'Prof. Agustina Ruecker',21762,3,'08/12/1988','Montana','Tile Setter OR Marble Setter','760-672-0592 x99692',NULL,NULL),(641,'Prof. Fay Connelly V',21763,1,'23/10/1967','Georgia','Woodworker','+1-720-497-6992',NULL,NULL),(642,'Prof. Norberto Ebert',21763,3,'16/05/1981','Mississippi','Music Arranger and Orchestrator','768.522.9861',NULL,NULL),(643,'Elsie Ratke',21764,1,'14/05/1987','Vermont','Transportation Manager','+1-373-902-0290',NULL,NULL),(644,'Bethel Rice',21764,3,'01/07/1962','Washington','Announcer','(994) 566-7674',NULL,NULL),(645,'Layla O\'Kon',21765,1,'17/12/1982','District of Columbia','School Social Worker','+1.334.340.3189',NULL,NULL),(646,'Era Marvin',21765,2,'06/05/1966','Arizona','Housekeeping Supervisor','857-865-6093 x96270',NULL,NULL),(647,'Antwon Herzog',21766,1,'08/09/1975','Arkansas','Biologist','493.646.9808',NULL,NULL),(648,'Ismael Corkery',21766,3,'07/12/1970','Maine','Music Director','(387) 252-6174',NULL,NULL),(649,'Stanford Jones',21767,1,'17/07/1966','Missouri','Food Batchmaker','1-791-709-3670 x7356',NULL,NULL),(650,'Prof. Nestor Ziemann',21767,3,'10/01/1973','Louisiana','Audio-Visual Collections Specialist','1-616-541-6197',NULL,NULL),(651,'Prof. Johnny Gleason Jr.',21768,1,'27/12/1982','Connecticut','Government Service Executive','(734) 536-2743 x6919',NULL,NULL),(652,'Prof. Reed Balistreri',21768,2,'21/02/1989','New Jersey','Lodging Manager','1-689-968-3747 x2911',NULL,NULL),(653,'Vicky Willms',21769,1,'20/04/1983','Ohio','Precision Dyer','762.551.4590 x476',NULL,NULL),(654,'Raoul Jacobson',21769,3,'22/05/1988','Arizona','Textile Dyeing Machine Operator','474-821-7889',NULL,NULL),(655,'Price Schinner Jr.',21770,1,'13/07/1974','Massachusetts','Agricultural Equipment Operator','787-403-0417',NULL,NULL),(656,'Mr. Lance Rath MD',21770,2,'11/02/1989','Arkansas','School Bus Driver','826.521.8479',NULL,NULL),(657,'Prof. Otto Torp',21771,1,'23/04/1984','Tennessee','Production Planning','(609) 494-6130 x3399',NULL,NULL),(658,'Doris Borer',21771,3,'05/12/1971','Iowa','Electronic Drafter','(281) 912-6558 x4505',NULL,NULL),(659,'Kieran Kozey',21772,1,'02/10/1982','South Carolina','Nutritionist','+1 (519) 559-4806',NULL,NULL),(660,'Emie Haag',21772,3,'25/08/1969','Wisconsin','Pewter Caster','425-489-2458 x463',NULL,NULL),(661,'Emmanuel Nicolas',21773,1,'31/11/1971','Idaho','Stationary Engineer','1-251-866-4866',NULL,NULL),(662,'Ruthie Murazik',21773,3,'29/12/1988','Virginia','Marketing Manager','845.924.5116',NULL,NULL),(663,'Candace Schultz',21774,1,'15/05/1963','Tennessee','Preschool Education Administrators','(921) 425-1819 x9742',NULL,NULL),(664,'Dr. Sylvester Sanford DVM',21774,2,'11/04/1966','Oregon','Geologist','910-465-6525 x312',NULL,NULL),(665,'Shany Kuvalis',21775,1,'25/03/1969','Alabama','Industrial Equipment Maintenance','661-561-3316',NULL,NULL),(666,'Alec Feeney',21775,2,'26/10/1963','Idaho','Airfield Operations Specialist','1-557-545-0350',NULL,NULL),(667,'Laurie Paucek',21776,1,'21/08/1986','North Dakota','Pharmacy Aide','742-206-2658',NULL,NULL),(668,'Lea Marvin',21776,2,'17/10/1969','Indiana','Commercial Pilot','275.754.4881 x67062',NULL,NULL),(669,'Miss Raphaelle O\'Reilly V',21777,1,'17/05/1978','Louisiana','Transportation Manager','(339) 673-5691 x995',NULL,NULL),(670,'Kailee McDermott Jr.',21777,3,'30/10/1975','Georgia','Nuclear Equipment Operation Technician','943.583.8271',NULL,NULL),(671,'Angela Kuvalis',21778,1,'10/11/1964','District of Columbia','Singer','996-210-9357 x920',NULL,NULL),(672,'Prof. Edmond Hansen',21778,2,'07/08/1990','Maine','Public Relations Specialist','893-894-8341 x9246',NULL,NULL),(673,'Dr. Rahul Jacobson',21779,1,'16/10/1975','Nebraska','Welder','658.369.0252 x6808',NULL,NULL),(674,'Elisabeth Bernhard DVM',21779,2,'19/09/1980','Maine','Actor','301.696.7914 x21914',NULL,NULL),(675,'Madisen Corkery',21780,1,'09/09/1973','Illinois','Biologist','+17364141492',NULL,NULL),(676,'Arnoldo Ortiz',21780,2,'15/09/1978','Maryland','Mail Clerk','843-719-6870 x9402',NULL,NULL),(677,'Keara Klein',21781,1,'08/12/1989','Oklahoma','Agricultural Technician','612-995-2696 x49833',NULL,NULL),(678,'Polly Williamson',21781,3,'25/10/1975','Virginia','Woodworker','(852) 736-1511 x285',NULL,NULL),(679,'Mr. Judd Bogan',21782,1,'28/06/1980','Nevada','Fabric Pressers','641.270.3892 x57970',NULL,NULL),(680,'Vince Collins',21782,2,'25/03/1981','Michigan','Textile Dyeing Machine Operator','+1 (681) 449-3152',NULL,NULL),(681,'Dr. Cody Quigley',21783,1,'11/08/1980','Kansas','Cultural Studies Teacher','(209) 330-8461',NULL,NULL),(682,'Myron Swift',21783,2,'12/07/1976','Ohio','Nursing Aide','516.406.5299',NULL,NULL),(683,'Brandi O\'Reilly',21784,1,'16/03/1973','Arkansas','Numerical Control Machine Tool Operator','536.466.2115 x593',NULL,NULL),(684,'Herta Balistreri',21784,3,'21/08/1970','Michigan','Sawing Machine Tool Setter','(510) 869-9459 x379',NULL,NULL),(685,'Lilly O\'Reilly',21785,1,'04/07/1975','Rhode Island','Occupational Therapist Assistant','741-535-2685',NULL,NULL),(686,'Dr. Lexie Carroll',21785,2,'27/04/1964','West Virginia','Materials Engineer','+1-968-515-0677',NULL,NULL),(687,'Hollie Ondricka',21786,1,'13/02/1971','Idaho','Rigger','796.997.2573 x55829',NULL,NULL),(688,'Ismael Feil I',21786,3,'11/06/1968','Delaware','Security Systems Installer OR Fire Alarm Systems Installer','+1 (445) 543-0320',NULL,NULL),(689,'Vicente Lockman',21787,1,'18/03/1978','Oregon','Automotive Mechanic','661-202-7515',NULL,NULL),(690,'Cyril Mraz',21787,2,'02/06/1983','Connecticut','Painter and Illustrator','1-480-769-7779 x76234',NULL,NULL),(691,'Maximo Spinka',21788,1,'07/05/1968','Colorado','Portable Power Tool Repairer','1-884-574-3728',NULL,NULL),(692,'Delaney Tromp',21788,2,'09/03/1965','California','Irradiated-Fuel Handler','1-426-677-2347',NULL,NULL),(693,'Gustave Greenholt',21789,1,'11/10/1983','California','Jeweler','949.783.3164',NULL,NULL),(694,'Esther Harvey',21789,2,'30/05/1966','Illinois','Commercial Pilot','(225) 240-4575 x74429',NULL,NULL),(695,'Watson Hoeger',21790,1,'07/11/1972','New Hampshire','Maintenance Supervisor','+17084209703',NULL,NULL),(696,'Prof. Orland Paucek',21790,3,'25/02/1962','Texas','Payroll Clerk','(267) 538-9776',NULL,NULL),(697,'Mr. Jermey Kuhn',21791,1,'29/01/1977','South Carolina','Merchandise Displayer OR Window Trimmer','1-365-318-1168',NULL,NULL),(698,'Marielle Torphy',21791,3,'29/03/1987','Connecticut','Librarian','(898) 630-4385 x77547',NULL,NULL),(699,'Enid Roob MD',21792,1,'02/01/1984','Missouri','HVAC Mechanic','573-613-3633 x2817',NULL,NULL),(700,'Mrs. Amely Marvin PhD',21792,3,'07/03/1969','Georgia','Municipal Fire Fighting Supervisor','(843) 470-4968',NULL,NULL),(701,'Palma Kassulke',21793,1,'07/02/1983','Missouri','Industrial Equipment Maintenance','1-839-754-7469',NULL,NULL),(702,'Gerald Cole',21793,3,'09/08/1961','Wisconsin','Software Engineer','1-784-577-6805 x5455',NULL,NULL),(703,'Dr. Lester Green MD',21794,1,'21/12/1973','Vermont','Chemical Engineer','728-529-3702 x6161',NULL,NULL),(704,'Lonnie Ferry',21794,2,'29/02/1960','Alaska','Transportation Worker','581.504.1360',NULL,NULL),(705,'Dr. Daryl Sporer',21795,1,'27/12/1970','California','Commercial Pilot','(702) 778-0727 x3227',NULL,NULL),(706,'Granville Hills',21795,2,'28/12/1989','Georgia','Food Service Manager','(467) 690-9754',NULL,NULL),(707,'Oral Rippin I',21796,1,'25/03/1974','Connecticut','Scanner Operator','+13533841092',NULL,NULL),(708,'Kristy Sawayn',21796,2,'12/07/1970','West Virginia','Jeweler','1-494-686-6639',NULL,NULL),(709,'Else Cronin',21797,1,'26/07/1960','Minnesota','Lawn Service Manager','(956) 636-4704 x885',NULL,NULL),(710,'Austyn Predovic',21797,3,'23/12/1971','North Carolina','Photographic Process Worker','470-561-6775 x662',NULL,NULL),(711,'Ms. Simone White III',21798,1,'19/05/1977','Washington','Rental Clerk','+1.238.402.2657',NULL,NULL),(712,'Lawrence Daniel',21798,2,'17/10/1977','Washington','Precision Instrument Repairer','(423) 840-0144 x313',NULL,NULL),(713,'Mrs. Phyllis Kunze',21799,1,'07/03/1967','South Carolina','Government Service Executive','469.282.5948',NULL,NULL),(714,'Bertha Frami',21799,2,'15/04/1974','Connecticut','Bicycle Repairer','703-603-7173',NULL,NULL),(715,'Catherine Greenholt',21800,1,'01/05/1964','District of Columbia','Library Worker','1-798-617-2007 x613',NULL,NULL),(716,'Ashleigh Frami',21800,2,'14/01/1973','North Dakota','Biochemist','1-849-801-9545 x8881',NULL,NULL),(717,'Miss Greta Ankunding IV',21801,1,'28/10/1978','Texas','Program Director','648-823-8472 x392',NULL,NULL),(718,'Dulce Veum',21801,3,'19/02/1974','Tennessee','Transportation Manager','(665) 202-6477',NULL,NULL),(719,'Miss Pamela Labadie III',21802,1,'13/04/1976','Hawaii','Plating Machine Operator','+1-951-794-9467',NULL,NULL),(720,'Alia Prohaska',21802,2,'15/12/1976','North Carolina','Budget Analyst','372.885.6809 x384',NULL,NULL),(721,'Telly Mohr',21803,1,'16/05/1990','Maryland','Respiratory Therapist','568-387-6029 x0148',NULL,NULL),(722,'Vance Kohler',21803,3,'22/11/1975','Maryland','Brickmason','243.209.8718 x019',NULL,NULL),(723,'Ward Krajcik',21804,1,'29/05/1968','Idaho','Continuous Mining Machine Operator','392-653-8154 x38913',NULL,NULL),(724,'Gerry Witting',21804,3,'03/01/1968','Nebraska','Conservation Scientist','(457) 767-5340 x85292',NULL,NULL),(725,'Ola Considine',21805,1,'20/01/1990','Delaware','Utility Meter Reader','+1-228-809-1183',NULL,NULL),(726,'Prof. Jalen Schumm',21805,2,'23/06/1964','Maine','Occupational Health Safety Technician','297.758.3935',NULL,NULL),(727,'Nelda Moore',21806,1,'16/02/1972','Maryland','Chemical Engineer','+1-890-302-3118',NULL,NULL),(728,'Ola Torphy',21806,3,'22/10/1972','Pennsylvania','Network Admin OR Computer Systems Administrator','243.264.0989 x797',NULL,NULL),(729,'Christy Haley Jr.',21807,1,'26/08/1988','Rhode Island','Soil Conservationist','665-314-5775 x966',NULL,NULL),(730,'Dr. Miracle Marquardt',21807,2,'31/08/1976','Maryland','Precision Devices Inspector','1-520-225-3281',NULL,NULL),(731,'Waylon Mohr',21808,1,'16/01/1982','Illinois','Electrical and Electronics Drafter','+1.984.454.0563',NULL,NULL),(732,'Clovis Labadie DVM',21808,2,'24/01/1960','Kansas','Team Assembler','769-719-1340 x33821',NULL,NULL),(733,'Sterling Luettgen',21809,1,'16/07/1967','Iowa','Food Batchmaker','1-956-606-7275 x25814',NULL,NULL),(734,'Arvid Hyatt',21809,3,'24/11/1980','Pennsylvania','Healthcare Support Worker','869.612.8413 x6234',NULL,NULL),(735,'Alisa Gusikowski',21810,1,'23/06/1988','Washington','Food Service Manager','819.260.9347',NULL,NULL),(736,'Erna Gottlieb',21810,3,'29/04/1961','Missouri','Gaming Dealer','(486) 464-9930',NULL,NULL),(737,'Lorena Hegmann Sr.',21811,1,'08/05/1984','Mississippi','Armored Assault Vehicle Officer','1-810-917-7234 x0764',NULL,NULL),(738,'Matilde Funk',21811,2,'18/10/1978','South Carolina','Public Transportation Inspector','771-540-9750 x32435',NULL,NULL),(739,'Kurt Dicki',21812,1,'22/06/1989','California','Stone Sawyer','+1-807-417-5751',NULL,NULL),(740,'Alda Weimann',21812,3,'02/01/1969','Kentucky','Admin','(239) 425-6754 x732',NULL,NULL),(741,'Mikayla Wolff',21813,1,'19/09/1988','Ohio','Oil Service Unit Operator','235-976-1638 x9634',NULL,NULL),(742,'Keagan Schneider',21813,2,'03/04/1985','Georgia','Freight and Material Mover','1-583-223-1182',NULL,NULL),(743,'Prof. Everette Lang',21814,1,'23/06/1965','Indiana','Soldering Machine Setter','(839) 896-2428 x85805',NULL,NULL),(744,'Miss Brisa Jacobs III',21814,3,'15/07/1986','Vermont','Telephone Operator','752-341-2620 x4613',NULL,NULL),(745,'Prof. Afton Blick V',21815,1,'09/03/1987','Louisiana','Segmental Paver','+1 (391) 717-3629',NULL,NULL),(746,'Meta Mann',21815,2,'19/09/1968','Nebraska','Physical Therapist','709.606.3488 x5699',NULL,NULL),(747,'Trenton Wolf PhD',21816,1,'30/11/1985','New York','Business Operations Specialist','+1.804.940.1341',NULL,NULL),(748,'Nils O\'Conner',21816,2,'07/12/1968','Colorado','Environmental Engineering Technician','605.712.8376',NULL,NULL),(749,'Cecelia Block',21817,1,'22/08/1960','Hawaii','Communication Equipment Worker','(838) 735-4757 x5014',NULL,NULL),(750,'Miss Kelly Ortiz',21817,2,'09/10/1987','Pennsylvania','Administrative Support Supervisors','+19614996059',NULL,NULL),(751,'Annabel Auer',21818,1,'27/06/1987','Minnesota','Textile Cutting Machine Operator','1-613-931-4626 x5210',NULL,NULL),(752,'Sallie Crona',21818,2,'22/04/1984','District of Columbia','Medical Secretary','1-460-989-6121',NULL,NULL),(753,'Dr. Lisette Goodwin',21819,1,'14/12/1990','Ohio','Manager of Air Crew','+16437393869',NULL,NULL),(754,'Trinity Maggio',21819,2,'25/07/1977','New York','Product Specialist','(361) 925-5150 x8571',NULL,NULL),(755,'Colin Corwin IV',21820,1,'03/08/1982','Massachusetts','Bartender Helper','753.412.9689 x3908',NULL,NULL),(756,'Rosalyn Mayert PhD',21820,2,'14/02/1978','Kentucky','Welder-Fitter','389.709.3681 x4999',NULL,NULL),(757,'Prof. Robyn Bosco',21821,1,'16/05/1962','West Virginia','Broadcast Technician','+1-252-790-1740',NULL,NULL),(758,'Khalid Cole',21821,3,'08/01/1979','Kentucky','Refinery Operator','+1-839-971-7003',NULL,NULL),(759,'Jaron Jerde',21822,1,'07/08/1964','Georgia','Bartender Helper','(210) 528-5225 x84329',NULL,NULL),(760,'Percival Hickle',21822,2,'22/08/1965','North Carolina','Manager of Food Preparation','+1 (747) 826-6780',NULL,NULL),(761,'Dale O\'Hara',21823,1,'01/08/1971','New Hampshire','Law Enforcement Teacher','(743) 268-7930',NULL,NULL),(762,'Mr. Lowell Wolf V',21823,3,'06/06/1990','New Jersey','Auditor','(437) 367-6620',NULL,NULL),(763,'Esperanza Rolfson',21824,1,'30/10/1979','Wyoming','Space Sciences Teacher','1-514-656-9090 x7756',NULL,NULL),(764,'Lottie Koepp',21824,2,'11/03/1973','Illinois','Physical Therapist','359.233.7026 x7426',NULL,NULL),(765,'Kristina Graham',21825,1,'27/12/1963','Hawaii','Railroad Yard Worker','229-702-1877 x8983',NULL,NULL),(766,'Elfrieda Keeling',21825,2,'14/03/1971','Colorado','Fast Food Cook','1-428-613-8006 x243',NULL,NULL),(767,'Claude Kshlerin',21826,1,'28/07/1980','North Carolina','Roof Bolters Mining','832-996-3226 x2057',NULL,NULL),(768,'Mr. Alessandro Schneider',21826,3,'06/12/1960','Pennsylvania','Personnel Recruiter','(952) 788-0152 x7868',NULL,NULL),(769,'Judd Quigley',21827,1,'02/08/1985','Massachusetts','Editor','(635) 250-3473',NULL,NULL),(770,'Rocio Aufderhar',21827,3,'18/11/1978','Arizona','Radio Operator','(506) 594-9140',NULL,NULL),(771,'Leanna McGlynn',21828,1,'03/10/1987','Wyoming','Police Identification OR Records Officer','+1-381-539-2693',NULL,NULL),(772,'Clement Wehner',21828,2,'12/09/1974','Idaho','Writer OR Author','(380) 307-3377',NULL,NULL),(773,'Glennie Nienow',21829,1,'29/10/1980','New York','Precision Printing Worker','(947) 539-1477',NULL,NULL),(774,'Dr. Camryn Ferry',21829,3,'02/12/1986','Kentucky','Electric Motor Repairer','458-887-6533 x41818',NULL,NULL),(775,'Norene Bosco PhD',21830,1,'09/08/1976','Louisiana','Agricultural Engineer','(565) 249-3603',NULL,NULL),(776,'Jerrell Weimann',21830,2,'23/06/1979','Nebraska','Nursery Manager','804.805.6834 x8210',NULL,NULL),(777,'Jazmyn Bergstrom',21831,1,'25/05/1979','Nebraska','Electronics Engineer','+1 (446) 724-0907',NULL,NULL),(778,'Ms. Bernadette Gutkowski',21831,2,'01/07/1988','New Hampshire','Supervisor of Customer Service','(546) 424-7201',NULL,NULL),(779,'Dr. Leola Dietrich I',21832,1,'30/11/1973','Virginia','Mental Health Counselor','1-385-614-7979 x84150',NULL,NULL),(780,'Granville Wunsch',21832,3,'28/01/1985','Utah','Mechanical Inspector','967-678-0113 x574',NULL,NULL),(781,'Reynold Doyle',21833,1,'09/10/1984','Georgia','Patrol Officer','(993) 852-7068 x1588',NULL,NULL),(782,'Mr. Giles Schneider',21833,2,'18/06/1972','Iowa','Bench Jeweler','(570) 448-2599 x9952',NULL,NULL),(783,'Beverly Feest',21834,1,'09/10/1974','Alaska','Log Grader and Scaler','290-435-7515 x762',NULL,NULL),(784,'Casey Crist',21834,2,'23/09/1990','Tennessee','Environmental Engineer','+1.821.307.5265',NULL,NULL),(785,'Dr. Mia Ruecker Sr.',21835,1,'19/08/1977','Arizona','Numerical Tool Programmer OR Process Control Programmer','+1-857-741-1351',NULL,NULL),(786,'Jordi Zboncak',21835,3,'13/11/1990','New Hampshire','Database Manager','881-236-0488',NULL,NULL),(787,'Mrs. Corine Toy I',21836,1,'15/02/1980','Arkansas','Home Entertainment Equipment Installer','+1 (439) 867-4442',NULL,NULL),(788,'Adan Runolfsson',21836,2,'31/10/1964','Kansas','Internist','1-432-420-7348 x76786',NULL,NULL),(789,'Domenic Windler',21837,1,'27/10/1990','Vermont','Molder','+1-690-610-5476',NULL,NULL),(790,'Fannie Will',21837,2,'19/12/1982','Nebraska','Online Marketing Analyst','1-921-723-7615 x62278',NULL,NULL),(791,'Misty Satterfield',21838,1,'04/06/1978','Massachusetts','Actor','432.834.0080 x42804',NULL,NULL),(792,'Prof. Sigurd Reinger',21838,3,'19/04/1974','Wyoming','Door To Door Sales','+1.917.350.1873',NULL,NULL),(793,'Dr. Leonor Baumbach',21839,1,'25/12/1988','Texas','Real Estate Appraiser','590-450-1852',NULL,NULL),(794,'Prof. Jennie Windler DDS',21839,3,'22/11/1969','Idaho','Private Detective and Investigator','+13203186203',NULL,NULL),(795,'Loren Cremin IV',21840,1,'01/03/1975','Nebraska','Graduate Teaching Assistant','+1-307-994-1282',NULL,NULL),(796,'Bulah Gislason',21840,2,'21/09/1978','Montana','Correspondence Clerk','997-977-9612 x28981',NULL,NULL),(797,'Dr. Verda Rodriguez II',21841,1,'23/11/1969','Alaska','Operating Engineer','+17586233936',NULL,NULL),(798,'Deven Streich III',21841,2,'16/10/1965','Texas','Nursery Manager','(293) 522-3595',NULL,NULL),(799,'Samson Langosh',21842,1,'15/05/1978','Nebraska','Production Inspector','(663) 344-7124 x6700',NULL,NULL),(800,'Tyson Ward PhD',21842,2,'14/02/1989','Georgia','Internist','991-533-4200 x2970',NULL,NULL),(801,'Dortha Hoppe',21843,1,'27/10/1974','Maryland','Anthropologist OR Archeologist','(348) 418-1567 x76428',NULL,NULL),(802,'Katharina Hahn',21843,2,'05/01/1989','West Virginia','Environmental Compliance Inspector','(257) 300-5153 x835',NULL,NULL),(803,'Prof. Elenor Gutkowski DVM',21844,1,'24/05/1969','South Dakota','Building Inspector','(418) 514-8652',NULL,NULL),(804,'Allison Bashirian Sr.',21844,3,'30/04/1986','North Carolina','Merchandise Displayer OR Window Trimmer','(268) 381-4446',NULL,NULL),(805,'Anjali Pagac',21845,1,'26/02/1968','Louisiana','Irradiated-Fuel Handler','314-808-5057 x0337',NULL,NULL),(806,'Agustin Mayer V',21845,2,'09/01/1975','Rhode Island','Welding Machine Operator','(475) 762-4220',NULL,NULL),(807,'Prof. Braden Sawayn',21846,1,'02/12/1978','Texas','Nuclear Engineer','464.254.0322',NULL,NULL),(808,'Henri Hermann',21846,2,'16/12/1987','Maryland','Rough Carpenter','887.686.2038 x7289',NULL,NULL),(809,'Mac Moore IV',21847,1,'26/05/1974','Arizona','Stringed Instrument Repairer and Tuner','(789) 907-1797',NULL,NULL),(810,'Miss Jacinthe Kuhlman',21847,3,'16/11/1972','Mississippi','Auditor','637-219-0082',NULL,NULL),(811,'Prudence Torp',21848,1,'05/02/1961','Iowa','Economist','(262) 633-6359 x1017',NULL,NULL),(812,'Franco Pouros',21848,2,'10/06/1962','Louisiana','Cartoonist','987-205-6754 x8634',NULL,NULL),(813,'Prof. Leif Hauck PhD',21849,1,'12/03/1988','Maine','Medical Scientists','986-505-2356 x665',NULL,NULL),(814,'Lonzo Koch PhD',21849,3,'05/02/1990','Vermont','CFO','714.292.9127',NULL,NULL),(815,'Zoe Gutkowski III',21850,1,'25/02/1968','Hawaii','Keyboard Instrument Repairer and Tuner','(280) 578-4390 x8583',NULL,NULL),(816,'Mr. Markus Swift',21850,2,'26/06/1965','South Carolina','Human Resources Manager','+18949352305',NULL,NULL),(817,'Angelita Rogahn',21851,1,'26/09/1983','Virginia','Boiler Operator','237-252-7861',NULL,NULL),(818,'Raven Bruen',21851,3,'17/06/1982','North Dakota','Lodging Manager','606-563-4252 x981',NULL,NULL),(819,'Ms. Kaylie Koch PhD',21852,1,'25/10/1962','Ohio','Statistical Assistant','+1 (960) 792-1230',NULL,NULL),(820,'Alanna Hudson',21852,2,'18/11/1987','Mississippi','Emergency Medical Technician and Paramedic','1-728-451-2817',NULL,NULL),(821,'Dr. Erich Franecki',21853,1,'10/04/1983','Alaska','Loan Counselor','325-927-9869 x753',NULL,NULL),(822,'Anya Eichmann',21853,2,'01/03/1973','Missouri','Healthcare','+1.376.988.5472',NULL,NULL),(823,'Dr. Linwood Treutel',21854,1,'04/01/1983','Maryland','Freight Inspector','+1-836-375-5896',NULL,NULL),(824,'Rogers Fritsch DVM',21854,2,'23/08/1965','North Carolina','Roof Bolters Mining','(851) 994-2497 x10493',NULL,NULL),(825,'Ebba Bergstrom',21855,1,'09/02/1977','West Virginia','Fast Food Cook','871-701-6103 x8461',NULL,NULL),(826,'Talia Dibbert',21855,2,'21/12/1974','Ohio','Scientific Photographer','(902) 801-8758 x99546',NULL,NULL),(827,'Rosanna Luettgen',21856,1,'21/12/1970','Minnesota','Fitness Trainer','279.389.6525',NULL,NULL),(828,'Oral Rohan',21856,3,'09/08/1974','Wyoming','Forestry Conservation Science Teacher','(456) 277-1723 x95777',NULL,NULL),(829,'Zachariah Jones',21857,1,'18/04/1986','South Dakota','Executive Secretary','1-895-338-4255',NULL,NULL),(830,'Tina Hoppe',21857,3,'01/12/1962','Oregon','Bus Driver','1-902-567-1049',NULL,NULL),(831,'Vena Wuckert',21858,1,'05/05/1983','North Dakota','Political Scientist','+1-947-482-2498',NULL,NULL),(832,'Mr. Adonis Gleason DDS',21858,2,'01/01/1986','Idaho','Receptionist and Information Clerk','+1.370.868.9148',NULL,NULL),(833,'Terrill Marquardt',21859,1,'16/07/1981','Nebraska','Cardiovascular Technologist','1-478-755-8650',NULL,NULL),(834,'Mozelle Wilkinson',21859,2,'15/02/1979','Wyoming','Illustrator','864.207.5966 x9167',NULL,NULL),(835,'Lexie Sanford Sr.',21860,1,'03/09/1966','Maryland','Human Resources Specialist','215.613.6018',NULL,NULL),(836,'Elinor Toy',21860,2,'23/04/1974','Hawaii','Insurance Investigator','1-374-758-8159',NULL,NULL),(837,'Cecile Stracke',21861,1,'07/11/1981','Kansas','Postsecondary Education Administrators','878-612-9136 x8757',NULL,NULL),(838,'Joan Cummings',21861,3,'09/04/1983','Minnesota','Radio Mechanic','1-397-783-9024',NULL,NULL),(839,'Dr. Vergie Herzog',21862,1,'27/06/1971','Utah','Fitter','+19215011540',NULL,NULL),(840,'Dr. Flavie Wisoky PhD',21862,3,'26/10/1978','Alaska','Log Grader and Scaler','1-525-310-4557 x8959',NULL,NULL),(841,'Aniyah Walter MD',21863,1,'22/01/1972','Montana','Nursery Manager','+1-402-271-0742',NULL,NULL),(842,'Andreanne O\'Kon',21863,2,'10/04/1982','New Mexico','Database Administrator','1-565-477-7596',NULL,NULL),(843,'Erick Turner PhD',21864,1,'07/09/1978','North Carolina','Forming Machine Operator','+1 (683) 738-0007',NULL,NULL),(844,'Trace Hansen I',21864,3,'22/08/1961','Georgia','Tool and Die Maker','(436) 763-7809 x44892',NULL,NULL),(845,'Javonte Windler',21865,1,'20/05/1971','Kentucky','Pump Operators','520.394.3252 x0750',NULL,NULL),(846,'Sylvester Durgan V',21865,3,'11/08/1981','District of Columbia','Urban Planner','+1.904.320.4064',NULL,NULL),(847,'Florence Murphy',21866,1,'03/12/1968','California','Anthropologist','(741) 485-7160 x441',NULL,NULL),(848,'Chesley Weimann',21866,2,'24/12/1969','Connecticut','Locomotive Engineer','+1-571-678-3299',NULL,NULL),(849,'Dr. Lionel Herzog III',21867,1,'04/06/1975','Colorado','Motorboat Mechanic','(987) 885-1421 x620',NULL,NULL),(850,'Mr. Edd Carroll DVM',21867,2,'22/07/1986','Washington','Cutting Machine Operator','1-327-527-2586 x08398',NULL,NULL),(851,'Shanelle Abernathy IV',21868,1,'17/01/1989','New York','Plating Machine Operator','868.492.8576',NULL,NULL),(852,'Laurie Kiehn',21868,2,'28/06/1986','Kentucky','Claims Adjuster','+1.321.389.9770',NULL,NULL),(853,'Prof. Halle Nicolas Sr.',21869,1,'17/08/1971','Massachusetts','Diagnostic Medical Sonographer','+1.856.220.1835',NULL,NULL),(854,'Keely Bechtelar',21869,3,'28/08/1982','Colorado','Ceiling Tile Installer','441.773.4450 x104',NULL,NULL),(855,'Luther Wyman',21870,1,'19/10/1980','Texas','Radio Operator','690.860.3823 x586',NULL,NULL),(856,'Bobbie Altenwerth',21870,3,'28/05/1972','Rhode Island','Bookkeeper','941.707.3949',NULL,NULL),(857,'Clark Raynor',21871,1,'31/08/1968','Delaware','Pantograph Engraver','921-299-7701 x646',NULL,NULL),(858,'Stanton Ondricka',21871,3,'01/06/1974','Montana','Farm Labor Contractor','723-415-3928 x9888',NULL,NULL),(859,'Annabel Hammes',21872,1,'25/02/1964','Hawaii','Movers','(254) 441-6962 x21588',NULL,NULL),(860,'Dr. Dewayne Upton',21872,2,'29/09/1961','Maryland','Hydrologist','375-893-1268',NULL,NULL),(861,'Prof. Van Mertz',21873,1,'29/12/1982','New Mexico','Lodging Manager','+1.501.450.4757',NULL,NULL),(862,'Prof. Josianne Mraz IV',21873,2,'06/08/1962','West Virginia','Power Plant Operator','681-614-5375',NULL,NULL),(863,'Dr. Ned Price DVM',21874,1,'06/07/1963','Arkansas','Cost Estimator','1-520-482-2604 x72178',NULL,NULL),(864,'Dr. Julio Nitzsche II',21874,2,'16/12/1983','West Virginia','Office Machine and Cash Register Servicer','1-274-994-7807 x33325',NULL,NULL),(865,'Bonnie Koepp',21875,1,'21/09/1975','Texas','Sys Admin','1-454-657-5462 x716',NULL,NULL),(866,'Mara Barrows',21875,2,'26/12/1980','Florida','Editor','(785) 517-1659 x128',NULL,NULL),(867,'Sister Fisher',21876,1,'30/12/1977','Wisconsin','Mixing and Blending Machine Operator','+1-816-969-2076',NULL,NULL),(868,'Luna Koelpin',21876,2,'05/07/1969','Michigan','Algorithm Developer','+1-751-690-8654',NULL,NULL),(869,'Prof. Linnie Ankunding',21877,1,'08/12/1990','Arkansas','Transportation Attendant','513-846-8334',NULL,NULL),(870,'Felton Bartell',21877,2,'04/01/1978','Virginia','Admin','480-403-8449 x25987',NULL,NULL),(871,'Bulah Yost',21878,1,'08/02/1986','South Dakota','Installation and Repair Technician','+1-789-669-7740',NULL,NULL),(872,'Miss Nyah Wyman',21878,2,'15/11/1984','Arizona','Continuous Mining Machine Operator','779-378-4009',NULL,NULL),(873,'Berneice Satterfield',21879,1,'28/01/1973','Illinois','Millwright','(280) 850-1076',NULL,NULL),(874,'Rae Hansen',21879,3,'27/10/1988','North Dakota','Motorcycle Mechanic','435-620-4889 x99222',NULL,NULL),(875,'Clemmie Schuppe',21880,1,'28/09/1964','Nevada','Separating Machine Operators','(253) 223-7604 x0590',NULL,NULL),(876,'Mr. Tod Ortiz IV',21880,2,'22/11/1983','Illinois','Airline Pilot OR Copilot OR Flight Engineer','(217) 912-2644 x59983',NULL,NULL),(877,'Lynn Weimann',21881,1,'30/03/1965','Ohio','Correspondence Clerk','(979) 814-2922 x3181',NULL,NULL),(878,'Emery Jerde',21881,2,'27/02/1975','Texas','Precision Dyer','371-676-6859 x77015',NULL,NULL),(879,'Violet Miller',21882,1,'19/09/1976','Illinois','Brake Machine Setter','(821) 557-7509 x014',NULL,NULL),(880,'Dr. Collin Macejkovic I',21882,3,'20/04/1973','Maryland','Radio and Television Announcer','+1-632-682-4972',NULL,NULL),(881,'Domenico Kautzer',21883,1,'17/09/1987','Utah','Public Transportation Inspector','(602) 581-5746',NULL,NULL),(882,'Quentin Goyette',21883,3,'18/05/1968','Connecticut','Police and Sheriffs Patrol Officer','1-641-302-7145',NULL,NULL),(883,'Harrison Hettinger',21884,1,'07/08/1969','Georgia','Stringed Instrument Repairer and Tuner','(793) 331-3817 x694',NULL,NULL),(884,'Viola Collier',21884,2,'13/10/1961','Arkansas','Radio Mechanic','1-684-485-8153 x388',NULL,NULL),(885,'Mr. Deion Orn',21885,1,'09/11/1985','Wyoming','Aviation Inspector','495.394.2609 x1869',NULL,NULL),(886,'Marquise Gutkowski',21885,3,'12/02/1978','Arizona','Government','(515) 464-7075 x651',NULL,NULL),(887,'Juwan Reichert',21886,1,'31/08/1967','New Hampshire','Food Servers','(568) 818-0744 x6505',NULL,NULL),(888,'Mrs. Marjolaine Swaniawski III',21886,2,'20/02/1961','Georgia','Screen Printing Machine Operator','(694) 554-1938',NULL,NULL),(889,'Warren Hamill',21887,1,'18/02/1963','Vermont','Transit Police OR Railroad Police','773.793.4699',NULL,NULL),(890,'Prof. Kali McGlynn DVM',21887,2,'09/05/1969','Florida','Broadcast News Analyst','1-560-722-6033',NULL,NULL),(891,'Durward Rolfson',21888,1,'13/07/1987','South Dakota','Mixing and Blending Machine Operator','+12393732648',NULL,NULL),(892,'Kailyn Homenick',21888,2,'26/08/1971','Nebraska','Recreation Worker','479.200.1232',NULL,NULL),(893,'Mrs. Maxie Olson',21889,1,'13/09/1989','California','Air Crew Member','1-512-825-3288',NULL,NULL),(894,'Cleta Swaniawski Jr.',21889,3,'01/08/1965','Oklahoma','Librarian','1-492-777-3441 x5021',NULL,NULL),(895,'Dulce O\'Keefe',21890,1,'11/12/1982','Missouri','Public Health Social Worker','531-954-1128 x141',NULL,NULL),(896,'Clarabelle Miller',21890,3,'09/01/1978','New Mexico','Engineer','347-656-2867',NULL,NULL),(897,'Frederick Durgan',21891,1,'04/11/1988','New Jersey','Electrical and Electronic Inspector and Tester','(283) 672-4501',NULL,NULL),(898,'Oran O\'Hara MD',21891,3,'06/08/1960','Mississippi','Protective Service Worker','1-858-748-4198',NULL,NULL),(899,'Enrique Bauch PhD',21892,1,'18/11/1972','Delaware','Social and Human Service Assistant','376-539-2408 x3644',NULL,NULL),(900,'Liana Kling',21892,2,'02/02/1970','Rhode Island','Computer-Controlled Machine Tool Operator','(474) 336-4634 x4592',NULL,NULL),(901,'Chanel Daugherty',21893,1,'09/09/1963','Indiana','Fishing OR Forestry Supervisor','757-497-8552 x6604',NULL,NULL),(902,'Ms. Flavie Herman PhD',21893,3,'17/07/1960','New Hampshire','Electronics Engineer','679.352.3143 x770',NULL,NULL),(903,'Elenora O\'Conner',21894,1,'06/06/1962','Nevada','Illustrator','813-288-9670 x690',NULL,NULL),(904,'Prof. Carson Crooks III',21894,2,'12/03/1973','Texas','Orthodontist','(494) 879-9992',NULL,NULL),(905,'Mr. Branson Schmitt DVM',21895,1,'21/12/1977','South Dakota','Metal Fabricator','(772) 846-3042 x656',NULL,NULL),(906,'Dr. Alexie Cole',21895,3,'29/09/1988','Texas','Biologist','731-323-1182',NULL,NULL),(907,'Prof. Frederique Fay',21896,1,'09/01/1980','Utah','Engineering Technician','380-657-1722',NULL,NULL),(908,'Dr. Aiyana Dare',21896,2,'11/07/1965','Massachusetts','Physicist','295-470-2612',NULL,NULL),(909,'Mrs. Shea Stracke IV',21897,1,'23/04/1970','New Jersey','Personal Financial Advisor','591-647-9313 x87084',NULL,NULL),(910,'Aimee Fay DVM',21897,2,'29/06/1971','Florida','Postsecondary Education Administrators','496.552.0257',NULL,NULL),(911,'Dayana Mante',21898,1,'29/02/1990','Michigan','Roustabouts','1-445-234-4610',NULL,NULL),(912,'Josianne Kilback',21898,2,'14/09/1975','Michigan','Drycleaning Machine Operator','284.567.2138',NULL,NULL),(913,'Catalina Douglas V',21899,1,'19/02/1985','Iowa','Central Office and PBX Installers','(395) 710-4489',NULL,NULL),(914,'Ms. Marisol Dare',21899,3,'20/05/1962','Hawaii','Music Director','(328) 742-3709 x5366',NULL,NULL),(915,'Prof. Ryder Kertzmann III',21900,1,'06/05/1963','Tennessee','Pipelayer','917-939-6005 x2054',NULL,NULL),(916,'Nelda Sipes',21900,2,'16/05/1974','North Dakota','Director Of Marketing','1-547-916-4545',NULL,NULL),(917,'Prof. Laury Jerde',21901,1,'24/04/1963','Pennsylvania','Talent Acquisition Manager','238.849.4255',NULL,NULL),(918,'Emelia Funk',21901,3,'14/03/1962','Florida','Editor','(619) 836-9426 x64785',NULL,NULL),(919,'Elisha Marvin',21902,1,'18/03/1977','Oklahoma','Transportation Manager','529-323-3793 x0677',NULL,NULL),(920,'Dr. Brody Prosacco',21902,2,'24/12/1966','Maryland','Stone Sawyer','456.214.7574',NULL,NULL),(921,'Zion Harris',21903,1,'06/08/1960','Nebraska','Production Planning','1-764-436-8750 x664',NULL,NULL),(922,'Dena Gulgowski I',21903,2,'14/11/1990','Nevada','Photoengraving Machine Operator','217.721.5977 x5712',NULL,NULL),(923,'Janis Schuppe',21904,1,'29/07/1979','Mississippi','Administrative Support Supervisors','+1.546.484.9397',NULL,NULL),(924,'Jovanny Kub III',21904,3,'17/04/1972','Vermont','Recruiter','425-459-1854',NULL,NULL),(925,'Yvonne Erdman',21905,1,'19/03/1976','Alabama','Personal Financial Advisor','283.634.7696 x82844',NULL,NULL),(926,'Mrs. Linnie Leuschke',21905,2,'05/08/1971','North Dakota','Furnace Operator','429-603-5908',NULL,NULL),(927,'Dr. Ronaldo Cruickshank',21906,1,'14/03/1976','Georgia','General Practitioner','(708) 341-8083 x971',NULL,NULL),(928,'Giovani Konopelski',21906,2,'23/11/1972','New Jersey','Sailor','(412) 484-3690',NULL,NULL),(929,'Dusty Kautzer DVM',21907,1,'14/10/1988','Alabama','Fashion Model','357.853.6190 x572',NULL,NULL),(930,'Gianni Heller DVM',21907,3,'04/11/1982','District of Columbia','Health Specialties Teacher','356-610-5761',NULL,NULL),(931,'Orval Denesik',21908,1,'11/05/1981','West Virginia','Medical Equipment Repairer','1-375-205-6432',NULL,NULL),(932,'Mrs. Vita Pfeffer',21908,2,'26/03/1979','Colorado','Parts Salesperson','412.227.1428 x06564',NULL,NULL),(933,'Eulah Batz',21909,1,'24/08/1962','Oregon','Caption Writer','+1 (317) 266-7242',NULL,NULL),(934,'Keanu Kovacek',21909,3,'15/11/1960','Arizona','Industrial Safety Engineer','289-816-8945 x94221',NULL,NULL),(935,'Lelah Nitzsche',21910,1,'31/01/1960','California','Cutting Machine Operator','419.209.0054 x19150',NULL,NULL),(936,'Scot Daugherty V',21910,3,'05/07/1977','Massachusetts','Assembler','1-854-374-6069',NULL,NULL),(937,'Heber Mante',21911,1,'29/04/1983','North Dakota','Tile Setter OR Marble Setter','1-449-876-0883',NULL,NULL),(938,'Mrs. Marjory Conn',21911,2,'13/08/1984','New Hampshire','Buyer','(873) 508-8200 x532',NULL,NULL),(939,'Mrs. Thora Kassulke DDS',21912,1,'20/09/1963','West Virginia','Shear Machine Set-Up Operator','(221) 336-1637 x739',NULL,NULL),(940,'Hattie Roob',21912,3,'29/02/1969','Georgia','Chemical Equipment Operator','(293) 585-2991 x4871',NULL,NULL),(941,'Prof. Demarcus Schaefer Jr.',21913,1,'19/02/1985','New Jersey','Biophysicist','+1-476-757-3635',NULL,NULL),(942,'Breana Leannon',21913,3,'24/07/1971','New Mexico','Choreographer','312-829-3006',NULL,NULL),(943,'Mr. Koby Mraz I',21914,1,'22/05/1980','Minnesota','Manager of Air Crew','+18146427267',NULL,NULL),(944,'Prof. Austyn Cremin II',21914,2,'27/11/1977','Wisconsin','Surveyor','971-937-5432',NULL,NULL),(945,'Prof. Kale Erdman',21915,1,'11/08/1972','Oklahoma','Sales Engineer','+1 (423) 934-4227',NULL,NULL),(946,'Miss Veronica Leannon',21915,3,'02/07/1966','Illinois','Optometrist','839-716-0238 x899',NULL,NULL),(947,'Toy Hills',21916,1,'01/06/1971','Nevada','Agricultural Crop Farm Manager','1-792-436-9191',NULL,NULL),(948,'Margie Treutel',21916,3,'07/12/1962','Iowa','Electronic Masking System Operator','(998) 741-3723 x1405',NULL,NULL),(949,'Quentin Hirthe II',21917,1,'31/03/1968','Wyoming','General Manager','974.323.3568 x308',NULL,NULL),(950,'Rubie Kautzer',21917,2,'27/01/1964','California','Tractor Operator','(797) 989-3705 x159',NULL,NULL),(951,'Moses Hodkiewicz',21918,1,'05/07/1979','South Carolina','Director Of Business Development','(356) 908-6567',NULL,NULL),(952,'Anais Mertz',21918,3,'13/01/1985','Oklahoma','Movers','1-749-315-6726',NULL,NULL),(953,'Gardner Block',21919,1,'27/09/1961','Connecticut','Metal Worker','+1.713.722.9066',NULL,NULL),(954,'Roxane Kulas',21919,2,'10/10/1976','Tennessee','Insulation Installer','621-763-4357 x296',NULL,NULL),(955,'Dr. Katrine Reilly',21920,1,'18/09/1970','Arkansas','Janitorial Supervisor','328.679.5247',NULL,NULL),(956,'Laurence Kreiger',21920,3,'18/11/1964','Idaho','Surveying and Mapping Technician','1-262-671-7631 x1580',NULL,NULL),(957,'Prof. Katrine Eichmann Sr.',21921,1,'24/03/1973','Minnesota','Manufactured Building Installer','1-919-395-1543',NULL,NULL),(958,'Mr. Arvel Grant',21921,3,'12/04/1979','Alaska','Soil Scientist OR Plant Scientist','656.877.7372',NULL,NULL),(959,'Griffin Lakin',21922,1,'29/07/1977','Kentucky','Biochemist','1-859-483-0451',NULL,NULL),(960,'Mr. Michale Morar II',21922,3,'28/06/1966','Ohio','Airline Pilot OR Copilot OR Flight Engineer','+17729815913',NULL,NULL),(961,'Hope Renner',21923,1,'09/03/1975','Kentucky','Tank Car','738.285.1831 x20761',NULL,NULL),(962,'Sidney Emard II',21923,3,'06/04/1984','Nevada','Financial Specialist','(458) 534-3855 x17342',NULL,NULL),(963,'Mrs. Loyce Jacobs',21924,1,'03/10/1973','Washington','Air Crew Officer','278-979-8321',NULL,NULL),(964,'Alvera Schaden',21924,2,'24/09/1963','Connecticut','Interior Designer','1-465-403-6801 x970',NULL,NULL),(965,'Karlie Collins',21925,1,'17/03/1987','North Carolina','Pesticide Sprayer','1-957-236-1788 x7488',NULL,NULL),(966,'Jorge Runte',21925,2,'28/12/1979','Colorado','Animal Husbandry Worker','1-665-632-1796',NULL,NULL),(967,'Ellen Stroman',21926,1,'17/04/1980','Oregon','House Cleaner','+17016778458',NULL,NULL),(968,'Dr. Preston Cassin',21926,2,'01/05/1965','Connecticut','Shipping and Receiving Clerk','(375) 399-1638 x4248',NULL,NULL),(969,'Estel Schmitt',21927,1,'02/08/1962','Maine','Warehouse','789-368-2352 x345',NULL,NULL),(970,'Prof. Robyn McGlynn',21927,3,'18/09/1975','Utah','Retail Sales person','208-940-2356 x68062',NULL,NULL),(971,'Malcolm Sporer IV',21928,1,'03/11/1977','Illinois','Word Processors and Typist','(578) 572-9682 x3643',NULL,NULL),(972,'Dr. Ayden Walter Sr.',21928,3,'13/04/1964','North Carolina','Plastic Molding Machine Operator','+17365226624',NULL,NULL),(973,'Grady Runte',21929,1,'09/06/1980','Rhode Island','Warehouse','350.817.0580 x39130',NULL,NULL),(974,'Annie Keeling I',21929,3,'14/11/1973','Michigan','Procurement Clerk','419.242.0721',NULL,NULL),(975,'Pablo Blick',21930,1,'19/03/1976','Florida','Manager of Food Preparation','+1-245-930-0194',NULL,NULL),(976,'Roselyn Macejkovic',21930,2,'19/01/1978','Kentucky','Political Science Teacher','1-547-317-2692',NULL,NULL),(977,'Della Zboncak II',21931,1,'02/10/1976','Pennsylvania','Motion Picture Projectionist','(887) 553-5011',NULL,NULL),(978,'Quincy Monahan III',21931,2,'19/07/1981','Ohio','Public Transportation Inspector','+1-268-876-9671',NULL,NULL),(979,'Emiliano Botsford',21932,1,'06/03/1964','Ohio','Social and Human Service Assistant','1-548-437-1879',NULL,NULL),(980,'Prof. Sylvan Yost',21932,3,'07/06/1988','Georgia','Artillery Crew Member','556-302-2847',NULL,NULL),(981,'Lolita Wehner',21933,1,'24/07/1967','New York','Mechanical Drafter','+16327200394',NULL,NULL),(982,'Josianne Keebler',21933,2,'14/05/1984','Nevada','Actor','707.200.8285 x93718',NULL,NULL),(983,'Lou Bruen',21934,1,'07/12/1971','Rhode Island','Tractor Operator','1-543-422-0038 x37037',NULL,NULL),(984,'Mariam Hills',21934,2,'13/08/1987','Colorado','Library Technician','1-762-224-7147',NULL,NULL),(985,'Brook Kirlin DDS',21935,1,'24/01/1964','New Mexico','Media and Communication Worker','923-736-3589',NULL,NULL),(986,'Ms. Madeline Fadel Sr.',21935,2,'10/08/1988','Alaska','Dragline Operator','778.467.8355 x28292',NULL,NULL),(987,'Roxanne Huel',21936,1,'26/06/1960','Kentucky','Physical Therapist','(851) 756-9823 x5117',NULL,NULL),(988,'Prof. Nayeli Renner',21936,2,'14/10/1978','Montana','Stripper','1-673-707-9330 x301',NULL,NULL),(989,'Riley Toy',21937,1,'01/01/1981','Kentucky','Precision Mold and Pattern Caster','237.918.8498',NULL,NULL),(990,'Kayla Mohr',21937,3,'29/02/1960','Maine','Surveying and Mapping Technician','+1-216-860-5887',NULL,NULL),(991,'Brisa Yundt',21938,1,'28/03/1985','South Carolina','Silversmith','+1 (705) 637-3313',NULL,NULL),(992,'Prof. Cortney Predovic',21938,2,'29/09/1989','Virginia','Political Scientist','748-344-9033',NULL,NULL),(993,'Duane Robel',21939,1,'27/01/1981','North Dakota','Public Health Social Worker','1-275-989-6364 x8077',NULL,NULL),(994,'Bennie Hartmann III',21939,3,'01/05/1965','Arizona','Multi-Media Artist','1-351-778-6136 x759',NULL,NULL),(995,'Ms. Tia Kuhlman PhD',21940,1,'07/07/1981','Wisconsin','Law Enforcement Teacher','(434) 226-7614',NULL,NULL),(996,'Mrs. Rebekah Cronin',21940,2,'12/02/1985','Louisiana','Log Grader and Scaler','748-762-4634',NULL,NULL),(997,'Gabe Abernathy V',21941,1,'04/10/1977','Hawaii','Museum Conservator','992.539.5099',NULL,NULL),(998,'Norbert Runte',21941,3,'25/12/1986','North Dakota','Office Machine Operator','586.895.6638 x0833',NULL,NULL),(999,'Isaiah Eichmann',21942,1,'30/04/1960','New Hampshire','General Farmworker','675.813.8331 x60106',NULL,NULL),(1000,'Amiya Kutch',21942,2,'06/12/1966','South Carolina','Machinery Maintenance','204.893.3307',NULL,NULL),(1001,'Maia Kuhlman',21943,1,'12/05/1975','Nevada','Surveying Technician','1-532-594-0793 x61386',NULL,NULL),(1002,'Vern Will Sr.',21943,2,'29/11/1961','Hawaii','Religious Worker','848-780-4272',NULL,NULL),(1003,'Lucinda Rowe',21944,1,'31/05/1990','South Dakota','Armored Assault Vehicle Officer','+1-448-338-3465',NULL,NULL),(1004,'Miss Alexandrea Kshlerin',21944,2,'27/11/1982','Wisconsin','File Clerk','536.403.1686 x125',NULL,NULL),(1005,'Bridget Kreiger',21945,1,'02/08/1985','Arizona','Radiologic Technologist and Technician','+1.861.435.3849',NULL,NULL),(1006,'Diana Hickle',21945,2,'12/02/1978','New York','Social Worker','+1-828-654-8359',NULL,NULL),(1007,'Mr. Fidel Zemlak',21946,1,'10/01/1980','North Dakota','Industrial-Organizational Psychologist','(783) 934-0441 x95135',NULL,NULL),(1008,'Mozelle O\'Reilly',21946,2,'11/10/1977','Kansas','Stringed Instrument Repairer and Tuner','+1-264-575-1861',NULL,NULL),(1009,'Judah Little',21947,1,'05/04/1968','Wisconsin','Substance Abuse Social Worker','526.799.2998',NULL,NULL),(1010,'Jay Howell',21947,2,'19/10/1975','Ohio','Travel Agent','990-908-9787',NULL,NULL),(1011,'Aileen Quitzon',21948,1,'10/05/1970','Vermont','Aerospace Engineer','870.583.7821 x3943',NULL,NULL),(1012,'Mallory Stiedemann',21948,2,'15/04/1990','New Jersey','Operating Engineer','(778) 203-3699',NULL,NULL),(1013,'Zaria Auer',21949,1,'28/10/1962','North Carolina','Speech-Language Pathologist','1-375-256-2100 x821',NULL,NULL),(1014,'Rosalinda Nicolas',21949,2,'27/04/1961','New Hampshire','Production Inspector','1-273-885-3394 x986',NULL,NULL),(1015,'Prof. Reginald Flatley',21950,1,'17/11/1986','North Dakota','Grinding Machine Operator','932.397.5851 x4335',NULL,NULL),(1016,'Romaine Schumm IV',21950,2,'07/12/1973','North Carolina','Irradiated-Fuel Handler','657-506-4526',NULL,NULL),(1017,'Ayla Wisoky II',21951,1,'30/03/1970','California','Floor Layer','(278) 816-3468 x1185',NULL,NULL),(1018,'Velma Wiegand',21951,3,'12/07/1963','Utah','Team Assembler','997.299.6112',NULL,NULL),(1019,'Jarvis Conroy',21952,1,'12/08/1981','Maryland','Air Crew Member','210.587.4912',NULL,NULL),(1020,'Jerel Walker',21952,3,'23/02/1984','Florida','Patternmaker','1-270-905-4902 x008',NULL,NULL),(1021,'Haven Jenkins',21953,1,'16/06/1969','Washington','Homeland Security','(497) 443-9994 x1201',NULL,NULL),(1022,'Dr. Darius Pfannerstill',21953,2,'18/04/1974','Idaho','Tailor','1-381-770-6226',NULL,NULL),(1023,'Seth Heaney',21954,1,'05/02/1968','Wisconsin','Production Worker','+1-908-657-8138',NULL,NULL),(1024,'Hosea Gislason',21954,2,'22/08/1981','Kentucky','Pest Control Worker','884.558.1065',NULL,NULL),(1025,'Dr. Chyna Bartell II',21955,1,'27/12/1975','Kentucky','Compensation and Benefits Manager','867.357.7096 x92406',NULL,NULL),(1026,'Mario Lueilwitz',21955,3,'20/01/1988','Louisiana','Telemarketer','491.441.5598 x72074',NULL,NULL),(1027,'Clementine Ondricka',21956,1,'08/03/1971','Missouri','Fire Fighter','607-436-3782 x459',NULL,NULL),(1028,'Louvenia McLaughlin',21956,2,'01/05/1982','South Dakota','Marking Clerk','(349) 825-4778 x424',NULL,NULL),(1029,'Loraine Zboncak',21957,1,'01/10/1961','Oregon','Forestry Conservation Science Teacher','+1-217-789-1097',NULL,NULL),(1030,'Franco Morissette',21957,3,'10/11/1980','Missouri','State','860.978.6305 x8480',NULL,NULL),(1031,'Shirley Ebert',21958,1,'23/05/1963','Wisconsin','Municipal Fire Fighter','1-667-856-7824 x413',NULL,NULL),(1032,'Elyse Cummings',21958,3,'24/08/1983','Rhode Island','Special Education Teacher','863-466-1809 x741',NULL,NULL),(1033,'Chasity Homenick',21959,1,'30/04/1990','Arizona','Preschool Education Administrators','1-857-267-5922',NULL,NULL),(1034,'Dr. Dayana Reichel',21959,2,'07/07/1973','South Carolina','Textile Knitting Machine Operator','351.213.3738 x96605',NULL,NULL),(1035,'Neil Rogahn',21960,1,'27/04/1971','Alaska','Receptionist and Information Clerk','1-797-516-1577 x07097',NULL,NULL),(1036,'Mossie Reichert II',21960,3,'28/10/1960','North Carolina','Mechanical Engineer','715.690.8245 x083',NULL,NULL),(1037,'Mrs. Destiney Lubowitz',21961,1,'16/01/1971','South Carolina','Commercial and Industrial Designer','1-365-916-4581',NULL,NULL),(1038,'Dr. Maximo Goyette',21961,2,'12/12/1986','Texas','Assembler','456.713.6662 x187',NULL,NULL),(1039,'Marcus Hegmann',21962,1,'01/07/1990','New Mexico','Fire Inspector','1-434-227-1555',NULL,NULL),(1040,'Palma Parker',21962,2,'06/11/1976','Minnesota','Movers','986.341.0917 x924',NULL,NULL),(1041,'Noemy Prosacco III',21963,1,'28/01/1978','Montana','Bulldozer Operator','1-997-647-7781',NULL,NULL),(1042,'Princess Quitzon Sr.',21963,2,'09/01/1980','Georgia','Able Seamen','(612) 479-9651 x0901',NULL,NULL),(1043,'Prof. Liliana Bailey DDS',21964,1,'20/11/1961','South Carolina','Meter Mechanic','(546) 459-9397',NULL,NULL),(1044,'Lauryn Bogisich II',21964,3,'13/01/1968','North Dakota','Veterinary Assistant OR Laboratory Animal Caretaker','636-470-4218 x60552',NULL,NULL),(1045,'Samara Roob',21965,1,'16/06/1983','Oregon','Statistical Assistant','469.435.7837',NULL,NULL),(1046,'Verla O\'Conner',21965,2,'13/09/1987','Delaware','Fire Investigator','334-608-5121',NULL,NULL),(1047,'Melvina Hahn',21966,1,'17/05/1961','Tennessee','Precision Aircraft Systems Assemblers','1-832-967-4075 x2878',NULL,NULL),(1048,'Chet Senger',21966,2,'06/01/1973','West Virginia','Aircraft Structure Assemblers','+1.762.852.7182',NULL,NULL),(1049,'Makenna Howe',21967,1,'16/07/1979','Florida','Mathematician','415.909.4902',NULL,NULL),(1050,'Prof. Maximus Graham DDS',21967,3,'18/09/1965','Pennsylvania','Marine Engineer','337.980.4464',NULL,NULL),(1051,'Bradley Gerhold',21968,1,'13/12/1969','Nebraska','Chemical Equipment Controller','581-872-3402 x753',NULL,NULL),(1052,'Ms. Florence Stamm III',21968,2,'18/01/1981','Nevada','Chemistry Teacher','+1-503-577-8103',NULL,NULL),(1053,'Theodore Heidenreich',21969,1,'06/08/1967','New Hampshire','Electrolytic Plating Machine Operator','(412) 766-5235',NULL,NULL),(1054,'Keshawn Hammes V',21969,2,'03/09/1960','Nevada','Machine Tool Operator','+1-416-451-1288',NULL,NULL),(1055,'Alessandra Hessel',21970,1,'06/06/1990','Michigan','Singer','721.217.7545',NULL,NULL),(1056,'Cassie Simonis PhD',21970,2,'02/02/1971','California','HR Specialist','624.680.2940',NULL,NULL),(1057,'Mr. Kevon Ward',21971,1,'29/12/1986','Rhode Island','Bridge Tender OR Lock Tender','634.773.5982 x3710',NULL,NULL),(1058,'Moses Hagenes',21971,2,'29/11/1960','Vermont','Cost Estimator','668.430.7542 x05629',NULL,NULL),(1059,'Junius Farrell',21972,1,'26/06/1977','Indiana','Financial Examiner','952.962.1928 x8379',NULL,NULL),(1060,'Mrs. Carrie Cruickshank DDS',21972,3,'25/10/1987','Pennsylvania','Fiberglass Laminator and Fabricator','1-784-676-0562',NULL,NULL),(1061,'Dr. Frederik Muller V',21973,1,'22/01/1972','Louisiana','Sales Representative','446.324.7176 x739',NULL,NULL),(1062,'Dr. Madisyn Tremblay',21973,2,'04/07/1961','District of Columbia','Scientific Photographer','(487) 327-7369 x8766',NULL,NULL),(1063,'Salvador Dicki',21974,1,'17/05/1988','California','Biophysicist','(284) 336-4612 x5892',NULL,NULL),(1064,'Prof. Brown Reichert Sr.',21974,2,'29/12/1983','Connecticut','Dispatcher','926-657-1442 x0675',NULL,NULL),(1065,'Kira Lehner Sr.',21975,1,'01/04/1977','Wisconsin','Artist','682-338-9123',NULL,NULL),(1066,'Nicola Bayer I',21975,2,'28/09/1980','Tennessee','Cafeteria Cook','1-460-383-9304 x78982',NULL,NULL),(1067,'Dr. Karianne Zieme',21976,1,'06/07/1982','Utah','Production Control Manager','594-804-5380 x7377',NULL,NULL),(1068,'Lola Carroll',21976,3,'15/11/1960','Louisiana','Radiation Therapist','(220) 754-6985 x5848',NULL,NULL),(1069,'Daniella Buckridge',21977,1,'25/03/1966','Montana','Woodworker','1-306-752-3750 x78204',NULL,NULL),(1070,'Nicholaus Kozey',21977,2,'09/10/1966','Washington','Drafter','426-528-7957 x889',NULL,NULL),(1071,'Efrain Daniel III',21978,1,'04/01/1976','Kansas','Credit Checker','+1 (435) 823-2553',NULL,NULL),(1072,'Miss Gerda Daniel',21978,3,'08/05/1974','Illinois','Answering Service','(447) 678-5245 x87516',NULL,NULL),(1073,'Joyce Franecki',21979,1,'17/10/1976','Washington','Stone Sawyer','595-210-2392 x7175',NULL,NULL),(1074,'Donnie Bartell',21979,2,'14/04/1965','South Carolina','Baker','743.769.3874 x822',NULL,NULL),(1075,'Elisha Schaden MD',21980,1,'15/11/1965','Maine','Fiber Product Cutting Machine Operator','1-695-937-4709 x399',NULL,NULL),(1076,'Prof. Jaycee Feeney III',21980,2,'18/04/1984','Indiana','Plastic Molding Machine Operator','1-951-646-9724 x454',NULL,NULL),(1077,'Prof. Herman Feest',21981,1,'17/07/1968','Florida','Production Planner','+1 (240) 513-7244',NULL,NULL),(1078,'Golden Schumm',21981,2,'14/12/1970','New York','Private Household Cook','617-258-5548',NULL,NULL),(1079,'Wallace O\'Reilly',21982,1,'09/05/1990','Minnesota','Plumber OR Pipefitter OR Steamfitter','+14519873579',NULL,NULL),(1080,'Kayla Ledner',21982,2,'07/08/1988','Nebraska','Industrial Engineer','346.785.5646 x50873',NULL,NULL),(1081,'Anya Wolf',21983,1,'27/03/1960','Nebraska','Legal Secretary','(450) 517-7401',NULL,NULL),(1082,'Prof. Genevieve Larson',21983,3,'25/01/1962','New Jersey','Internist','(971) 825-0912',NULL,NULL),(1083,'Jaida Paucek',21984,1,'18/01/1987','Arizona','Pipe Fitter','(887) 686-8572 x06326',NULL,NULL),(1084,'Ms. Josiane Mohr',21984,3,'24/07/1969','Georgia','Butcher','1-479-819-5218 x54576',NULL,NULL),(1085,'Easter Kirlin',21985,1,'29/08/1976','New Jersey','Movers','618-917-3930 x328',NULL,NULL),(1086,'Ellis Gulgowski',21985,2,'12/02/1981','Alabama','Forester','682.929.0301 x9006',NULL,NULL),(1087,'Gayle Daugherty MD',21986,1,'01/02/1987','New York','Buffing and Polishing Operator','+1-614-562-8387',NULL,NULL),(1088,'Bernard Renner',21986,3,'02/01/1961','Nebraska','Marine Architect','363.364.6557',NULL,NULL),(1089,'Bruce Dicki IV',21987,1,'10/12/1986','North Carolina','Plating Machine Operator','791.788.6519 x7128',NULL,NULL),(1090,'Hailee Champlin II',21987,3,'27/06/1973','West Virginia','Social Science Research Assistant','1-609-298-9954 x260',NULL,NULL),(1091,'Catharine Goldner V',21988,1,'20/12/1965','South Dakota','Construction Driller','616.758.9747 x7683',NULL,NULL),(1092,'Dalton Maggio',21988,2,'21/05/1967','Maine','Fraud Investigator','978.727.9910 x42652',NULL,NULL),(1093,'Prof. Lempi Sauer III',21989,1,'01/03/1978','Alabama','Probation Officers and Correctional Treatment Specialist','1-542-855-0495 x52062',NULL,NULL),(1094,'Selina Beatty',21989,3,'16/05/1961','District of Columbia','Floral Designer','652-264-7554',NULL,NULL),(1095,'Mrs. Nelda Jacobs Jr.',21990,1,'16/05/1973','District of Columbia','Brickmason','+1.641.850.5482',NULL,NULL),(1096,'Norbert Wisoky',21990,2,'08/01/1966','Iowa','Refinery Operator','+15573623207',NULL,NULL),(1097,'Haley Skiles V',21991,1,'23/03/1967','South Carolina','Statistician','439-989-6167',NULL,NULL),(1098,'Devante Heller',21991,2,'07/05/1982','West Virginia','Stonemason','343-717-8678 x6704',NULL,NULL),(1099,'Reed Wyman I',21992,1,'14/05/1961','Virginia','Computer','1-675-369-0529 x131',NULL,NULL),(1100,'Dr. Henri Roberts',21992,2,'19/11/1983','Wisconsin','Special Education Teacher','(917) 243-3615',NULL,NULL),(1101,'Destin Kshlerin',21993,1,'25/01/1973','Delaware','Preschool Education Administrators','219-301-1178',NULL,NULL),(1102,'Prof. Doyle Fay',21993,2,'15/02/1980','Minnesota','Maintenance Worker','673-498-6007',NULL,NULL),(1103,'Theresia Wolf',21994,1,'16/02/1969','Iowa','Electric Motor Repairer','(253) 563-0575',NULL,NULL),(1104,'Prof. Osbaldo Lueilwitz IV',21994,2,'27/11/1971','Massachusetts','Usher','+1-965-915-2847',NULL,NULL),(1105,'Deion Ernser',21995,1,'06/01/1961','Wyoming','Industrial Production Manager','581.397.0117',NULL,NULL),(1106,'Dell Cruickshank',21995,3,'07/11/1960','Iowa','Food cientists and Technologist','+1-615-796-9987',NULL,NULL),(1107,'Mr. Gianni Aufderhar',21996,1,'14/09/1985','Louisiana','Physical Scientist','260.347.5424 x2164',NULL,NULL),(1108,'Bonnie Howe PhD',21996,2,'02/12/1975','Alabama','Brazing Machine Operator','791-653-2163',NULL,NULL),(1109,'Brandt Mosciski V',21997,1,'13/06/1979','Mississippi','Carpenter Assembler and Repairer','498.787.9368 x020',NULL,NULL),(1110,'Kacie Russel',21997,2,'18/12/1971','Minnesota','Aviation Inspector','+1-547-416-6486',NULL,NULL),(1111,'Damaris Hane',21998,1,'04/02/1978','Minnesota','Detective','967.253.7222',NULL,NULL),(1112,'Stephanie Mante',21998,2,'09/08/1987','North Carolina','Gas Processing Plant Operator','+1-531-998-6973',NULL,NULL),(1113,'Malcolm Romaguera V',21999,1,'05/12/1975','Maryland','Online Marketing Analyst','314.690.0243 x6346',NULL,NULL),(1114,'Prof. Angie Hoeger V',21999,3,'16/04/1986','Indiana','Industrial Production Manager','496-724-1037 x17589',NULL,NULL),(1115,'Gabe Gerhold',22000,1,'19/02/1973','Alabama','Product Safety Engineer','(592) 716-1667',NULL,NULL),(1116,'Rene Bayer',22000,3,'22/06/1979','Kansas','Hand Presser','427.277.0475',NULL,NULL),(1117,'Rhea Terry',22001,1,'07/01/1965','Wyoming','Forming Machine Operator','602.912.8344',NULL,NULL),(1118,'Mitchell Nitzsche MD',22001,2,'22/09/1973','Utah','Hazardous Materials Removal Worker','(213) 704-3397 x45528',NULL,NULL),(1119,'Prof. Kristoffer Luettgen Sr.',22002,1,'08/01/1960','North Dakota','Computer Operator','+1-478-921-6358',NULL,NULL),(1120,'Vilma Hackett',22002,3,'22/10/1980','Illinois','Roustabouts','1-856-845-7192',NULL,NULL),(1121,'Prof. Zachary Schroeder III',22003,1,'10/08/1972','Rhode Island','Nutritionist','1-489-577-4904 x31311',NULL,NULL),(1122,'Rick Effertz',22003,2,'27/01/1966','Pennsylvania','Obstetrician','+1 (504) 767-7157',NULL,NULL),(1123,'Floy Skiles',22004,1,'26/05/1969','Missouri','General Manager','(805) 926-7144 x026',NULL,NULL),(1124,'Miss Wendy Pfeffer DVM',22004,3,'13/06/1985','Michigan','Postsecondary Education Administrators','540.704.1497',NULL,NULL),(1125,'Mozell Kautzer PhD',22005,1,'07/02/1979','Connecticut','CFO','1-525-934-5852 x7989',NULL,NULL),(1126,'Kaycee Hane',22005,3,'12/11/1979','Maryland','Marine Oiler','1-784-750-5020 x91010',NULL,NULL),(1127,'Cody Johnson',22006,1,'21/03/1981','New Mexico','Fashion Model','1-972-475-2015 x35738',NULL,NULL),(1128,'Maximillia Weissnat II',22006,3,'13/12/1964','New Hampshire','Mental Health Counselor','+1 (414) 548-6871',NULL,NULL),(1129,'Kari Stracke',22007,1,'22/10/1961','Florida','Interpreter OR Translator','721.551.2146 x85342',NULL,NULL),(1130,'Mr. Jameson Ruecker',22007,3,'17/05/1980','Illinois','Home Health Aide','+1-673-867-9075',NULL,NULL),(1131,'Ms. Katrina Kerluke MD',22008,1,'03/04/1969','Utah','Machine Operator','(904) 630-1761 x228',NULL,NULL),(1132,'Mrs. Vergie O\'Hara IV',22008,2,'07/06/1966','Georgia','Roofer','+1-368-274-4811',NULL,NULL),(1133,'Marina Mueller',22009,1,'28/03/1990','New Jersey','Education Administrator','954-954-1472',NULL,NULL),(1134,'Jamey Medhurst',22009,2,'09/04/1966','New York','Postal Service Mail Sorter','1-881-364-0557',NULL,NULL),(1135,'Emma Keeling',22010,1,'10/04/1968','Illinois','Grips','(256) 625-2729',NULL,NULL),(1136,'Prof. Tiara Murray Jr.',22010,2,'03/09/1967','Virginia','Philosophy and Religion Teacher','+1.513.670.9969',NULL,NULL),(1137,'Miss Marie Kassulke Sr.',22011,1,'28/12/1965','Illinois','Textile Knitting Machine Operator','1-845-278-7567 x834',NULL,NULL),(1138,'Ressie Effertz',22011,3,'24/04/1967','District of Columbia','Substance Abuse Social Worker','709.471.4333 x17217',NULL,NULL),(1139,'Dylan Parisian',22012,1,'21/03/1988','Connecticut','Ship Mates','269.564.7308 x78653',NULL,NULL),(1140,'Leopoldo Hermiston',22012,3,'08/11/1973','Texas','School Bus Driver','1-612-646-4394',NULL,NULL),(1141,'Samanta Boehm',22013,1,'08/12/1985','South Dakota','User Experience Researcher','238-656-1946 x60217',NULL,NULL),(1142,'Prof. Vincenzo Schulist',22013,2,'10/02/1960','Arkansas','Computer','1-964-395-0013 x03726',NULL,NULL),(1143,'Olen Yost',22014,1,'23/12/1989','Washington','Tank Car','664.855.5537 x894',NULL,NULL),(1144,'Miss Eryn Luettgen',22014,2,'18/11/1969','Maine','Landscaper','1-413-253-6551 x04115',NULL,NULL),(1145,'Mr. Humberto Reichel DDS',22015,1,'07/10/1962','Tennessee','Graduate Teaching Assistant','1-923-630-2084 x778',NULL,NULL),(1146,'Dr. Garrison Emard',22015,2,'14/03/1973','New Hampshire','Central Office and PBX Installers','662.414.8649',NULL,NULL),(1147,'Abdullah Kuhic',22016,1,'11/04/1989','Pennsylvania','Hydrologist','+1-480-848-3833',NULL,NULL),(1148,'Rene Luettgen',22016,3,'01/08/1981','Louisiana','Maid','+1-474-701-0388',NULL,NULL),(1149,'Miss Ida Koepp DDS',22017,1,'28/01/1964','Delaware','Home Appliance Installer','705-730-6814 x47898',NULL,NULL),(1150,'Miss Ida Leuschke MD',22017,2,'25/02/1968','Wisconsin','Sheet Metal Worker','1-593-217-3150 x272',NULL,NULL),(1151,'Naomi Skiles',22018,1,'11/06/1971','Nevada','Hand Trimmer','302.848.1161 x07434',NULL,NULL),(1152,'Ms. Abagail Ledner',22018,2,'11/06/1968','Arizona','Title Searcher','1-498-347-0725 x956',NULL,NULL),(1153,'Prof. Ephraim King PhD',22019,1,'01/09/1977','Florida','Materials Inspector','310-976-6468',NULL,NULL),(1154,'Ella Block',22019,3,'10/05/1970','Hawaii','Material Movers','654-641-2057 x2179',NULL,NULL),(1155,'Dr. Roxane Kub III',22020,1,'17/01/1987','Alaska','Stonemason','(431) 644-4384 x38459',NULL,NULL),(1156,'Genesis Quigley',22020,2,'05/08/1979','Illinois','Transportation Equipment Painters','368.556.4270 x302',NULL,NULL),(1157,'Else Grimes',22021,1,'29/06/1975','Pennsylvania','Veterinary Technician','1-430-919-1773 x77274',NULL,NULL),(1158,'Oscar Senger',22021,3,'22/12/1984','Maryland','Bus Driver','758.363.3031',NULL,NULL),(1159,'Miss Lindsay Osinski',22022,1,'19/11/1980','Oklahoma','Postal Clerk','894-853-1949',NULL,NULL),(1160,'Ariane Keeling',22022,3,'17/12/1977','Georgia','Locomotive Engineer','815-949-8369',NULL,NULL),(1161,'Casimir Terry',22023,1,'23/08/1988','Connecticut','Chemical Equipment Controller','+16083038274',NULL,NULL),(1162,'Zetta Roberts',22023,3,'09/08/1973','District of Columbia','School Social Worker','436.977.9400 x117',NULL,NULL),(1163,'Lucienne Lemke',22024,1,'12/03/1977','Oklahoma','Communication Equipment Worker','(413) 341-3923 x4591',NULL,NULL),(1164,'Dr. Bulah Bogisich',22024,3,'07/01/1971','Vermont','Flight Attendant','+1.343.935.4964',NULL,NULL),(1165,'Vallie Hamill',22025,1,'20/02/1987','Indiana','Pipelaying Fitter','963.549.3995',NULL,NULL),(1166,'Thelma Stoltenberg',22025,2,'18/08/1986','Ohio','Brazing Machine Operator','1-392-237-6336 x40254',NULL,NULL),(1167,'Mr. Valentin Marks',22026,1,'14/01/1975','Rhode Island','Reporters OR Correspondent','339-675-0949 x973',NULL,NULL),(1168,'Dr. Joe Fahey IV',22026,3,'23/05/1961','Vermont','Dental Laboratory Technician','217.775.3120',NULL,NULL),(1169,'Cristina Hoppe',22027,1,'15/08/1987','Arizona','Shipping and Receiving Clerk','+1.325.389.7159',NULL,NULL),(1170,'Verla Beahan I',22027,3,'21/04/1983','Virginia','Library Technician','+1-387-435-4425',NULL,NULL),(1171,'Reynold Windler',22028,1,'22/10/1974','Louisiana','Command Control Center Specialist','440.515.8161 x38289',NULL,NULL),(1172,'Ottilie Borer',22028,3,'12/07/1978','Hawaii','Fashion Designer','+1 (460) 714-3276',NULL,NULL),(1173,'Dr. Mellie Williamson V',22029,1,'12/06/1987','Utah','Recreational Therapist','995-535-6402 x9671',NULL,NULL),(1174,'Cecilia Cummings MD',22029,2,'04/10/1967','Maine','Dental Laboratory Technician','1-613-783-7261 x4333',NULL,NULL),(1175,'Braden Konopelski',22030,1,'21/11/1960','Nevada','Medical Assistant','1-682-215-2197 x14751',NULL,NULL),(1176,'Murl Toy',22030,2,'03/09/1965','Utah','Gaming Cage Worker','642-815-7162 x4158',NULL,NULL),(1177,'Drake Koelpin',22031,1,'05/01/1983','Idaho','Order Filler','+1.369.881.7327',NULL,NULL),(1178,'Zoey Huel',22031,3,'29/08/1987','South Carolina','Network Admin OR Computer Systems Administrator','830-424-8099 x55465',NULL,NULL),(1179,'Clemmie Bode',22032,1,'31/03/1973','Rhode Island','Order Filler','(583) 236-6655 x9521',NULL,NULL),(1180,'Jesse Schneider',22032,3,'16/10/1974','New Mexico','Social Work Teacher','442.627.7814 x99623',NULL,NULL),(1181,'Timmothy Willms I',22033,1,'25/11/1974','New Mexico','Heating and Air Conditioning Mechanic','379.332.5122',NULL,NULL),(1182,'Blanche Mraz',22033,2,'06/12/1966','Iowa','Nuclear Engineer','913-202-6811 x79618',NULL,NULL),(1183,'Lexie Hahn',22034,1,'15/12/1988','Hawaii','Mixing and Blending Machine Operator','887-521-7073 x2312',NULL,NULL),(1184,'Devon Waelchi V',22034,2,'30/08/1986','Rhode Island','Atmospheric and Space Scientist','290.262.3937 x55778',NULL,NULL),(1185,'Ellsworth Rempel',22035,1,'07/02/1970','Iowa','Marine Architect','925.712.8405',NULL,NULL),(1186,'London Pouros',22035,3,'14/05/1984','New Hampshire','Costume Attendant','(231) 233-8350 x8312',NULL,NULL),(1187,'Lon Haley',22036,1,'02/07/1988','Nebraska','Vice President Of Human Resources','+1-220-617-3638',NULL,NULL),(1188,'Alexandre Hickle PhD',22036,3,'15/08/1979','Iowa','Door To Door Sales','743-755-6277 x446',NULL,NULL),(1189,'Jessy Reynolds',22037,1,'05/05/1966','Virginia','Machine Feeder','1-207-344-9088',NULL,NULL),(1190,'Mr. Major Murphy DDS',22037,2,'20/08/1977','Colorado','Interpreter OR Translator','405.979.8060',NULL,NULL),(1191,'Prof. Tyreek Towne',22038,1,'13/04/1970','South Carolina','Tool Sharpener','1-280-476-6287',NULL,NULL),(1192,'Yessenia Kutch',22038,3,'22/05/1973','Texas','First-Line Supervisor-Manager of Landscaping, Lawn Service, and Groundskeeping Worker','829.637.5607 x2502',NULL,NULL),(1193,'Mrs. Marisol Bergnaum',22039,1,'24/11/1986','Louisiana','Welder','+1-606-258-0304',NULL,NULL),(1194,'Michel Padberg',22039,3,'31/08/1961','Hawaii','Gas Pumping Station Operator','680.380.6138',NULL,NULL),(1195,'Harmony Schowalter',22040,1,'16/01/1984','Tennessee','Business Operations Specialist','975.290.9795',NULL,NULL),(1196,'Dr. Donald Funk',22040,2,'02/06/1967','New York','Silversmith','+1 (664) 790-2840',NULL,NULL),(1197,'Beulah McLaughlin',22041,1,'05/10/1964','Nevada','Computer-Controlled Machine Tool Operator','+1 (332) 255-5847',NULL,NULL),(1198,'Prof. Grayce Murray',22041,2,'29/10/1978','Vermont','Skin Care Specialist','653.734.4526',NULL,NULL),(1199,'Dr. Lucio Schumm',22042,1,'20/04/1988','District of Columbia','Multiple Machine Tool Setter','(281) 257-0224 x127',NULL,NULL),(1200,'Dr. Liam Haley Jr.',22042,3,'03/05/1986','North Carolina','Stevedore','(648) 388-7915 x6996',NULL,NULL),(1201,'Alisa Flatley III',22043,1,'18/01/1965','Montana','Marine Architect','1-292-947-3162',NULL,NULL),(1202,'Cydney Hoppe',22043,2,'15/09/1980','Minnesota','Screen Printing Machine Operator','+1 (623) 408-6481',NULL,NULL),(1203,'Dr. Mckenna Rogahn',22044,1,'24/07/1975','Oregon','Aircraft Assembler','1-358-700-8336',NULL,NULL),(1204,'Gordon Maggio',22044,3,'31/04/1990','West Virginia','Occupational Therapist Assistant','746-636-0745 x654',NULL,NULL),(1205,'Mr. Cruz Hodkiewicz',22045,1,'05/04/1983','Arkansas','Marking Clerk','1-597-339-1260',NULL,NULL),(1206,'Prof. Jaqueline Abbott I',22045,3,'15/05/1961','Ohio','Architectural Drafter OR Civil Drafter','+1-653-721-5579',NULL,NULL),(1207,'Khalil Reilly Sr.',22046,1,'21/02/1985','Connecticut','Recreation Worker','(623) 815-7399 x2798',NULL,NULL),(1208,'Matt Cronin',22046,2,'03/04/1976','Michigan','Environmental Engineering Technician','1-561-210-9370 x8996',NULL,NULL),(1209,'Mr. Jamarcus Hartmann',22047,1,'29/01/1975','Washington','Nursery Worker','238.455.1782 x656',NULL,NULL),(1210,'Miss Aimee Bartoletti',22047,3,'19/10/1964','Arkansas','Farm Labor Contractor','945-709-3535',NULL,NULL),(1211,'Mr. Major Fay PhD',22048,1,'05/03/1988','Nebraska','Government Property Inspector','+1-510-664-4401',NULL,NULL),(1212,'Josefa Upton',22048,3,'17/01/1990','South Carolina','Mathematical Scientist','1-830-737-9602',NULL,NULL),(1213,'Henry Mueller Jr.',22049,1,'22/01/1964','Missouri','Computer Systems Analyst','1-745-341-2319',NULL,NULL),(1214,'Percival Nikolaus',22049,2,'02/06/1967','New York','Manager of Weapons Specialists','838.383.4352 x97442',NULL,NULL),(1215,'Mrs. Sally Cummings',22050,1,'26/10/1982','Wisconsin','Computer Specialist','243.356.5253 x64298',NULL,NULL),(1216,'Joanne Rempel',22050,3,'28/12/1971','Florida','Distribution Manager','817.457.4490 x78124',NULL,NULL),(1217,'Mr. Roscoe Treutel',22051,1,'22/08/1980','South Carolina','Refinery Operator','(693) 693-7820 x9207',NULL,NULL),(1218,'Kaylie Wyman',22051,2,'21/09/1978','Arkansas','Electrical Parts Reconditioner','1-420-312-2458 x365',NULL,NULL),(1219,'Dr. Nelle Heller I',22052,1,'11/08/1973','Montana','Watch Repairer','(437) 887-6420',NULL,NULL),(1220,'Mrs. Laisha Bins Sr.',22052,3,'05/10/1987','Wisconsin','Automotive Glass Installers','+1 (476) 428-1516',NULL,NULL),(1221,'Ms. Sister Schmeler IV',22053,1,'10/05/1983','North Carolina','Photographic Processing Machine Operator','(625) 397-0542',NULL,NULL),(1222,'Anika O\'Connell V',22053,2,'20/10/1988','North Dakota','Producers and Director','272-622-2924 x15956',NULL,NULL),(1223,'Hiram Batz',22054,1,'10/10/1982','Texas','Laundry OR Dry-Cleaning Worker','273-546-7058',NULL,NULL),(1224,'Isidro Veum',22054,2,'21/06/1984','Massachusetts','Mail Machine Operator','540.781.4816 x62503',NULL,NULL),(1225,'Jeramy Bosco',22055,1,'09/12/1988','District of Columbia','Gas Processing Plant Operator','242-310-9401 x094',NULL,NULL),(1226,'Vergie Muller',22055,3,'24/05/1975','Indiana','Separating Machine Operators','(568) 978-3442 x53884',NULL,NULL),(1227,'Immanuel Treutel',22056,1,'25/06/1990','New Hampshire','Airline Pilot OR Copilot OR Flight Engineer','(941) 712-8926 x382',NULL,NULL),(1228,'Marjory Bins',22056,2,'08/06/1986','Illinois','Stone Cutter','241.642.1842 x2325',NULL,NULL),(1229,'Catharine Schimmel',22057,1,'31/08/1982','Nebraska','Textile Dyeing Machine Operator','316-684-2787 x5973',NULL,NULL),(1230,'Dr. Aurelio Gleason',22057,2,'26/12/1972','Wisconsin','Office and Administrative Support Worker','282.693.5564 x642',NULL,NULL),(1231,'Prof. Courtney Greenfelder',22058,1,'12/12/1977','Illinois','Merchandise Displayer OR Window Trimmer','872-801-5977 x9615',NULL,NULL),(1232,'Prof. Citlalli Erdman DVM',22058,2,'08/06/1979','Missouri','Counseling Psychologist','773.966.1372 x743',NULL,NULL),(1233,'Lonny Paucek',22059,1,'30/02/1962','Wyoming','Computer-Controlled Machine Tool Operator','(409) 591-8906 x604',NULL,NULL),(1234,'Maynard Kub',22059,2,'10/07/1987','New Jersey','Financial Examiner','368-782-8158 x0145',NULL,NULL),(1235,'Prof. Glen Wunsch',22060,1,'22/10/1990','Idaho','Forensic Investigator','+1.535.303.1023',NULL,NULL),(1236,'Ova Predovic',22060,3,'22/12/1977','Colorado','Battery Repairer','937-862-3393',NULL,NULL),(1237,'Mr. Kane Tremblay MD',22061,1,'23/02/1975','Minnesota','Singer','317.474.3488 x56922',NULL,NULL),(1238,'Sherman Stracke',22061,3,'29/09/1974','West Virginia','Computer Systems Analyst','1-784-287-5481 x345',NULL,NULL),(1239,'Mr. Alexzander Murphy IV',22062,1,'11/07/1970','District of Columbia','Auditor','1-735-337-9511',NULL,NULL),(1240,'Mr. Jamal Windler',22062,2,'24/05/1971','Colorado','Security Guard','+1 (325) 520-7090',NULL,NULL),(1241,'Shawna Yundt',22063,1,'14/11/1971','Georgia','Paperhanger','664-234-4998 x73909',NULL,NULL),(1242,'Dr. Janiya Hodkiewicz IV',22063,3,'22/02/1968','Pennsylvania','Molding Machine Operator','+13603659707',NULL,NULL),(1243,'Miss Delfina Wintheiser III',22064,1,'18/10/1970','Montana','Steel Worker','+1.510.306.6797',NULL,NULL),(1244,'Mrs. Leann Hudson DVM',22064,2,'07/09/1965','Maryland','Food cientists and Technologist','(506) 703-2936 x3211',NULL,NULL),(1245,'Frank Abshire',22065,1,'11/01/1964','Indiana','Transportation Manager','781-964-1039',NULL,NULL),(1246,'Dr. Jazlyn Fritsch Jr.',22065,3,'04/02/1970','Illinois','Real Estate Appraiser','745.317.8743 x47258',NULL,NULL),(1247,'Hershel Mohr Sr.',22066,1,'29/01/1982','Arizona','Railroad Yard Worker','1-245-745-4594 x2731',NULL,NULL),(1248,'Elissa Walsh',22066,3,'19/03/1987','Nevada','Metal Molding Operator','240-731-6577',NULL,NULL),(1249,'Candida Lockman',22067,1,'24/11/1979','Florida','Self-Enrichment Education Teacher','710.297.9721 x4470',NULL,NULL),(1250,'Sonia Powlowski',22067,3,'09/09/1983','South Dakota','Real Estate Appraiser','1-678-560-9136 x9596',NULL,NULL),(1251,'Samanta Rodriguez',22068,1,'27/10/1972','New Mexico','Materials Engineer','+19682393292',NULL,NULL),(1252,'Prof. Greg Balistreri III',22068,3,'04/05/1970','Louisiana','School Social Worker','1-525-690-4712',NULL,NULL),(1253,'Eve Larkin',22069,1,'25/03/1965','Maine','Roustabouts','648.580.4932',NULL,NULL),(1254,'Mr. Jerrod Leannon MD',22069,2,'15/03/1987','Rhode Island','Computer Specialist','(595) 863-0258 x867',NULL,NULL),(1255,'Jayde Toy',22070,1,'28/09/1986','Florida','Continuous Mining Machine Operator','490.473.4571',NULL,NULL),(1256,'Mr. Jarod O\'Keefe',22070,3,'23/06/1978','Wisconsin','Credit Checker','+1-914-595-2867',NULL,NULL),(1257,'Daphney Zemlak',22071,1,'10/10/1962','Colorado','Flight Attendant','1-486-290-2242',NULL,NULL),(1258,'Teresa Franecki IV',22071,2,'05/04/1984','North Carolina','Cartoonist','1-643-970-0452',NULL,NULL),(1259,'Beatrice Brakus',22072,1,'29/08/1964','Vermont','Biologist','(861) 229-8208',NULL,NULL),(1260,'Adelle Wiegand',22072,3,'23/09/1965','Rhode Island','Costume Attendant','+1.714.984.2503',NULL,NULL),(1261,'Rachelle Robel',22073,1,'08/01/1980','New Jersey','Computer Hardware Engineer','(818) 405-5045 x9520',NULL,NULL),(1262,'Marcelle Daniel',22073,2,'09/05/1970','Texas','Coremaking Machine Operator','1-837-401-5056 x2324',NULL,NULL),(1263,'Rylan Wunsch',22074,1,'26/03/1973','California','Gas Compressor Operator','680-923-1965',NULL,NULL),(1264,'Sibyl Daniel',22074,2,'03/07/1971','Iowa','Cabinetmaker','+1 (815) 564-6724',NULL,NULL),(1265,'Abdul Hermann',22075,1,'19/06/1977','South Carolina','Communication Equipment Worker','(973) 825-7589 x700',NULL,NULL),(1266,'Prof. Westley Braun III',22075,3,'12/01/1973','Texas','Potter','+1-858-378-5962',NULL,NULL),(1267,'Dr. Mckenna Corwin',22076,1,'01/11/1989','Wyoming','Automotive Master Mechanic','(260) 691-2448 x605',NULL,NULL),(1268,'Gage Jacobi',22076,2,'10/05/1972','Oregon','ccc','(260) 245-4551 x400',NULL,NULL),(1269,'Cody Simonis Jr.',22077,1,'03/11/1962','Florida','Political Scientist','(442) 363-5589',NULL,NULL),(1270,'Serena Christiansen',22077,3,'10/02/1974','California','Secretary','(550) 613-4721 x08111',NULL,NULL),(1271,'Torrey Sipes',22078,1,'28/12/1977','Minnesota','Machinist','341-737-2465 x8106',NULL,NULL),(1272,'Vincent Roob',22078,2,'26/05/1980','Maine','Editor','+1 (901) 627-1739',NULL,NULL),(1273,'Elsie Klocko',22079,1,'29/01/1969','Oregon','Mechanical Door Repairer','956.557.7886',NULL,NULL),(1274,'Camren Sipes',22079,3,'03/04/1967','Michigan','Punching Machine Setters','484.650.3663 x7334',NULL,NULL),(1275,'Ms. Genesis Terry',22080,1,'01/02/1982','Indiana','Steel Worker','(451) 649-3516',NULL,NULL),(1276,'Elmer Wolff',22080,2,'09/03/1963','Iowa','Drafter','1-957-258-1418 x9025',NULL,NULL),(1277,'Hollie Fay',22081,1,'05/03/1975','Rhode Island','Police Identification OR Records Officer','831-234-4752 x6726',NULL,NULL),(1278,'Glennie Wehner II',22081,2,'24/07/1977','Indiana','Mold Maker','295-774-5626',NULL,NULL),(1279,'Lisa Abshire',22082,1,'23/08/1988','Wisconsin','Head Nurse','221-696-1304',NULL,NULL),(1280,'Daija Blanda',22082,2,'29/04/1971','New Jersey','Airfield Operations Specialist','+1-954-241-8060',NULL,NULL),(1281,'Travis Rogahn',22083,1,'09/06/1964','Virginia','Grinding Machine Operator','1-989-654-3609 x7648',NULL,NULL),(1282,'Prof. Justyn Daugherty',22083,3,'24/08/1967','South Carolina','Welder','+1-378-213-1117',NULL,NULL),(1283,'Jameson Graham',22084,1,'17/06/1986','South Carolina','Environmental Compliance Inspector','670-785-8865',NULL,NULL),(1284,'Bobby Senger',22084,3,'22/08/1960','Oregon','Underground Mining','1-943-267-6530',NULL,NULL),(1285,'Kayli Kessler',22085,1,'26/07/1973','Louisiana','Commercial Pilot','+17403248290',NULL,NULL),(1286,'Verona Padberg',22085,2,'02/03/1973','Idaho','Diamond Worker','921-774-3305 x40213',NULL,NULL),(1287,'Christy Kuvalis',22086,1,'02/02/1981','Ohio','Marine Engineer','567-799-5582',NULL,NULL),(1288,'Niko Veum',22086,2,'16/09/1986','Ohio','Career Counselor','586-953-0531 x51372',NULL,NULL),(1289,'Geo Gerhold',22087,1,'23/05/1970','District of Columbia','Law Clerk','782.487.1297',NULL,NULL),(1290,'Lacey Schmitt DVM',22087,3,'26/03/1988','New Jersey','Laundry OR Dry-Cleaning Worker','+14737515298',NULL,NULL),(1291,'Prof. Alvina Huel DDS',22088,1,'29/07/1969','Arizona','Clinical Laboratory Technician','246-379-5521',NULL,NULL),(1292,'Jayme Lemke',22088,3,'15/10/1966','Rhode Island','Parts Salesperson','+1-203-248-8962',NULL,NULL),(1293,'Noah Rempel',22089,1,'02/12/1988','Oklahoma','Food Servers','+1 (656) 594-1969',NULL,NULL),(1294,'Amparo McGlynn DDS',22089,3,'08/01/1970','Minnesota','Auxiliary Equipment Operator','1-779-341-1861 x80988',NULL,NULL),(1295,'Mr. Michael Collins',22090,1,'28/01/1975','Alaska','Metal Fabricator','(930) 996-5842',NULL,NULL),(1296,'Prof. Amie Bailey',22090,3,'31/08/1962','Georgia','Mechanical Inspector','+1-437-702-0769',NULL,NULL),(1297,'Catherine Ondricka',22091,1,'06/10/1979','Rhode Island','Respiratory Therapy Technician','848.347.9415 x785',NULL,NULL),(1298,'Jorge Cassin',22091,2,'06/10/1971','Pennsylvania','Grinder OR Polisher','838-303-7781 x039',NULL,NULL),(1299,'Darrion Altenwerth',22092,1,'02/09/1972','Alaska','Bookkeeper','+1-589-812-3246',NULL,NULL),(1300,'Juliana Zieme',22092,2,'18/08/1973','North Dakota','Precision Instrument Repairer','470-498-1990 x2074',NULL,NULL),(1301,'Sidney Padberg',22093,1,'17/07/1975','Connecticut','Hunter and Trapper','909.743.4284 x8293',NULL,NULL),(1302,'Kelton Gislason',22093,2,'02/12/1961','California','Product Management Leader','769-370-7934 x294',NULL,NULL),(1303,'Kennith Nader',22094,1,'15/11/1975','New Hampshire','Nuclear Engineer','304-740-6715',NULL,NULL),(1304,'Jace Reinger',22094,2,'29/08/1973','Connecticut','Directory Assistance Operator','(597) 637-8631 x175',NULL,NULL),(1305,'Jerrell Wisozk',22095,1,'30/04/1971','South Carolina','Radar Technician','579.386.5199',NULL,NULL),(1306,'Samantha Lubowitz',22095,2,'07/10/1962','Kentucky','Stripper','707-877-4524',NULL,NULL),(1307,'Paula Kunze DDS',22096,1,'08/02/1962','North Dakota','Telecommunications Facility Examiner','(450) 835-1320',NULL,NULL),(1308,'Clifton Stamm',22096,3,'06/08/1983','Massachusetts','Electronic Engineering Technician','980.363.1921 x6590',NULL,NULL),(1309,'Lue Ziemann DDS',22097,1,'28/04/1965','Louisiana','Pipelayer','+17296026878',NULL,NULL),(1310,'Jannie Ziemann',22097,3,'06/12/1987','Virginia','Gauger','708.907.6639 x92804',NULL,NULL),(1311,'Prof. Maddison Hirthe MD',22098,1,'12/11/1971','New York','Anthropology Teacher','1-990-340-2413 x79851',NULL,NULL),(1312,'Mr. Gaetano Smitham Jr.',22098,2,'16/08/1984','New Mexico','Hunter and Trapper','(676) 590-5788 x91556',NULL,NULL),(1313,'Emmy Howell',22099,1,'09/06/1968','Georgia','Mapping Technician','1-252-215-2745 x4840',NULL,NULL),(1314,'Kaleigh Volkman',22099,3,'16/06/1962','New Hampshire','Tile Setter OR Marble Setter','1-261-437-1298',NULL,NULL),(1315,'Lila Kshlerin DDS',22100,1,'17/03/1984','Washington','Substation Maintenance','667-499-5249',NULL,NULL),(1316,'Prof. Giovanny Hoppe Jr.',22100,3,'17/05/1987','Nebraska','Insulation Worker','951.427.6876 x19335',NULL,NULL),(1317,'Sandy Nolan',22101,1,'29/11/1976','Vermont','Cutting Machine Operator','972.340.0344',NULL,NULL),(1318,'Michale Smith',22101,2,'28/07/1977','Minnesota','Civil Drafter','(740) 351-3979 x733',NULL,NULL),(1319,'Catharine Grimes',22102,1,'21/07/1967','New Mexico','Travel Guide','438-325-0264',NULL,NULL),(1320,'Evangeline Balistreri',22102,3,'27/10/1979','Virginia','Environmental Compliance Inspector','1-959-234-5356',NULL,NULL),(1321,'Murl Labadie',22103,1,'19/12/1980','Illinois','Grinder OR Polisher','1-851-320-4998 x94714',NULL,NULL),(1322,'Miss Nadia Zemlak DDS',22103,3,'22/05/1988','Oklahoma','Forest Fire Inspector','(908) 641-8461',NULL,NULL),(1323,'Jacklyn Toy',22104,1,'26/12/1972','Arkansas','Space Sciences Teacher','810-753-0139 x4989',NULL,NULL),(1324,'Billy Bartoletti V',22104,2,'25/06/1990','Rhode Island','Fish Game Warden','(345) 570-6325',NULL,NULL),(1325,'Ms. Alison Rolfson',22105,1,'20/05/1976','Tennessee','Social Work Teacher','296-257-9162 x8105',NULL,NULL),(1326,'Eddie Stoltenberg',22105,3,'16/12/1973','Maine','Freight Inspector','(742) 884-5807',NULL,NULL),(1327,'Kathleen Bins PhD',22106,1,'14/09/1984','Hawaii','Electrician','268.886.5553 x145',NULL,NULL),(1328,'Dr. Okey Gorczany',22106,2,'05/03/1983','Maine','Occupational Therapist Aide','535-774-0892 x23957',NULL,NULL),(1329,'Mabelle Hilll',22107,1,'15/09/1969','Iowa','Gauger','+1-915-531-9299',NULL,NULL),(1330,'Prof. Andre Little DDS',22107,3,'21/10/1979','California','Musical Instrument Tuner','1-825-357-1089 x470',NULL,NULL),(1331,'Dusty Dare',22108,1,'23/09/1969','Indiana','Ship Carpenter and Joiner','+1-510-789-1614',NULL,NULL),(1332,'Vergie Thompson III',22108,3,'19/10/1981','Michigan','State','951-595-7073',NULL,NULL),(1333,'Mr. Arden Balistreri',22109,1,'21/06/1983','District of Columbia','Transportation Worker','1-582-363-5801',NULL,NULL),(1334,'Hertha Schulist',22109,2,'23/08/1967','Missouri','Fabric Mender','1-357-859-0724 x048',NULL,NULL),(1335,'Zetta Johnson',22110,1,'09/04/1965','Colorado','Library Science Teacher','(426) 506-9919',NULL,NULL),(1336,'Emmanuel Murray',22110,3,'11/08/1980','Washington','Real Estate Appraiser','684-782-4655 x03349',NULL,NULL),(1337,'Dr. Linnie Waters IV',22111,1,'24/12/1975','Wisconsin','Plant and System Operator','+1-991-401-4331',NULL,NULL),(1338,'Eriberto Senger',22111,2,'12/01/1982','Hawaii','Postmasters','(701) 226-2271 x91484',NULL,NULL),(1339,'Ms. Anya Hyatt Sr.',22112,1,'09/12/1973','Nebraska','Agricultural Crop Farm Manager','+1-429-380-4053',NULL,NULL),(1340,'Keon Ondricka',22112,3,'28/06/1964','Texas','Sailor','+1-739-934-2114',NULL,NULL),(1341,'Wiley Ward Sr.',22113,1,'07/05/1967','Virginia','Coaches and Scout','238-275-8311 x583',NULL,NULL),(1342,'Dr. Elsie Howe III',22113,3,'16/11/1968','Oklahoma','Computer Support Specialist','(309) 244-2064 x2288',NULL,NULL),(1343,'Clotilde Jacobs',22114,1,'05/02/1961','Texas','Tool Sharpener','453.492.5941 x63525',NULL,NULL),(1344,'Prof. Mollie Hintz',22114,3,'21/10/1966','Kentucky','Bench Jeweler','(474) 252-0553 x7629',NULL,NULL),(1345,'Ms. Shakira Hilpert III',22115,1,'25/03/1960','Oklahoma','Mechanical Engineering Technician','730-739-4908 x065',NULL,NULL),(1346,'Retta Powlowski',22115,2,'07/06/1967','Maryland','Patrol Officer','747-436-4860 x458',NULL,NULL),(1347,'Madie Kub',22116,1,'02/01/1965','Kansas','Interviewer','238.886.1258 x22530',NULL,NULL),(1348,'Maurine Waters',22116,3,'27/05/1960','Oregon','Manager of Weapons Specialists','262-980-6239 x987',NULL,NULL),(1349,'Prof. Milford Macejkovic I',22117,1,'02/05/1974','Alabama','Sheriff','1-707-353-4964',NULL,NULL),(1350,'Mrs. Maryam Cartwright V',22117,2,'04/10/1969','Oklahoma','Auditor','527-970-3895',NULL,NULL),(1351,'Dr. Geo Koss',22118,1,'22/07/1976','Tennessee','Commercial and Industrial Designer','(817) 524-3418 x4431',NULL,NULL),(1352,'Prof. Octavia Quitzon',22118,2,'14/02/1985','Vermont','Preschool Education Administrators','242.800.2740 x184',NULL,NULL),(1353,'Mr. Godfrey Little I',22119,1,'06/12/1963','Louisiana','Traffic Technician','+1 (790) 526-5993',NULL,NULL),(1354,'Prof. Dangelo Corkery I',22119,3,'02/01/1983','Utah','Aircraft Structure Assemblers','803-875-4321 x360',NULL,NULL),(1355,'Mellie Ferry',22120,1,'05/03/1974','Virginia','Engineering','(271) 220-2982',NULL,NULL),(1356,'Jonas Gutkowski',22120,3,'19/05/1974','Montana','Medical Records Technician','1-324-488-0932',NULL,NULL),(1357,'Marques Hane IV',22121,1,'09/05/1975','Kentucky','Brickmason','1-513-596-9155 x797',NULL,NULL),(1358,'Vilma Greenfelder',22121,2,'06/01/1979','Maine','Textile Dyeing Machine Operator','(503) 765-2723 x913',NULL,NULL),(1359,'Prof. Cole O\'Kon Jr.',22122,1,'18/12/1969','Oregon','Claims Taker','806.231.1246 x8760',NULL,NULL),(1360,'Matilda Oberbrunner',22122,2,'18/03/1972','Florida','Psychology Teacher','1-995-716-5582',NULL,NULL),(1361,'Jaclyn Konopelski',22123,1,'27/12/1978','Massachusetts','Emergency Medical Technician and Paramedic','1-901-835-1906',NULL,NULL),(1362,'Nicholas Monahan',22123,3,'03/03/1966','Ohio','Petroleum Pump System Operator','910-303-0626 x90692',NULL,NULL),(1363,'Prof. Michel Gutkowski I',22124,1,'22/12/1980','North Dakota','Coating Machine Operator','(906) 629-6889 x887',NULL,NULL),(1364,'Ruben Ernser',22124,2,'14/06/1964','Oregon','CTO','1-245-320-3272 x8822',NULL,NULL),(1365,'Prof. Reed Kuvalis',22125,1,'12/01/1987','Alabama','Mental Health Counselor','912-251-8867',NULL,NULL),(1366,'Bernita Schamberger',22125,3,'28/10/1961','Maine','Drilling and Boring Machine Tool Setter','564-427-6201',NULL,NULL),(1367,'Jaeden Kris',22126,1,'10/05/1977','Georgia','Heavy Equipment Mechanic','(396) 678-5557 x223',NULL,NULL),(1368,'Mrs. Tia Balistreri',22126,2,'06/03/1971','Montana','Paralegal','+1-745-628-7836',NULL,NULL),(1369,'Elyse Denesik',22127,1,'31/09/1982','Maryland','Transportation Equipment Painters','932-923-5756 x091',NULL,NULL),(1370,'Else Lubowitz',22127,2,'17/10/1966','Arkansas','Assessor','812-626-6304',NULL,NULL),(1371,'Mrs. Christy Yost Sr.',22128,1,'25/03/1982','North Dakota','Computer Science Teacher','(616) 528-7823 x832',NULL,NULL),(1372,'Lukas O\'Keefe',22128,3,'14/07/1966','Maryland','Fast Food Cook','350-560-8492 x929',NULL,NULL),(1373,'Rosalee Hettinger',22129,1,'24/09/1978','Delaware','Health Practitioner','+1 (438) 373-4128',NULL,NULL),(1374,'Amya Schowalter',22129,2,'01/03/1984','Minnesota','Manager of Air Crew','327-797-8296',NULL,NULL),(1375,'Braxton Trantow',22130,1,'21/01/1988','Nevada','Tree Trimmer','+12583792180',NULL,NULL),(1376,'Prof. Halle Hoppe DDS',22130,2,'13/11/1978','Indiana','Forensic Investigator','590-810-5472 x22278',NULL,NULL),(1377,'Prof. Sherwood Greenholt MD',22131,1,'28/04/1969','Idaho','Hairdresser OR Cosmetologist','659.938.0942 x817',NULL,NULL),(1378,'Miss Augustine Volkman',22131,3,'25/08/1984','Massachusetts','Marine Architect','(624) 261-6126 x5632',NULL,NULL),(1379,'Prof. Meagan Fahey',22132,1,'27/11/1961','South Carolina','Social Service Specialists','613-329-5075 x0972',NULL,NULL),(1380,'Hank Jaskolski I',22132,2,'19/11/1970','New Mexico','Recruiter','1-838-833-0294 x8698',NULL,NULL),(1381,'Miss Elenor Kohler',22133,1,'03/01/1967','Oregon','Carpenter Assembler and Repairer','1-770-376-7118 x154',NULL,NULL),(1382,'Abdiel Kuhic PhD',22133,2,'14/02/1980','Kentucky','Machine Tool Operator','1-690-967-2708',NULL,NULL),(1383,'Mrs. Fabiola Mante Jr.',22134,1,'01/04/1976','Michigan','Material Moving Worker','892-533-7853 x683',NULL,NULL),(1384,'Whitney Schowalter',22134,3,'28/01/1976','Arkansas','Occupational Therapist Assistant','361.607.9371 x9969',NULL,NULL),(1385,'Graham McGlynn',22135,1,'24/08/1979','New Hampshire','Transformer Repairer','1-908-607-9198 x41377',NULL,NULL),(1386,'Prof. Virginia Johnson IV',22135,2,'03/04/1972','Iowa','Sculptor','883.268.0523 x71641',NULL,NULL),(1387,'Mr. Raymundo King',22136,1,'23/05/1975','Michigan','Product Safety Engineer','+1.575.517.0180',NULL,NULL),(1388,'Nash Wuckert',22136,2,'07/09/1980','Illinois','Insulation Installer','425.492.2858 x8546',NULL,NULL),(1389,'Rogelio Bahringer',22137,1,'06/05/1985','Colorado','Surveyor','484-685-4697 x0961',NULL,NULL),(1390,'Osborne Wisoky',22137,2,'28/02/1989','Utah','Community Service Manager','919-983-5489 x5826',NULL,NULL),(1391,'Mrs. Lilyan Grady',22138,1,'20/12/1961','Vermont','Production Helper','952.370.1124',NULL,NULL),(1392,'Tressa Rutherford',22138,2,'02/02/1960','Mississippi','Fiberglass Laminator and Fabricator','(347) 970-1662 x015',NULL,NULL),(1393,'Prof. Verlie Little PhD',22139,1,'19/11/1973','Illinois','Motion Picture Projectionist','797-346-3729',NULL,NULL),(1394,'Karine Hagenes',22139,3,'31/03/1965','Maine','Separating Machine Operators','1-542-638-3609 x872',NULL,NULL),(1395,'Kaitlyn Reichel',22140,1,'26/08/1976','California','Railroad Yard Worker','1-962-356-2275 x799',NULL,NULL),(1396,'Elda Daugherty',22140,3,'16/08/1986','South Carolina','Travel Clerk','+15535317426',NULL,NULL),(1397,'Theron Ruecker',22141,1,'02/06/1985','Virginia','Correctional Officer','284-310-1399',NULL,NULL),(1398,'Lionel Keeling',22141,3,'15/07/1972','Maryland','Animal Control Worker','448.427.5388 x1582',NULL,NULL),(1399,'Mrs. Myra Walter Sr.',22142,1,'17/09/1980','Missouri','Archeologist','1-669-239-0534 x42563',NULL,NULL),(1400,'Mrs. Muriel Torphy',22142,2,'06/03/1976','Idaho','RN','1-446-810-2072',NULL,NULL),(1401,'Deontae Bergstrom',22143,1,'09/05/1961','Wyoming','Hotel Desk Clerk','(857) 399-1953 x487',NULL,NULL),(1402,'Emerson Green',22143,2,'03/11/1977','Arizona','Precision Aircraft Systems Assemblers','991.726.2438',NULL,NULL),(1403,'Sim Stoltenberg',22144,1,'14/11/1960','Missouri','Woodworker','998-624-9722 x7004',NULL,NULL),(1404,'Miss Eliza Kozey Jr.',22144,2,'05/07/1960','Utah','Photoengraving Machine Operator','258.534.8079 x58773',NULL,NULL),(1405,'Junius Larkin',22145,1,'28/05/1970','Michigan','Maintenance and Repair Worker','607-257-0463',NULL,NULL),(1406,'Jennyfer Heller III',22145,2,'24/05/1971','North Dakota','Sales Representative','+1 (794) 807-7690',NULL,NULL),(1407,'Dolores Greenfelder IV',22146,1,'31/04/1960','Minnesota','Logistician','1-650-352-8354 x867',NULL,NULL),(1408,'Kenyatta Reichert',22146,2,'13/11/1989','Oregon','Gas Distribution Plant Operator','(506) 396-8236 x83682',NULL,NULL),(1409,'Adolfo Lehner Jr.',22147,1,'13/12/1967','Louisiana','Production Manager','(932) 497-7002 x78263',NULL,NULL),(1410,'Ashtyn Kreiger',22147,3,'17/05/1980','Ohio','Geological Sample Test Technician','540.826.8232',NULL,NULL),(1411,'Margret Pouros',22148,1,'23/01/1971','Nevada','Train Crew','660.508.1889 x2595',NULL,NULL),(1412,'Bailey Kiehn',22148,3,'11/07/1987','Connecticut','Statement Clerk','(241) 545-3347',NULL,NULL),(1413,'Dereck Terry',22149,1,'27/05/1986','Iowa','Soil Scientist','573-293-0852 x15275',NULL,NULL),(1414,'Mr. Mario Shields V',22149,2,'15/03/1977','Washington','Geography Teacher','798-683-2287',NULL,NULL),(1415,'Ms. Kaci Will Sr.',22150,1,'25/04/1967','Ohio','Washing Equipment Operator','1-238-796-6274 x609',NULL,NULL),(1416,'Mr. Ike Turner Sr.',22150,2,'18/07/1980','Connecticut','Advertising Manager OR Promotions Manager','+1 (758) 314-9695',NULL,NULL),(1417,'Ariane Leuschke',22151,1,'12/05/1967','Connecticut','Environmental Compliance Inspector','578-874-8337',NULL,NULL),(1418,'Franz Hilll Sr.',22151,3,'16/07/1988','Texas','Freight Inspector','+1.643.285.8441',NULL,NULL),(1419,'Dr. Milton Wilkinson MD',22152,1,'23/10/1975','South Dakota','Copy Machine Operator','1-479-922-6831',NULL,NULL),(1420,'Chaim Gulgowski',22152,3,'10/03/1977','Mississippi','Travel Clerk','928-588-2069 x1227',NULL,NULL),(1421,'Loy Oberbrunner',22153,1,'22/01/1974','South Dakota','Stationary Engineer','+1-970-800-5286',NULL,NULL),(1422,'Vaughn Blanda',22153,3,'12/11/1970','Kentucky','Welding Machine Tender','412.256.3054',NULL,NULL),(1423,'Rosella Collins',22154,1,'26/10/1960','Minnesota','Political Scientist','753-666-9795 x5648',NULL,NULL),(1424,'Prof. Gia Rosenbaum V',22154,2,'05/12/1978','Michigan','Custom Tailor','+1-954-369-6101',NULL,NULL),(1425,'Magali Upton',22155,1,'24/01/1988','Colorado','Short Order Cook','1-343-234-7828',NULL,NULL),(1426,'Roger Cummings',22155,2,'19/09/1974','Georgia','Home Health Aide','+1 (797) 230-1231',NULL,NULL),(1427,'Muhammad O\'Conner',22156,1,'04/10/1985','Illinois','Dot Etcher','(321) 589-6720',NULL,NULL),(1428,'Mr. Diego Zulauf',22156,2,'30/02/1983','Pennsylvania','Manager of Air Crew','1-528-728-7287',NULL,NULL),(1429,'Mr. Tatum Ratke',22157,1,'24/09/1979','New Hampshire','Animal Trainer','+1.756.956.6780',NULL,NULL),(1430,'Brycen Rolfson',22157,2,'02/01/1972','Illinois','Forest Fire Fighting Supervisor','+1 (608) 823-7330',NULL,NULL),(1431,'Kyleigh Kulas',22158,1,'04/01/1975','Nebraska','Freight Inspector','+1-419-421-4133',NULL,NULL),(1432,'Clint Lesch Sr.',22158,3,'22/11/1965','Washington','Waiter','690-901-8560 x1856',NULL,NULL),(1433,'Shad Leffler',22159,1,'28/06/1974','Nebraska','Loading Machine Operator','1-389-645-0683',NULL,NULL),(1434,'Rashad Grady',22159,3,'17/10/1983','South Dakota','Funeral Director','(586) 671-9472',NULL,NULL),(1435,'Prof. Helene Veum',22160,1,'12/03/1967','Nebraska','Mechanical Engineer','607-977-7797',NULL,NULL),(1436,'Jovani Lind DDS',22160,2,'26/11/1977','Washington','Education Teacher','(913) 360-1108 x75845',NULL,NULL),(1437,'Beryl Gusikowski DDS',22161,1,'06/08/1972','New Mexico','Motor Vehicle Operator','481-320-4650',NULL,NULL),(1438,'Mr. Alfredo Bechtelar',22161,3,'27/06/1961','Hawaii','Environmental Engineering Technician','240-213-5716',NULL,NULL),(1439,'Prof. Darrell Predovic DVM',22162,1,'17/05/1969','Pennsylvania','Multiple Machine Tool Setter','636.743.1064 x56588',NULL,NULL),(1440,'Aliyah Marvin',22162,2,'03/01/1968','Oregon','Emergency Management Specialist','446-719-7170 x378',NULL,NULL),(1441,'Erich Kovacek',22163,1,'04/01/1982','Alabama','Agricultural Engineer','520.914.1321 x399',NULL,NULL),(1442,'Mr. Eleazar Jakubowski',22163,2,'14/04/1986','Wisconsin','File Clerk','1-483-749-8455 x22682',NULL,NULL),(1443,'Tyrel Tillman',22164,1,'14/05/1964','Missouri','Well and Core Drill Operator','1-593-258-3510',NULL,NULL),(1444,'Mr. Kay Windler',22164,3,'31/04/1980','Iowa','Mail Clerk','976.928.9493 x1180',NULL,NULL),(1445,'Jerad Wuckert Sr.',22165,1,'08/02/1970','Tennessee','Home','1-967-329-4329',NULL,NULL),(1446,'Lola Dicki',22165,2,'31/12/1963','Delaware','Soil Scientist OR Plant Scientist','742.648.4285 x54554',NULL,NULL),(1447,'Betsy Morissette',22166,1,'10/03/1980','South Dakota','Chemical Engineer','(960) 722-2819 x409',NULL,NULL),(1448,'Prof. Lloyd Zulauf Jr.',22166,3,'21/11/1969','Tennessee','Municipal Fire Fighting Supervisor','431.670.6054',NULL,NULL),(1449,'Sheila Ziemann I',22167,1,'20/04/1990','South Dakota','Gaming Service Worker','313.278.5585',NULL,NULL),(1450,'Gerald Lakin',22167,2,'18/04/1969','California','Audio and Video Equipment Technician','943-617-0389 x1089',NULL,NULL),(1451,'Dr. Cassandre Bosco I',22168,1,'13/06/1974','Indiana','Machine Tool Operator','315.708.6087',NULL,NULL),(1452,'Prof. Lafayette Ward DVM',22168,3,'30/01/1966','Wisconsin','Camera Repairer','+1.565.913.6993',NULL,NULL),(1453,'Sigurd Kozey',22169,1,'10/07/1973','South Carolina','Communication Equipment Worker','331.361.4670',NULL,NULL),(1454,'Lorena Pagac',22169,3,'09/11/1984','New Jersey','Calibration Technician OR Instrumentation Technician','1-270-941-8289 x51472',NULL,NULL),(1455,'Dr. Moses Kshlerin',22170,1,'17/11/1965','West Virginia','Machine Feeder','739.388.8859 x2647',NULL,NULL),(1456,'Kian Larson',22170,2,'19/02/1965','Oklahoma','Orthotist OR Prosthetist','+1 (493) 255-6651',NULL,NULL),(1457,'Javier Schmidt',22171,1,'13/06/1989','Kentucky','Cleaners of Vehicles','387-264-2352',NULL,NULL),(1458,'Emily Gutmann',22171,3,'27/07/1962','West Virginia','Gaming Service Worker','852.801.4642 x4314',NULL,NULL),(1459,'Elsa Toy Sr.',22172,1,'01/09/1978','South Carolina','Choreographer','576-451-4220 x77531',NULL,NULL),(1460,'Prof. Aliza Waelchi',22172,2,'02/03/1987','Idaho','Dental Laboratory Technician','+15309222007',NULL,NULL),(1461,'Lawrence Renner',22173,1,'02/08/1968','Oregon','Webmaster','224-588-2714',NULL,NULL),(1462,'Sabrina Spencer',22173,3,'27/05/1989','Indiana','Health Services Manager','+1-690-424-9442',NULL,NULL),(1463,'Lee Schuppe',22174,1,'20/07/1960','Michigan','Home Economics Teacher','+1-356-289-7778',NULL,NULL),(1464,'Stephany Bechtelar Jr.',22174,3,'09/08/1968','Minnesota','Kindergarten Teacher','1-640-573-0206',NULL,NULL),(1465,'Hershel Heller',22175,1,'27/08/1990','North Dakota','Psychiatric Aide','693-219-6946 x2118',NULL,NULL),(1466,'Dr. Jamal Nienow',22175,2,'25/03/1984','Delaware','Semiconductor Processor','+1-547-208-9128',NULL,NULL),(1467,'Valentina Oberbrunner',22176,1,'18/11/1974','Ohio','Jewelry Model OR Mold Makers','+1-394-655-3093',NULL,NULL),(1468,'Ms. Mara Kuhic',22176,3,'19/09/1984','Kansas','Music Director','1-249-603-2427',NULL,NULL),(1469,'Misty Jacobson',22177,1,'31/07/1985','Colorado','Stone Cutter','(757) 405-2168 x995',NULL,NULL),(1470,'Prof. Dion Hirthe',22177,3,'28/02/1985','Oklahoma','Radar Technician','647-945-9901 x5974',NULL,NULL),(1471,'Gideon Walker Sr.',22178,1,'12/07/1986','Louisiana','Registered Nurse','+1.483.810.6097',NULL,NULL),(1472,'Santiago Ward',22178,2,'01/02/1977','Iowa','Electro-Mechanical Technician','936.485.6186',NULL,NULL),(1473,'Johan Heidenreich',22179,1,'24/01/1985','Massachusetts','University','1-452-902-2031 x740',NULL,NULL),(1474,'Jacquelyn Borer',22179,3,'28/09/1972','Louisiana','Administrative Support Supervisors','962.792.8510 x04756',NULL,NULL),(1475,'Mr. Colton Durgan IV',22180,1,'27/08/1973','Maryland','Online Marketing Analyst','(347) 991-8596 x12791',NULL,NULL),(1476,'Dr. Terrence Cummings DVM',22180,3,'21/03/1980','Pennsylvania','Physical Scientist','1-505-270-8908 x5039',NULL,NULL),(1477,'Mr. Kennedi Beatty',22181,1,'08/02/1980','Iowa','Claims Examiner','1-812-623-9227 x40972',NULL,NULL),(1478,'Brooklyn Koepp',22181,3,'25/01/1966','Minnesota','Mathematical Science Teacher','+19852974768',NULL,NULL),(1479,'Mariam Williamson Sr.',22182,1,'14/07/1985','Washington','Sports Book Writer','1-294-448-0639',NULL,NULL),(1480,'Prof. Cleve Schmidt',22182,2,'13/12/1972','Wisconsin','Paperhanger','+1-829-436-3445',NULL,NULL),(1481,'Clark Volkman PhD',22183,1,'28/06/1984','California','Supervisor Correctional Officer','+14389777851',NULL,NULL),(1482,'Brayan Stanton',22183,2,'06/03/1975','Nevada','Plant and System Operator','1-506-658-3388 x4465',NULL,NULL),(1483,'Marguerite Haag',22184,1,'29/04/1973','Texas','Gaming Manager','(298) 550-4198 x04977',NULL,NULL),(1484,'Sigurd Bednar',22184,3,'07/04/1977','Hawaii','Multiple Machine Tool Setter','(886) 632-6075 x60794',NULL,NULL),(1485,'Dr. Ewell Spencer',22185,1,'12/11/1984','New York','Trainer','736-926-9748 x998',NULL,NULL),(1486,'Sedrick Kertzmann',22185,2,'29/12/1971','Colorado','Electrical Engineer','(307) 457-2773 x71234',NULL,NULL),(1487,'Yessenia Hayes',22186,1,'11/11/1977','Iowa','Mining Engineer OR Geological Engineer','+1-584-510-8758',NULL,NULL),(1488,'Joanne Larkin',22186,3,'03/06/1981','California','Securities Sales Agent','925.229.6026 x754',NULL,NULL),(1489,'Arianna Schuster',22187,1,'31/07/1978','California','Airfield Operations Specialist','437-610-3635 x951',NULL,NULL),(1490,'Margret Goldner I',22187,3,'05/10/1962','Louisiana','Gaming Cage Worker','854-562-0529',NULL,NULL),(1491,'Travon Pfeffer',22188,1,'19/05/1986','Connecticut','Signal Repairer OR Track Switch Repairer','562.397.0698 x773',NULL,NULL),(1492,'Dr. Jerod Champlin DDS',22188,2,'04/01/1966','Kentucky','Armored Assault Vehicle Officer','694.926.2065',NULL,NULL),(1493,'Mossie Altenwerth',22189,1,'10/12/1983','Pennsylvania','Multi-Media Artist','(656) 656-2870 x5513',NULL,NULL),(1494,'Janae Braun',22189,3,'20/06/1963','Florida','Heavy Equipment Mechanic','+1-832-209-9958',NULL,NULL),(1495,'Mr. Xander Wuckert',22190,1,'11/04/1968','Colorado','Office Clerk','384.470.6945 x9414',NULL,NULL),(1496,'Mazie Mante',22190,3,'07/03/1986','Nebraska','Architect','1-403-940-7230 x295',NULL,NULL);
/*!40000 ALTER TABLE `guardians` ENABLE KEYS */;
UNLOCK TABLES;

--
-- Table structure for table `levels`
--

DROP TABLE IF EXISTS `levels`;
/*!40101 SET @saved_cs_client     = @@character_set_client */;
/*!40101 SET character_set_client = utf8 */;
CREATE TABLE `levels` (
  `id` int(10) unsigned NOT NULL AUTO_INCREMENT,
  `name` varchar(255) COLLATE utf8_unicode_ci NOT NULL,
  `description` text COLLATE utf8_unicode_ci NOT NULL,
  `created_at` timestamp NULL DEFAULT NULL,
  `updated_at` timestamp NULL DEFAULT NULL,
  PRIMARY KEY (`id`)
) ENGINE=InnoDB AUTO_INCREMENT=4 DEFAULT CHARSET=utf8 COLLATE=utf8_unicode_ci;
/*!40101 SET character_set_client = @saved_cs_client */;

--
-- Dumping data for table `levels`
--

LOCK TABLES `levels` WRITE;
/*!40000 ALTER TABLE `levels` DISABLE KEYS */;
INSERT INTO `levels` VALUES (1,'Elementary','','2016-12-11 10:51:14','2016-12-11 10:51:14'),(2,'Secondary','','2016-12-11 11:37:13','2016-12-11 11:37:13'),(3,'HighSchool','','2016-12-11 11:37:20','2016-12-12 11:15:54');
/*!40000 ALTER TABLE `levels` ENABLE KEYS */;
UNLOCK TABLES;

--
-- Table structure for table `migrations`
--

DROP TABLE IF EXISTS `migrations`;
/*!40101 SET @saved_cs_client     = @@character_set_client */;
/*!40101 SET character_set_client = utf8 */;
CREATE TABLE `migrations` (
  `migration` varchar(255) COLLATE utf8_unicode_ci NOT NULL,
  `batch` int(11) NOT NULL
) ENGINE=InnoDB DEFAULT CHARSET=utf8 COLLATE=utf8_unicode_ci;
/*!40101 SET character_set_client = @saved_cs_client */;

--
-- Dumping data for table `migrations`
--

LOCK TABLES `migrations` WRITE;
/*!40000 ALTER TABLE `migrations` DISABLE KEYS */;
INSERT INTO `migrations` VALUES ('2014_10_12_000000_create_users_table',1),('2014_10_12_100000_create_password_resets_table',1),('2016_12_10_200838_create_posts_table',2),('2016_12_11_174925_create_levels_table',3),('2016_12_11_180603_create_grades_table',4),('2016_12_11_180604_create_grades_table',5),('2016_12_11_182542_create_schools_table',6),('2016_12_11_185739_create_grades_table',7),('2016_12_11_192111_create_classrooms_table',8),('2016_12_11_194459_create_teachers_table',9),('2016_12_11_194458_create_teachers_table',10),('2016_12_11_195722_create_classroom_teacher_table',11),('2016_12_12_084549_create_subjects_table',12),('2016_12_12_084820_create_students_table',12),('2016_12_12_085656_create_grade_teacher_table',13),('2016_12_12_085657_create_grade_teacher_table',14),('2016_12_12_090902_create_student_subject_table',15),('2016_12_12_090903_create_student_subject_table',16),('2016_12_12_092744_create_subject_grade_table',17),('2016_12_12_093004_create_subject_teacher_table',18),('2016_12_12_093623_create_guardians_table',19),('2016_12_12_093906_create_guardian_student_table',20),('2016_12_29_100455_create_principals_table',21),('2017_02_19_155602_entrust_setup_tables',22);
/*!40000 ALTER TABLE `migrations` ENABLE KEYS */;
UNLOCK TABLES;

--
-- Table structure for table `password_resets`
--

DROP TABLE IF EXISTS `password_resets`;
/*!40101 SET @saved_cs_client     = @@character_set_client */;
/*!40101 SET character_set_client = utf8 */;
CREATE TABLE `password_resets` (
  `email` varchar(255) COLLATE utf8_unicode_ci NOT NULL,
  `token` varchar(255) COLLATE utf8_unicode_ci NOT NULL,
  `created_at` timestamp NULL DEFAULT NULL,
  KEY `password_resets_email_index` (`email`),
  KEY `password_resets_token_index` (`token`)
) ENGINE=InnoDB DEFAULT CHARSET=utf8 COLLATE=utf8_unicode_ci;
/*!40101 SET character_set_client = @saved_cs_client */;

--
-- Dumping data for table `password_resets`
--

LOCK TABLES `password_resets` WRITE;
/*!40000 ALTER TABLE `password_resets` DISABLE KEYS */;
/*!40000 ALTER TABLE `password_resets` ENABLE KEYS */;
UNLOCK TABLES;

--
-- Table structure for table `permission_role`
--

DROP TABLE IF EXISTS `permission_role`;
/*!40101 SET @saved_cs_client     = @@character_set_client */;
/*!40101 SET character_set_client = utf8 */;
CREATE TABLE `permission_role` (
  `permission_id` int(10) unsigned NOT NULL,
  `role_id` int(10) unsigned NOT NULL,
  PRIMARY KEY (`permission_id`,`role_id`),
  KEY `permission_role_role_id_foreign` (`role_id`),
  CONSTRAINT `permission_role_permission_id_foreign` FOREIGN KEY (`permission_id`) REFERENCES `permissions` (`id`) ON DELETE CASCADE ON UPDATE CASCADE,
  CONSTRAINT `permission_role_role_id_foreign` FOREIGN KEY (`role_id`) REFERENCES `roles` (`id`) ON DELETE CASCADE ON UPDATE CASCADE
) ENGINE=InnoDB DEFAULT CHARSET=utf8 COLLATE=utf8_unicode_ci;
/*!40101 SET character_set_client = @saved_cs_client */;

--
-- Dumping data for table `permission_role`
--

LOCK TABLES `permission_role` WRITE;
/*!40000 ALTER TABLE `permission_role` DISABLE KEYS */;
INSERT INTO `permission_role` VALUES (1,2),(1,3),(2,2),(4,1),(4,2);
/*!40000 ALTER TABLE `permission_role` ENABLE KEYS */;
UNLOCK TABLES;

--
-- Table structure for table `permissions`
--

DROP TABLE IF EXISTS `permissions`;
/*!40101 SET @saved_cs_client     = @@character_set_client */;
/*!40101 SET character_set_client = utf8 */;
CREATE TABLE `permissions` (
  `id` int(10) unsigned NOT NULL AUTO_INCREMENT,
  `name` varchar(255) COLLATE utf8_unicode_ci NOT NULL,
  `display_name` varchar(255) COLLATE utf8_unicode_ci DEFAULT NULL,
  `description` varchar(255) COLLATE utf8_unicode_ci DEFAULT NULL,
  `created_at` timestamp NULL DEFAULT NULL,
  `updated_at` timestamp NULL DEFAULT NULL,
  PRIMARY KEY (`id`),
  UNIQUE KEY `permissions_name_unique` (`name`)
) ENGINE=InnoDB AUTO_INCREMENT=5 DEFAULT CHARSET=utf8 COLLATE=utf8_unicode_ci;
/*!40101 SET character_set_client = @saved_cs_client */;

--
-- Dumping data for table `permissions`
--

LOCK TABLES `permissions` WRITE;
/*!40000 ALTER TABLE `permissions` DISABLE KEYS */;
INSERT INTO `permissions` VALUES (1,'manage-subjects','Manage-subjects','Edit Student',NULL,NULL),(2,'edit-user','Edit User','Edit User',NULL,NULL),(3,'edit-teacher','Edit Teacher','Edit Teacher',NULL,NULL),(4,'view-subjects','View Subjects','View Subjects',NULL,NULL);
/*!40000 ALTER TABLE `permissions` ENABLE KEYS */;
UNLOCK TABLES;

--
-- Table structure for table `principals`
--

DROP TABLE IF EXISTS `principals`;
/*!40101 SET @saved_cs_client     = @@character_set_client */;
/*!40101 SET character_set_client = utf8 */;
CREATE TABLE `principals` (
  `id` int(10) unsigned NOT NULL AUTO_INCREMENT,
  `name` varchar(255) COLLATE utf8_unicode_ci NOT NULL,
  `principal_id` varchar(255) COLLATE utf8_unicode_ci NOT NULL,
  `school_id` int(10) unsigned NOT NULL,
  `created_at` timestamp NULL DEFAULT NULL,
  `updated_at` timestamp NULL DEFAULT NULL,
  PRIMARY KEY (`id`),
  KEY `principals_school_id_foreign` (`school_id`),
  CONSTRAINT `principals_school_id_foreign` FOREIGN KEY (`school_id`) REFERENCES `schools` (`id`) ON DELETE CASCADE ON UPDATE CASCADE
) ENGINE=InnoDB DEFAULT CHARSET=utf8 COLLATE=utf8_unicode_ci;
/*!40101 SET character_set_client = @saved_cs_client */;

--
-- Dumping data for table `principals`
--

LOCK TABLES `principals` WRITE;
/*!40000 ALTER TABLE `principals` DISABLE KEYS */;
/*!40000 ALTER TABLE `principals` ENABLE KEYS */;
UNLOCK TABLES;

--
-- Table structure for table `role_user`
--

DROP TABLE IF EXISTS `role_user`;
/*!40101 SET @saved_cs_client     = @@character_set_client */;
/*!40101 SET character_set_client = utf8 */;
CREATE TABLE `role_user` (
  `user_id` int(10) unsigned NOT NULL,
  `role_id` int(10) unsigned NOT NULL,
  PRIMARY KEY (`user_id`,`role_id`),
  KEY `role_user_role_id_foreign` (`role_id`),
  CONSTRAINT `role_user_role_id_foreign` FOREIGN KEY (`role_id`) REFERENCES `roles` (`id`) ON DELETE CASCADE ON UPDATE CASCADE,
  CONSTRAINT `role_user_user_id_foreign` FOREIGN KEY (`user_id`) REFERENCES `users` (`id`) ON DELETE CASCADE ON UPDATE CASCADE
) ENGINE=InnoDB DEFAULT CHARSET=utf8 COLLATE=utf8_unicode_ci;
/*!40101 SET character_set_client = @saved_cs_client */;

--
-- Dumping data for table `role_user`
--

LOCK TABLES `role_user` WRITE;
/*!40000 ALTER TABLE `role_user` DISABLE KEYS */;
INSERT INTO `role_user` VALUES (1,2),(2,1),(3,5);
/*!40000 ALTER TABLE `role_user` ENABLE KEYS */;
UNLOCK TABLES;

--
-- Table structure for table `roles`
--

DROP TABLE IF EXISTS `roles`;
/*!40101 SET @saved_cs_client     = @@character_set_client */;
/*!40101 SET character_set_client = utf8 */;
CREATE TABLE `roles` (
  `id` int(10) unsigned NOT NULL AUTO_INCREMENT,
  `name` varchar(255) COLLATE utf8_unicode_ci NOT NULL,
  `display_name` varchar(255) COLLATE utf8_unicode_ci DEFAULT NULL,
  `description` varchar(255) COLLATE utf8_unicode_ci DEFAULT NULL,
  `created_at` timestamp NULL DEFAULT NULL,
  `updated_at` timestamp NULL DEFAULT NULL,
  PRIMARY KEY (`id`),
  UNIQUE KEY `roles_name_unique` (`name`)
) ENGINE=InnoDB AUTO_INCREMENT=6 DEFAULT CHARSET=utf8 COLLATE=utf8_unicode_ci;
/*!40101 SET character_set_client = @saved_cs_client */;

--
-- Dumping data for table `roles`
--

LOCK TABLES `roles` WRITE;
/*!40000 ALTER TABLE `roles` DISABLE KEYS */;
INSERT INTO `roles` VALUES (1,'teacher','Teacher','The teacher of a School',NULL,NULL),(2,'admin','Admin','Admin of the system',NULL,NULL),(3,'student','Student','Student of a School',NULL,NULL),(4,'parent','Parent','Parent of student',NULL,NULL),(5,'principle','Principle','Principle of student',NULL,NULL);
/*!40000 ALTER TABLE `roles` ENABLE KEYS */;
UNLOCK TABLES;

--
-- Table structure for table `schools`
--

DROP TABLE IF EXISTS `schools`;
/*!40101 SET @saved_cs_client     = @@character_set_client */;
/*!40101 SET character_set_client = utf8 */;
CREATE TABLE `schools` (
  `id` int(10) unsigned NOT NULL AUTO_INCREMENT,
  `name` varchar(255) COLLATE utf8_unicode_ci NOT NULL,
  `level_id` int(10) unsigned NOT NULL,
  `created_at` timestamp NULL DEFAULT NULL,
  `updated_at` timestamp NULL DEFAULT NULL,
  PRIMARY KEY (`id`),
  KEY `level_id` (`level_id`),
  CONSTRAINT `schools_ibfk_1` FOREIGN KEY (`level_id`) REFERENCES `levels` (`id`)
) ENGINE=InnoDB AUTO_INCREMENT=15 DEFAULT CHARSET=utf8 COLLATE=utf8_unicode_ci;
/*!40101 SET character_set_client = @saved_cs_client */;

--
-- Dumping data for table `schools`
--

LOCK TABLES `schools` WRITE;
/*!40000 ALTER TABLE `schools` DISABLE KEYS */;
INSERT INTO `schools` VALUES (2,'Kim Dong 1',1,'2016-12-11 11:36:44','2016-12-12 02:50:15'),(4,'Phan Van Tri',1,'2016-12-11 11:41:03','2016-12-11 11:41:03'),(5,'Nguyen Thuong Hien',1,NULL,NULL),(6,'Nguyen Du',2,NULL,NULL),(7,'Nguyen Van Troi',2,NULL,NULL),(8,'Quang Trung',2,NULL,NULL),(9,'Le Hong Phong',3,NULL,NULL),(10,'Nguyen Cong Tru',3,NULL,NULL),(11,'Le Quy Don',3,NULL,NULL),(12,'Nguyen Dinh Chieu',2,'2016-12-12 08:36:01','2016-12-12 08:44:16'),(13,'Trung Vuong',3,'2016-12-12 23:52:42','2016-12-12 23:52:42'),(14,'Dinh Tien Hoang',1,NULL,NULL);
/*!40000 ALTER TABLE `schools` ENABLE KEYS */;
UNLOCK TABLES;

--
-- Table structure for table `student_subject`
--

DROP TABLE IF EXISTS `student_subject`;
/*!40101 SET @saved_cs_client     = @@character_set_client */;
/*!40101 SET character_set_client = utf8 */;
CREATE TABLE `student_subject` (
  `id` int(10) unsigned NOT NULL AUTO_INCREMENT,
  `student_id` int(10) unsigned NOT NULL,
  `grade_id` int(10) unsigned NOT NULL,
  `subject_id` int(10) unsigned NOT NULL,
  `s1_quizzes` float(10,1) unsigned NOT NULL,
  `s1_midterm` float(10,1) unsigned NOT NULL,
  `s1_final` float(10,1) unsigned NOT NULL,
  `s1_total` float(10,1) unsigned NOT NULL,
  `s2_quizzes` float(10,1) unsigned NOT NULL,
  `s2_midterm` float(10,1) unsigned NOT NULL,
  `s2_final` float(10,1) unsigned NOT NULL,
  `s2_total` float(10,1) unsigned NOT NULL,
  `year_final` float(10,1) unsigned NOT NULL,
  `year` year(4) NOT NULL,
  PRIMARY KEY (`id`),
  KEY `student_subject_grade_id_foreign` (`grade_id`),
  KEY `student_subject_subject_id_foreign` (`subject_id`),
  KEY `student_subject_student_id_foreign` (`student_id`),
  CONSTRAINT `student_subject_grade_id_foreign` FOREIGN KEY (`grade_id`) REFERENCES `grades` (`id`) ON DELETE CASCADE ON UPDATE CASCADE,
  CONSTRAINT `student_subject_student_id_foreign` FOREIGN KEY (`student_id`) REFERENCES `students` (`id`) ON DELETE CASCADE ON UPDATE CASCADE,
  CONSTRAINT `student_subject_subject_id_foreign` FOREIGN KEY (`subject_id`) REFERENCES `subjects` (`id`) ON DELETE CASCADE ON UPDATE CASCADE
) ENGINE=InnoDB AUTO_INCREMENT=109 DEFAULT CHARSET=utf8 COLLATE=utf8_unicode_ci;
/*!40101 SET character_set_client = @saved_cs_client */;

--
-- Dumping data for table `student_subject`
--

LOCK TABLES `student_subject` WRITE;
/*!40000 ALTER TABLE `student_subject` DISABLE KEYS */;
INSERT INTO `student_subject` VALUES (75,22038,1,1,6.0,8.0,6.0,6.6,8.0,9.0,5.0,6.8,6.7,2014),(76,22038,1,3,8.0,9.0,10.0,9.3,5.0,7.0,10.0,8.1,8.7,2014),(77,22038,1,4,7.0,6.0,9.0,7.7,6.0,6.0,6.0,6.0,6.9,2014),(78,22038,1,5,10.0,7.0,10.0,9.1,9.0,5.0,10.0,8.3,8.7,2014),(79,22038,1,4,7.0,9.0,9.0,8.6,9.0,6.0,9.0,8.1,8.4,2014),(80,22038,1,10,8.0,8.0,6.0,7.0,9.0,8.0,5.0,6.7,6.9,2014),(81,22038,1,12,5.0,6.0,7.0,6.3,5.0,9.0,6.0,6.7,6.5,2014),(82,22038,1,21,9.0,6.0,9.0,8.1,6.0,7.0,8.0,7.3,7.7,2014),(83,22038,1,9,10.0,6.0,5.0,6.3,8.0,5.0,9.0,7.6,7.0,2014),(84,22038,1,18,8.0,5.0,10.0,8.1,8.0,9.0,9.0,8.8,8.5,2014),(85,22038,1,24,6.0,8.0,5.0,6.1,8.0,8.0,7.0,7.5,6.8,2014),(86,22038,2,3,8.0,10.0,10.0,9.6,10.0,9.0,10.0,9.7,9.7,2015),(87,22038,2,4,5.0,10.0,8.0,8.0,5.0,7.0,9.0,7.6,7.8,2015),(88,22038,2,5,8.0,7.0,5.0,6.2,9.0,9.0,6.0,7.5,6.9,2015),(89,22038,2,12,9.0,5.0,9.0,7.8,9.0,10.0,10.0,9.8,8.8,2015),(90,22038,2,21,6.0,7.0,9.0,7.8,10.0,5.0,5.0,6.0,6.9,2015),(91,22038,2,9,8.0,9.0,10.0,9.3,7.0,7.0,5.0,6.0,7.7,2015),(92,22038,2,18,8.0,7.0,9.0,8.2,10.0,9.0,7.0,8.2,8.2,2015),(93,22038,2,24,9.0,10.0,7.0,8.3,8.0,9.0,8.0,8.3,8.3,2015),(94,22038,2,1,10.0,7.0,10.0,9.1,5.0,6.0,10.0,7.8,8.5,2015),(95,22038,3,4,8.0,9.0,6.0,7.3,7.0,9.0,9.0,8.6,8.0,2016),(96,22038,3,12,8.0,5.0,10.0,8.1,7.0,9.0,7.0,7.6,7.9,2016),(97,22038,3,21,6.0,9.0,10.0,8.9,6.0,5.0,8.0,6.7,7.8,2016),(98,22038,3,9,8.0,6.0,7.0,6.9,7.0,8.0,7.0,7.3,7.1,2016),(99,22038,3,18,5.0,5.0,8.0,6.5,6.0,7.0,7.0,6.8,6.7,2016),(100,22038,3,24,7.0,7.0,8.0,7.5,6.0,9.0,5.0,6.4,7.0,2016),(101,22038,3,1,6.0,10.0,7.0,7.7,8.0,10.0,9.0,9.1,8.4,2016),(102,22038,4,4,6.0,10.0,8.0,8.2,10.0,9.0,8.0,8.7,8.5,2017),(103,22038,4,12,10.0,9.0,10.0,9.7,8.0,9.0,7.0,7.8,8.8,2017),(104,22038,4,21,6.0,8.0,9.0,8.1,5.0,9.0,7.0,7.2,7.7,2017),(105,22038,4,9,8.0,7.0,5.0,6.2,8.0,6.0,5.0,5.9,6.1,2017),(106,22038,4,18,9.0,5.0,6.0,6.3,9.0,10.0,8.0,8.8,7.6,2017),(107,22038,4,24,7.0,7.0,5.0,6.0,9.0,7.0,8.0,7.9,7.0,2017),(108,22038,4,1,5.0,8.0,6.0,6.4,6.0,8.0,7.0,7.1,6.8,2017);
/*!40000 ALTER TABLE `student_subject` ENABLE KEYS */;
UNLOCK TABLES;

--
-- Table structure for table `students`
--

DROP TABLE IF EXISTS `students`;
/*!40101 SET @saved_cs_client     = @@character_set_client */;
/*!40101 SET character_set_client = utf8 */;
CREATE TABLE `students` (
  `id` int(10) unsigned NOT NULL AUTO_INCREMENT,
  `name` varchar(255) COLLATE utf8_unicode_ci NOT NULL,
  `student_id` varchar(255) COLLATE utf8_unicode_ci NOT NULL,
  `school_id` int(10) unsigned NOT NULL,
  `classroom_id` int(10) unsigned NOT NULL,
  `bd` varchar(255) COLLATE utf8_unicode_ci DEFAULT NULL,
  `female` tinyint(1) DEFAULT '0',
  `address` varchar(255) COLLATE utf8_unicode_ci DEFAULT NULL,
  `state` varchar(255) COLLATE utf8_unicode_ci DEFAULT NULL,
  `behavior` tinyint(10) DEFAULT NULL,
  `economic_disadvantaged` tinyint(1) DEFAULT '0',
  `hometown` varchar(255) COLLATE utf8_unicode_ci DEFAULT NULL,
  `phone_number` varchar(20) COLLATE utf8_unicode_ci DEFAULT NULL,
  PRIMARY KEY (`id`),
  KEY `students_classroom_id_foreign` (`classroom_id`),
  KEY `school_id` (`school_id`),
  CONSTRAINT `students_classroom_id_foreign` FOREIGN KEY (`classroom_id`) REFERENCES `classrooms` (`id`) ON DELETE CASCADE ON UPDATE CASCADE,
  CONSTRAINT `students_ibfk_1` FOREIGN KEY (`school_id`) REFERENCES `schools` (`id`)
) ENGINE=InnoDB AUTO_INCREMENT=22191 DEFAULT CHARSET=utf8 COLLATE=utf8_unicode_ci;
/*!40101 SET character_set_client = @saved_cs_client */;

--
-- Dumping data for table `students`
--

LOCK TABLES `students` WRITE;
/*!40000 ALTER TABLE `students` DISABLE KEYS */;
INSERT INTO `students` VALUES (2,'Kyle','ITITIU13065',10,4,NULL,NULL,NULL,NULL,NULL,NULL,NULL,NULL),(5,'Leo','ITITIU13066',10,4,NULL,NULL,NULL,NULL,NULL,NULL,NULL,NULL),(6,'John','ITITIU13067',10,4,NULL,NULL,NULL,NULL,NULL,NULL,NULL,NULL),(9,'Nguyen Ngoc Minh Nghi','ITITIT13158',13,12,NULL,NULL,NULL,NULL,NULL,NULL,NULL,NULL),(21443,'Delta Nolan','KD-17-1-A-1',2,121,'13/01/2008',1,'6555 Champlin Hills','Kentucky',10,1,'221 Schuster Mills\nSouth Warrenfurt, CO 34587-0885','640-217-5572'),(21444,'Demetrius Stark','KD-17-1-A-2',2,121,'08/11/2008',0,'135 VonRueden Locks Suite 820','Texas',5,1,'141 Purdy Knolls\nNew Judson, SC 96581-2541','680.786.1255'),(21445,'Jany Bogan','KD-17-1-A-3',2,121,'29/07/2008',1,'8410 Columbus Court Suite 573','Maryland',2,1,'333 Geovanny Centers Suite 405\nWest Mose, ID 25701-2809','282.707.9668'),(21446,'Antoinette Jerde','KD-17-1-A-4',2,121,'15/05/2008',1,'92744 Deanna Courts Suite 353','Nebraska',5,1,'718 Kozey Rest\nLibbyport, WY 31276','479-226-9739 x151'),(21447,'Helga McClure','KD-17-1-A-5',2,121,'18/02/2008',1,'49287 Herbert Alley','Wyoming',9,0,'2653 Simonis Plaza\nWest Agnesmouth, AR 42712-2643','+1-660-641-1945'),(21448,'Anabelle Schaden','KD-17-1-A-6',2,121,'25/11/2008',1,'5527 Julien Falls Apt. 146','Louisiana',7,1,'494 Ezekiel Club Apt. 539\nPort Elfriedamouth, NY 97168-5374','665.853.4218'),(21449,'Darlene Johns','KD-17-1-A-7',2,121,'16/09/2008',1,'25016 Alysha Skyway','Illinois',6,0,'3861 Meggie Underpass\nBoyerview, MA 75574','+1-714-414-3683'),(21450,'Garnett Kautzer','KD-17-1-A-8',2,121,'02/11/2008',0,'78866 Ariel Keys Apt. 305','Vermont',5,0,'9681 Bartoletti Forges\nAbdulville, MN 39324-9267','917.212.9981 x0597'),(21451,'Bettie Runte','KD-17-1-A-9',2,121,'15/01/2008',1,'721 Bayer Oval','Washington',2,1,'4780 Stracke Shoals Apt. 116\nMargarettatown, MD 10915','515-224-4922 x26313'),(21452,'Carmelo Jacobson','KD-17-1-A-10',2,121,'12/01/2008',0,'255 Corwin Turnpike Apt. 174','Wyoming',4,0,'84825 Bergstrom Brook\nLitzymouth, DE 38570','+1 (543) 223-8091'),(21453,'Kathryn Nitzsche','KD-17-1-A-11',2,121,'04/11/2008',1,'4168 Jermaine Freeway Apt. 942','Michigan',8,0,'446 Melvina Island Apt. 444\nBuckridgehaven, OK 61289','(349) 897-6067'),(21454,'Erica Bruen','KD-17-1-A-12',2,121,'16/12/2008',1,'671 Wiza Drive','Hawaii',9,1,'4936 Hane Junctions\nPort Waylonville, WI 68838-1082','804.384.3035 x67519'),(21455,'Orin Heathcote','KD-17-1-A-13',2,121,'06/10/2008',0,'862 Bailey Dam','New Hampshire',8,0,'95460 Curt Islands\nEast Lambertberg, WV 88521','427.210.8815 x4098'),(21456,'Mireya Keeling','KD-17-1-B-1',2,122,'11/10/2008',1,'14480 Donnelly Port','North Carolina',9,1,'8070 Thompson Court\nMillsberg, IA 51687-8370','1-459-796-3376'),(21457,'Earnest Bradtke','KD-17-1-B-2',2,122,'28/06/2008',0,'1270 Rafael Mission','Maryland',3,1,'76443 Haley Streets\nWest Monroeville, NV 11595-3300','+1-231-445-6362'),(21458,'Deon Weber','KD-17-1-B-3',2,122,'04/07/2008',0,'50941 Stroman Tunnel','North Carolina',8,1,'888 Jorge Prairie\nRaoulchester, MN 96952-4617','863-353-0930 x416'),(21459,'Cornelius Mills','KD-17-1-B-4',2,122,'20/01/2008',0,'1761 Braun Extensions Apt. 734','Missouri',3,0,'9297 Koss Spring\nNorth Michael, RI 24139-9684','(990) 741-1876 x605'),(21460,'Antoinette Kshlerin','KD-17-1-B-5',2,122,'20/03/2008',1,'396 Bartoletti Island Apt. 832','Michigan',5,0,'72580 Yundt Cape Apt. 849\nNorth Alverta, CA 66667','1-492-628-8903 x9384'),(21461,'Isobel Brown','KD-17-1-B-6',2,122,'31/07/2008',1,'65826 Keven Mission Apt. 155','District of Columbia',2,0,'6860 Howe Knolls Apt. 963\nMooremouth, WY 83766-9092','394-741-1539 x83847'),(21462,'Jayson Kub','KD-17-1-B-7',2,122,'05/02/2008',0,'1132 Mitchell Wall','Mississippi',0,1,'58538 Gennaro Vista Apt. 958\nNorth Fabiola, AZ 12632','(681) 954-3366'),(21463,'Clovis Rosenbaum','KD-17-1-B-8',2,122,'09/04/2008',0,'22641 Heaven Springs','Arizona',7,0,'81967 Flatley Shore Suite 608\nVitoville, WV 07622','+17617576402'),(21464,'Tito Jacobson','KD-17-1-B-9',2,122,'04/11/2008',0,'8703 Hickle Island Suite 064','Idaho',2,0,'4461 Kraig Stream Suite 041\nLake Kadestad, OK 51512-7819','801-978-4443 x2191'),(21465,'Nellie Rau','KD-17-1-B-10',2,122,'29/12/2008',1,'7744 Mueller Springs','Arkansas',2,1,'60945 Ryann Loaf\nNew Jakayla, IL 05707-2756','314.861.1330 x9581'),(21466,'Cathryn Kuvalis','KD-17-1-B-11',2,122,'28/07/2008',1,'457 Maci Mount Suite 703','Georgia',4,1,'118 Rocky Landing\nNew Lindabury, VT 15797-2875','680-313-6594 x53473'),(21467,'Aida VonRueden','KD-17-1-B-12',2,122,'06/11/2008',1,'70806 Kihn Extensions','Florida',4,1,'83808 Metz Fort\nLake Wainoville, IL 72981-2238','942.859.3633 x06121'),(21468,'Hilton Wintheiser','KD-17-1-B-13',2,122,'07/11/2008',0,'9397 Kimberly Crossing','Tennessee',9,0,'8785 Jacobs Crescent\nGrovershire, MT 87752-0325','379-969-1409 x21815'),(21469,'Camylle Treutel','KD-17-1-B-14',2,122,'01/11/2008',1,'388 Koss Lake Apt. 615','Missouri',1,1,'6503 Juliana Divide\nNew Dallin, NH 86016-1363','(603) 880-4964'),(21470,'Giovanny Fadel','KD-17-1-C-1',2,123,'27/11/2008',0,'70225 Mitchell Neck Suite 750','Delaware',3,0,'7668 Bartell Curve Apt. 367\nNorth Dorian, MS 93257-4380','+12346238261'),(21471,'Nettie Brown','KD-17-1-C-2',2,123,'10/10/2008',1,'88619 Ryann Underpass Apt. 041','Arizona',2,0,'9957 Borer Square\nNew Treverview, NC 05108-7555','1-227-969-0575 x101'),(21472,'Louie Jones','KD-17-1-C-3',2,123,'13/09/2008',0,'96548 Asha Viaduct Apt. 363','Connecticut',1,0,'633 Alvah Views Apt. 705\nPort Glennastad, NY 18720-1203','754.741.6669'),(21473,'Dagmar Kreiger','KD-17-1-C-4',2,123,'24/06/2008',0,'97497 Camila Union Suite 777','Louisiana',10,0,'990 Larissa Roads\nWest Sheaport, MO 29304-6852','+1 (890) 731-1880'),(21474,'Ian Dach','KD-17-1-C-5',2,123,'05/09/2008',0,'47419 Grant Light','Montana',1,1,'313 Wilkinson Extensions Apt. 543\nCorwinborough, ME 47377-1985','821.334.4125 x280'),(21475,'Tracey Walker','KD-17-1-C-6',2,123,'18/05/2008',0,'8228 Turner Alley Suite 578','Utah',0,1,'90653 Parisian Motorway Apt. 845\nNorth Alvahfort, AK 62002-9435','(318) 510-4792'),(21476,'Miles Greenfelder','KD-17-1-C-7',2,123,'26/08/2008',0,'96187 McLaughlin Expressway','Ohio',0,0,'98649 Armstrong Circles\nCatalinafort, PA 16914','+1.461.284.6397'),(21477,'Milford Tromp','KD-17-1-C-8',2,123,'18/08/2008',0,'542 Bosco Island','Tennessee',8,0,'454 Grimes Port\nEast Enos, MO 20521','+1-470-931-5021'),(21478,'Taurean Abshire','KD-17-1-C-9',2,123,'16/08/2008',0,'2881 Daphnee Summit','Iowa',5,1,'370 Hamill Bypass\nBoehmfurt, AR 68654','609.569.6149 x2021'),(21479,'Cleveland Prosacco','KD-17-1-C-10',2,123,'11/06/2008',0,'199 Reichel Street Apt. 357','Oregon',1,1,'991 Dawn Stravenue Suite 382\nBeahanfort, DE 70678-4690','+1-750-397-9690'),(21480,'Kane Schaefer','KD-17-1-D-1',2,124,'31/08/2008',0,'893 Domenico Locks','Kentucky',7,0,'8442 Huel Wall Apt. 315\nEmmerichstad, RI 15756','714.293.2768'),(21481,'Kiley Johns','KD-17-1-D-2',2,124,'06/01/2008',0,'49660 Darrin Mountain','Washington',2,1,'30555 Ritchie Meadows\nPort Ervin, CT 35113','1-736-662-1373'),(21482,'Florian Gutkowski','KD-17-1-D-3',2,124,'02/06/2008',0,'25131 Domenic Hill','Rhode Island',2,0,'2902 Domenick Skyway\nNorth Kenny, HI 39084-9778','297.795.1875'),(21483,'Rae Glover','KD-17-1-D-4',2,124,'18/03/2008',1,'2618 Kunde Square Suite 067','Oregon',1,1,'4164 Stokes Views Apt. 107\nEast Audie, RI 60458','745.283.6758'),(21484,'Bret Dickinson','KD-17-1-D-5',2,124,'04/11/2008',0,'600 Eleonore Pine Apt. 507','Kansas',2,1,'4102 Francisca Circle Suite 007\nArmstrongborough, MD 66162','(537) 883-6537 x0036'),(21485,'Beau Goyette','KD-17-1-D-6',2,124,'23/12/2008',0,'6461 Flatley Centers','Illinois',7,0,'960 Jacobi Tunnel\nTianaland, NV 58157-6623','520-967-7097'),(21486,'Porter Thompson','KD-17-1-D-7',2,124,'05/12/2008',0,'4326 Justina Stream','Nebraska',1,1,'121 Patricia Crescent Apt. 359\nHeathcoteborough, CT 48161-9758','(552) 572-8985'),(21487,'Carey Balistreri','KD-17-1-D-8',2,124,'28/10/2008',0,'910 Nienow Terrace','Colorado',0,1,'416 Hettinger Knolls\nSouth Cletusbury, MO 18469','+17605154288'),(21488,'Shanel Spinka','KD-17-1-D-9',2,124,'06/10/2008',1,'4322 Howell Valleys Suite 662','Washington',3,0,'75491 Liliana Causeway\nSouth Merlin, OH 98350','346-714-5184'),(21489,'Delmer Eichmann','KD-17-1-D-10',2,124,'20/01/2008',0,'44659 Pollich Route','Illinois',2,1,'77506 Parker Trail Suite 943\nPort Jovanstad, HI 62520-3958','501-381-2736 x58142'),(21490,'Bartholome Stokes','KD-17-1-D-11',2,124,'05/11/2008',0,'972 Giuseppe Ferry','Michigan',6,1,'8130 Karson River\nAnitashire, AK 82348','+1.296.487.2745'),(21491,'Kim Mann','KD-17-1-D-12',2,124,'12/08/2008',0,'17572 Terrell Course Apt. 948','Kansas',9,1,'593 Devonte Tunnel Apt. 721\nOrnstad, LA 08615-7829','545.630.1459'),(21492,'Kaela Heathcote','KD-17-1-D-13',2,124,'21/10/2008',1,'409 Flavie Dam','Nevada',8,1,'734 Kamille Inlet\nEast Bernadetteshire, MS 87251-5351','1-293-550-5380 x0123'),(21493,'Hope Zieme','KD-17-1-D-14',2,124,'16/05/2008',1,'295 Wehner Flats','New Mexico',10,1,'8479 Timothy Parks Suite 102\nWest Nathanialside, MI 31492','(817) 578-2796 x2880'),(21494,'Joshuah Upton','KD-17-1-E-1',2,125,'13/09/2008',0,'68243 Gutmann Cove Apt. 314','North Dakota',4,0,'9051 Ignacio Mount\nNicolettestad, VA 99378-2737','874-737-4243'),(21495,'Sandy Eichmann','KD-17-1-E-2',2,125,'29/03/2008',1,'508 Marks Ridges Suite 593','Pennsylvania',2,0,'40059 Gerson Shoals Suite 281\nLake Nels, RI 58951','(876) 413-4001'),(21496,'Helmer Mohr','KD-17-1-E-3',2,125,'27/11/2008',0,'84168 Selina Mill','Missouri',7,1,'7980 Viva Walks Suite 539\nNorth Angiemouth, MI 59749-0213','356-398-7063 x385'),(21497,'Adonis Homenick','KD-17-1-E-4',2,125,'17/02/2008',0,'4302 Brandt Cape Suite 270','Missouri',7,0,'6536 Kihn Fields\nLake Stephen, AR 52099','(483) 544-2356 x4156'),(21498,'Mervin Graham','KD-17-1-E-5',2,125,'09/11/2008',0,'983 Augustine Tunnel Suite 150','District of Columbia',6,0,'40676 Norma Hill\nWest Fernfurt, IN 49622-3983','854.410.1969'),(21499,'Barrett Adams','KD-17-1-E-6',2,125,'25/08/2008',0,'686 Wiza Islands','Connecticut',8,1,'175 Hermiston Motorway\nWyattstad, LA 78715','+16784187269'),(21500,'Herminia Klocko','KD-17-1-E-7',2,125,'24/08/2008',1,'6842 Bins Mills Suite 731','Wyoming',7,1,'252 Woodrow Knolls\nWatsicafurt, WV 91015-6005','585.435.1002 x06268'),(21501,'Ava Padberg','KD-17-1-E-8',2,125,'16/10/2008',1,'43176 Brooklyn Mills','South Dakota',5,1,'2919 Lexi Port Suite 173\nEast Nikko, RI 40429-9967','(501) 969-9121 x1507'),(21502,'Israel Bergnaum','KD-17-1-E-9',2,125,'30/09/2008',0,'64553 Crooks Meadows','Kansas',10,1,'48222 Westley Mission\nClementinafort, WA 42459-9316','851.569.9541 x4377'),(21503,'Esta Doyle','KD-17-1-E-10',2,125,'06/10/2008',1,'21719 D\'Amore Harbors Suite 275','California',5,1,'5305 Emie Isle\nPort Novellatown, MO 77958-2766','734.440.6410 x6679'),(21504,'London Weber','KD-17-1-E-11',2,125,'26/10/2008',0,'3034 Delaney Isle','New York',2,1,'942 Zoila Mission Suite 010\nLeuschkeberg, TX 84979','+1-403-376-3594'),(21505,'Jared Daugherty','KD-17-1-E-12',2,125,'09/07/2008',0,'63623 Frami Canyon Suite 826','Rhode Island',10,1,'634 Ullrich Gardens Apt. 044\nWest Kristoffer, NV 33314','+1.845.581.0482'),(21506,'Jason Kuhlman','KD-17-1-E-13',2,125,'16/04/2008',0,'101 Bauch Circle','Illinois',4,1,'70562 Kuhlman Islands\nLake Raymundo, SD 53345','1-595-789-3130'),(21507,'Eriberto Green','KD-17-1-E-14',2,125,'02/04/2008',0,'2879 Janessa Gardens','Pennsylvania',1,1,'507 Darrick Run\nMarianchester, NJ 57682-2101','984-954-0589 x191'),(21508,'Grady Aufderhar','KD-17-1-E-15',2,125,'11/09/2008',0,'1438 Breitenberg Stream Apt. 473','Vermont',9,1,'2882 Modesto Branch Suite 403\nMaryberg, TN 41107','1-987-856-8793'),(21509,'Loy Witting','KD-17-1-F-1',2,126,'14/10/2008',0,'6062 Colt Cove','Kentucky',6,0,'932 Schuppe Parkway\nNorth Serenity, RI 82017-4649','709.252.5884'),(21510,'Tre Hauck','KD-17-1-F-2',2,126,'15/11/2008',0,'62143 Richmond Street','New York',2,1,'75701 Verdie Tunnel Apt. 209\nRemingtonburgh, TX 62074','951.623.3984 x4662'),(21511,'Layla Murray','KD-17-1-F-3',2,126,'23/02/2008',1,'591 Bednar Dale','Texas',8,1,'24722 Hoeger Glen Apt. 623\nWest Nina, DE 41873','632.678.7429'),(21512,'Alicia Hayes','KD-17-1-F-4',2,126,'14/09/2008',1,'2028 Xzavier Hill Suite 084','Colorado',6,0,'55401 Tillman Course\nNorth Jose, PA 76181','1-841-422-4663 x2288'),(21513,'Ocie Bahringer','KD-17-1-F-5',2,126,'03/11/2008',1,'230 Considine Rapids Apt. 043','Washington',10,0,'391 Will Vista\nRobelview, NE 81242','+1-690-714-2911'),(21514,'Terrance Beier','KD-17-1-F-6',2,126,'06/08/2008',0,'50104 Lon Freeway','Missouri',5,0,'7797 Kasandra Bridge\nSouth Joelleville, VA 67109-0865','(517) 407-0003 x599'),(21515,'Cecil Herzog','KD-17-1-F-7',2,126,'18/08/2008',0,'8333 Violet Wall','Tennessee',0,1,'2391 Boehm Lane\nNorth Annalise, MS 09203','394.377.7981 x0629'),(21516,'Santiago Hackett','KD-17-1-F-8',2,126,'09/03/2008',0,'450 Wehner Center Apt. 756','Iowa',2,1,'7979 Bogisich Dam\nRoslynshire, WV 26526','982-677-7005 x016'),(21517,'Baylee Torp','KD-17-1-F-9',2,126,'11/06/2008',0,'601 Greenholt Lock','California',1,0,'4417 Cleo Stravenue\nPort Jabari, OR 31805-3884','827-337-5523 x10286'),(21518,'Frederic Schulist','KD-17-1-F-10',2,126,'28/12/2008',0,'625 Denesik Brook Suite 907','Kansas',6,1,'6585 Witting Meadows\nEast Chadrickside, IA 95589','476-743-5054 x89671'),(21519,'Khalid Lind','KD-17-1-F-11',2,126,'10/08/2008',0,'1024 Padberg Springs Apt. 941','Kentucky',3,0,'474 Cameron Courts Suite 866\nPort Jonathan, MD 47554-0034','1-801-309-9000 x278'),(21520,'Nicholaus Marvin','KD-17-1-F-12',2,126,'10/11/2008',0,'5746 Grace Key','Vermont',4,1,'564 Satterfield Branch\nBreitenbergfort, MD 09052-5666','(631) 644-0352 x849'),(21521,'Karley Christiansen','KD-17-1-F-13',2,126,'04/09/2008',0,'126 Maegan Hills','Colorado',10,1,'4899 Mante Square\nLake Jamirside, IN 90999-4115','483.569.5668 x9342'),(21522,'Darion Grant','KD-17-1-F-14',2,126,'17/06/2008',0,'18531 Renner Bridge Apt. 411','Louisiana',9,1,'8577 Retha Street\nPort Nora, IL 03663-8860','+1 (218) 869-7911'),(21523,'Delfina Watsica','KD-17-1-F-15',2,126,'14/05/2008',1,'8664 May Center','Pennsylvania',1,1,'374 Finn Port\nWest Connie, MN 52637','+1 (507) 595-2992'),(21524,'Jammie Rempel','KD-17-1-F-16',2,126,'20/08/2008',1,'36919 Rachelle Park','Louisiana',3,1,'828 King Fords Suite 395\nEast Lilla, MS 11438-5631','731.459.8461'),(21525,'Meredith Denesik','KD-17-1-F-17',2,126,'27/05/2008',1,'489 Dangelo Road Suite 104','South Dakota',8,0,'52611 Ratke Union\nPort Caliville, NM 75822-8646','1-830-392-3176 x1142'),(21526,'Fabian Kreiger','KD-17-1-F-18',2,126,'27/09/2008',0,'40388 Laisha Parkways Apt. 620','West Virginia',2,0,'864 Damaris Parkways Suite 778\nAlbaton, CT 75891','731-540-2072 x9184'),(21527,'Ellie Hayes','KD-17-1-G-1',2,127,'27/03/2008',1,'63515 Shanny Plains','Alabama',10,0,'8561 Ullrich Plaza\nHuelchester, AK 10900','+1-490-270-9218'),(21528,'Alessia Parisian','KD-17-1-G-2',2,127,'23/10/2008',1,'6660 Simone Track Apt. 626','Tennessee',2,1,'45577 Koepp Curve\nWest Jeannefurt, WV 06091-3544','1-637-597-4557 x3769'),(21529,'Caden Cassin','KD-17-1-G-3',2,127,'08/07/2008',0,'81514 Elsa Spring','District of Columbia',5,0,'3097 Roberts Parkways Suite 990\nLake Dalton, ID 75676','296.703.9469'),(21530,'Jean Johnson','KD-17-1-G-4',2,127,'24/06/2008',0,'3445 Bradtke Rest Suite 614','New York',5,1,'85838 Judson Spur\nBlandahaven, NM 58300-1948','+1 (796) 834-2735'),(21531,'Nicholas Spinka','KD-17-1-G-5',2,127,'29/12/2008',0,'6666 Bernhard Fall','Nevada',3,1,'90979 Schuster Lakes\nBraunchester, KY 82614-8024','(846) 591-5771'),(21532,'Sebastian Walsh','KD-17-1-G-6',2,127,'19/09/2008',0,'7559 Josephine Divide Suite 311','Hawaii',4,1,'475 Keebler Trafficway Apt. 055\nMaverickmouth, NM 71877','1-630-619-7473 x6450'),(21533,'Lolita Upton','KD-17-1-G-7',2,127,'08/01/2008',1,'5448 Margarete Rue Suite 053','Wisconsin',10,0,'47080 Gwendolyn Place\nWittinghaven, OR 02326-0832','989-616-0583 x868'),(21534,'Willy McDermott','KD-17-1-G-8',2,127,'15/04/2008',0,'9360 Jones Bypass','Montana',6,1,'45435 Allan Turnpike Apt. 924\nAylinmouth, NV 57247-4015','1-378-688-5322'),(21535,'Sean Gleichner','KD-17-1-G-9',2,127,'16/03/2008',0,'47209 Rath Center','Massachusetts',0,1,'7824 Berge Place Apt. 814\nEast Brown, IL 28131','910-948-8140 x614'),(21536,'Maxine Heathcote','KD-17-1-G-10',2,127,'17/02/2008',0,'65249 Loyal Cliffs','Idaho',1,1,'51204 London Knolls\nErynborough, CA 44614-2175','1-770-901-0117'),(21537,'Carlie Bartoletti','KD-17-1-H-1',2,128,'02/02/2008',1,'6707 Homenick Falls Apt. 730','New Jersey',8,0,'3329 Volkman Brooks\nLake Ulises, NV 60023','560.759.1488 x901'),(21538,'Eusebio Cummerata','KD-17-1-H-2',2,128,'02/11/2008',0,'885 Khalil Rapids','Connecticut',7,1,'975 Stark Via\nEast Guido, ME 90162-7244','868-489-3529'),(21539,'Hanna Konopelski','KD-17-1-H-3',2,128,'16/02/2008',1,'7767 Joelle River','Michigan',9,1,'23508 Bert Rapids Suite 773\nPort Marguerite, NJ 43168','(537) 313-5568 x4794'),(21540,'Tad Effertz','KD-17-1-H-4',2,128,'04/08/2008',0,'4883 German Ridge','North Dakota',7,1,'383 Beer Village\nEast Una, MT 91632-7809','(486) 252-9812 x9119'),(21541,'Shakira Price','KD-17-1-H-5',2,128,'12/01/2008',1,'4750 Hettinger Fork Apt. 692','Montana',2,0,'48798 Sterling Manor Apt. 249\nNorth Arvel, OR 11243-9894','696-667-0979 x316'),(21542,'Etha Toy','KD-17-1-H-6',2,128,'03/06/2008',1,'96659 Pamela Dale','Nebraska',0,1,'889 Grimes Trail Suite 019\nCordiebury, LA 02154-5391','247.345.2822'),(21543,'Jana Schroeder','KD-17-1-H-7',2,128,'03/05/2008',1,'829 Kessler Manor Suite 990','Montana',10,1,'33247 Schaefer Flats Suite 580\nPort Waltontown, CT 21871','+1 (761) 412-1721'),(21544,'Olga Senger','KD-17-1-H-8',2,128,'21/09/2008',1,'8607 Bogan Stream Suite 682','Illinois',9,0,'9954 Koelpin Path\nBurdetteberg, DE 71437','624.671.7472 x7313'),(21545,'Drew Leannon','KD-17-1-H-9',2,128,'18/12/2008',1,'64783 Seth Tunnel Apt. 944','Tennessee',5,0,'466 Thora Rest\nBenberg, SD 09395','1-618-873-5136 x2664'),(21546,'Gladys O\'Connell','KD-17-1-H-10',2,128,'20/01/2008',1,'9393 Olen Manor Suite 164','Missouri',3,0,'59869 Schuppe Alley Apt. 839\nLake Mason, AZ 75166-2708','+13275862549'),(21547,'Evelyn McCullough','KD-17-1-H-11',2,128,'30/01/2008',1,'1712 Carol Trail','District of Columbia',5,0,'13281 Armani Parks\nLake Mozell, MO 79584','652-574-1587'),(21548,'Orlando Dickens','KD-17-1-H-12',2,128,'09/07/2008',0,'44140 Graham Fall','Wisconsin',7,0,'62738 Rohan Radial\nNataliechester, KS 31861','+1 (932) 266-7143'),(21549,'Jany Bernhard','KD-17-1-H-13',2,128,'18/02/2008',1,'61249 Gorczany Manor Apt. 347','District of Columbia',3,0,'53554 Green Valleys\nFeestborough, ID 91924-8774','857.818.2187 x8524'),(21550,'Isabel Kerluke','KD-17-1-H-14',2,128,'02/09/2008',1,'1798 Yasmeen Green Apt. 310','Idaho',7,0,'687 Ashlynn Mall Suite 908\nNew Marie, TN 05397','590-688-3725 x25832'),(21551,'London Quigley','KD-17-1-H-15',2,128,'20/04/2008',0,'749 Davin Avenue Apt. 145','Michigan',9,1,'3053 Estella Causeway Apt. 307\nNorth Ciara, FL 16238','923-336-2317 x8832'),(21552,'Ora Bruen','KD-17-1-H-16',2,128,'19/01/2008',1,'18660 Terry Ville','Illinois',9,0,'2405 Lowe Center\nVidahaven, AL 06306-0583','583.514.7284'),(21553,'Bessie Oberbrunner','KD-17-1-H-17',2,128,'21/02/2008',1,'508 Yost Ridge Suite 622','South Carolina',5,0,'1323 Tromp Stream\nVandervortville, IN 97934','712-429-7691 x261'),(21554,'Aniya Sipes','KD-17-1-H-18',2,128,'04/03/2008',1,'7248 Konopelski Ferry','Oklahoma',8,1,'974 Dexter Lakes Apt. 571\nLeuschkeberg, NV 04188-3203','482.927.7791 x402'),(21555,'Jacquelyn Kuhn','KD-17-1-I-1',2,129,'21/02/2008',1,'63193 Cruickshank Run','New Mexico',7,0,'83731 Wiegand Centers\nSouth Gladyce, GA 19671','1-573-813-5596'),(21556,'Maximilian Reilly','KD-17-1-I-2',2,129,'19/08/2008',0,'1618 Kolby Springs','Maryland',3,0,'31491 Lonie Streets Suite 223\nNorth Xzavierport, MD 11980-0921','513-367-5481'),(21557,'Jeanie Hermiston','KD-17-1-I-3',2,129,'23/05/2008',1,'973 Alessandro Pines Apt. 807','Idaho',0,1,'68797 Rempel Plains Apt. 988\nHermanmouth, CT 42841-2454','965.386.8990'),(21558,'Maribel Borer','KD-17-1-I-4',2,129,'14/10/2008',1,'3643 Goldner Meadow','Illinois',3,1,'32169 McCullough Avenue Suite 315\nAlexandriafort, ND 14759-2643','1-527-579-8910 x7975'),(21559,'Aisha Huels','KD-17-1-I-5',2,129,'16/08/2008',1,'28640 Littel Circle Apt. 486','Montana',4,0,'18961 Velma Garden\nPort Margaretteton, MD 51899','432.938.7860'),(21560,'Jody Bartoletti','KD-17-1-I-6',2,129,'16/07/2008',1,'9590 Nathaniel Port Apt. 683','Alaska',5,1,'9062 Krajcik Underpass Suite 371\nWest Grayceside, LA 23476','468.283.2829 x970'),(21561,'Zachariah Fritsch','KD-17-1-I-7',2,129,'08/05/2008',0,'6789 Luis Extensions','South Carolina',6,0,'552 Elvis Crescent\nNew Ileneburgh, NM 43672','1-902-614-5720'),(21562,'Colby Hammes','KD-17-1-I-8',2,129,'05/03/2008',0,'5655 Harvey Shoal Apt. 205','Iowa',2,1,'4944 Bradtke Village Suite 019\nEast Alena, ND 75691-6247','+1.801.253.7383'),(21563,'Modesta Welch','KD-17-1-I-9',2,129,'14/02/2008',1,'7851 Parisian Mountains','Virginia',10,1,'8053 Pfeffer Street\nWatsicaton, KS 15230','(792) 596-7790'),(21564,'Marion Robel','KD-17-1-I-10',2,129,'17/04/2008',1,'457 Lynch Points','Oregon',8,1,'792 Faustino Square Apt. 083\nSouth Heatherburgh, MN 14788-4437','(842) 715-3452'),(21565,'Roscoe Boehm','KD-17-1-I-11',2,129,'10/09/2008',0,'72710 Anahi Point','Georgia',7,1,'4186 Dicki Land Apt. 298\nNikitaport, MS 03289','754-880-7797 x892'),(21566,'Lexie Gorczany','KD-17-1-I-12',2,129,'21/08/2008',1,'9519 Moore Orchard Suite 930','Pennsylvania',6,1,'344 Shanel Flats Suite 336\nGlenstad, NM 10004-3235','+1-860-628-4558'),(21567,'Jadon Heller','KD-17-1-I-13',2,129,'17/06/2008',0,'4939 Jerde Shoal Apt. 807','Maryland',9,1,'46144 Halvorson Forks Apt. 859\nMadelineport, MI 47241-8061','(937) 677-0173 x8595'),(21568,'Thad Conn','KD-17-1-J-1',2,130,'18/05/2008',0,'849 Mariela Place Suite 478','District of Columbia',0,1,'62191 Kutch Flat\nLindgrenstad, ID 47917','1-304-691-9189'),(21569,'Verona Senger','KD-17-1-J-2',2,130,'14/04/2008',1,'23462 Lydia Lodge','West Virginia',4,0,'437 Alena Common Apt. 035\nMaymiefurt, CO 18934','208.992.9955 x286'),(21570,'Lavonne Heaney','KD-17-1-J-3',2,130,'08/12/2008',1,'992 Rogahn Corners','South Carolina',7,0,'581 Modesto Skyway Apt. 090\nEast Cheyenne, MS 20153','1-815-932-9186 x956'),(21571,'Edwin McGlynn','KD-17-1-J-4',2,130,'23/10/2008',0,'149 Bud Pines Apt. 227','Vermont',6,1,'933 Bryce Stream\nEast Haliestad, HI 54093-1210','1-252-774-0298 x0629'),(21572,'Juliet Jast','KD-17-1-J-5',2,130,'02/06/2008',1,'28375 Schuster Spurs','Nebraska',10,0,'13537 Swaniawski Oval Suite 963\nNorth Charlesview, OH 73234-5490','(269) 807-1621 x1442'),(21573,'Anabel Smitham','KD-17-1-J-6',2,130,'24/08/2008',1,'1936 Wolff Underpass Apt. 687','Iowa',1,0,'306 Aileen Landing Suite 288\nWest Juliet, NE 97679-2080','1-703-707-0215 x1435'),(21574,'Mohamed Adams','KD-17-1-J-7',2,130,'07/06/2008',0,'7231 Ryder Mission Apt. 363','Florida',4,0,'245 Spinka Burg\nLake Sigmund, NY 75062','(975) 494-9375 x1845'),(21575,'Waldo Gutmann','KD-17-1-J-8',2,130,'01/04/2008',0,'22891 Syble Burgs','New Jersey',8,1,'818 Talon Forge Suite 118\nLindfort, AL 59121','1-725-715-7643'),(21576,'Gwendolyn Walsh','KD-17-1-J-9',2,130,'13/06/2008',1,'40405 Florine Square Apt. 456','New Hampshire',2,0,'50266 Harrison Shores\nNew Myrtisside, NV 07155-1062','(969) 463-5572 x2478'),(21577,'Else Kiehn','KD-17-1-J-10',2,130,'02/01/2008',1,'52906 Maxwell Plains Suite 939','West Virginia',6,0,'6974 Kulas Rest\nPort Kurtis, CO 60235','574-610-6361 x49280'),(21578,'Oleta Armstrong','KD-17-1-J-11',2,130,'10/03/2008',1,'11875 Raphael Park Apt. 616','Arizona',0,0,'47352 Sophia Mission Suite 045\nWest Joel, MN 34260','574.814.7460'),(21579,'Reynold Rath','KD-17-2-A-1',2,131,'06/06/2009',0,'118 Murphy Crescent','Kentucky',8,1,'899 Rosetta Fall\nEast Lennabury, HI 45574','843.342.6274 x76132'),(21580,'Kenna Littel','KD-17-2-A-2',2,131,'07/03/2009',1,'482 Carroll Heights Apt. 743','Alabama',7,0,'3910 Halvorson Motorway Suite 841\nFlossieborough, KS 11300','705.863.8796 x101'),(21581,'Susan Bosco','KD-17-2-A-3',2,131,'22/06/2009',1,'7865 Rudolph Island','Massachusetts',0,0,'260 Turner Roads Apt. 381\nNew Curtborough, CO 00982','(851) 372-4631 x3931'),(21582,'Nyasia Crona','KD-17-2-A-4',2,131,'06/07/2009',1,'41429 Nikolaus Drives Apt. 148','Oklahoma',8,0,'89377 Harris Landing Apt. 884\nGerdaland, WI 75583','(653) 555-9971'),(21583,'Prudence Trantow','KD-17-2-A-5',2,131,'21/02/2009',1,'12740 Zulauf Harbors Apt. 041','New Jersey',3,1,'549 Wiegand Course\nBeattyport, CT 70956','641.698.8000 x726'),(21584,'Jonathan Welch','KD-17-2-A-6',2,131,'01/01/2009',0,'27584 Genoveva Row Apt. 829','Delaware',0,1,'4334 Alysson Rue\nPort Bettyview, SC 20434-7748','(264) 444-9257'),(21585,'Kenneth Pagac','KD-17-2-A-7',2,131,'29/02/2009',0,'56791 Rosie Dale','Virginia',6,1,'788 Quinten Terrace\nKutchborough, VA 76021-6018','+1 (918) 610-1872'),(21586,'Carlie Bahringer','KD-17-2-A-8',2,131,'16/07/2009',1,'3574 Alexandria Court Apt. 144','Arizona',4,1,'8840 Heathcote Plain Apt. 771\nEast Juvenalborough, PA 22459-7133','+1-740-671-0231'),(21587,'Russel Schowalter','KD-17-2-A-9',2,131,'17/02/2009',0,'839 Karianne Fork Suite 194','Montana',0,0,'26982 Hermiston Ferry\nLake Danny, NH 27798-2365','1-657-324-4488 x4602'),(21588,'Betty Jenkins','KD-17-2-A-10',2,131,'28/07/2009',1,'624 Elizabeth Trafficway','Tennessee',6,1,'38064 Colin Oval\nSouth Agustinburgh, KS 71509','1-636-989-8806 x6017'),(21589,'Anibal Leuschke','KD-17-2-A-11',2,131,'07/12/2009',0,'7099 Maudie Course Apt. 109','Wisconsin',3,0,'9407 Harris Mountains\nClairebury, AK 68574-2207','1-442-631-5257'),(21590,'Mandy McGlynn','KD-17-2-A-12',2,131,'17/03/2009',1,'77666 Ruth Streets Apt. 766','Indiana',1,0,'72379 Liana Ports Apt. 458\nNorth Brannonport, NC 77951-8946','+1.260.892.0444'),(21591,'Augustine Gislason','KD-17-2-B-1',2,132,'18/04/2009',1,'950 Stacey Well Apt. 995','Kentucky',1,1,'62506 Amalia Locks Apt. 832\nWest Erwin, OK 46694-9377','1-995-440-5454 x012'),(21592,'Johnathon Murray','KD-17-2-B-2',2,132,'29/12/2009',0,'9816 Camila Port Apt. 795','Nevada',10,0,'4272 Rocio Mill\nDelphiahaven, CA 56838','1-441-295-5863 x2419'),(21593,'Kayli Dickinson','KD-17-2-B-3',2,132,'01/01/2009',1,'545 Beier Ranch','Colorado',6,1,'706 Rempel Bridge Suite 865\nSouth Paolo, DC 66943-9274','+1-667-251-6307'),(21594,'Pascale Breitenberg','KD-17-2-B-4',2,132,'17/08/2009',1,'565 Gleason Flats','Alaska',3,0,'9389 Gussie Viaduct\nSouth Mae, MS 59862','(373) 393-6799'),(21595,'Lysanne Runolfsdottir','KD-17-2-B-5',2,132,'01/01/2009',1,'634 Feeney Parkways Suite 544','Wisconsin',4,1,'1318 Riley Lights Suite 872\nEast Winona, WV 50438-2355','1-995-344-6938 x5420'),(21596,'Layne Metz','KD-17-2-B-6',2,132,'29/12/2009',0,'19791 Spinka Falls Apt. 000','Alabama',9,1,'5658 Lawrence Plains Suite 078\nGerlachchester, VT 64769','1-946-778-6752 x6076'),(21597,'Virgil Rohan','KD-17-2-B-7',2,132,'19/08/2009',0,'1275 Alize Flats','Vermont',4,1,'319 Schiller Spur\nEast Todton, DE 59655-1506','726-341-5195'),(21598,'Danny Marks','KD-17-2-B-8',2,132,'06/01/2009',0,'128 Nikolaus Islands Apt. 531','Connecticut',2,1,'31330 Brock Harbors\nPort Adityahaven, AR 50777-6798','(254) 613-9369'),(21599,'Flavie Nolan','KD-17-2-B-9',2,132,'09/01/2009',1,'3424 Guadalupe Grove Suite 171','Georgia',10,0,'743 Jacobi Fort\nEast Juddland, ME 30541','825-325-3391'),(21600,'Lelah Runolfsdottir','KD-17-2-B-10',2,132,'29/05/2009',1,'46854 Kautzer Isle Suite 098','New York',2,0,'71429 Lauren Plain Suite 502\nMelvinaberg, NJ 77412-9345','990.257.7453'),(21601,'Cary Doyle','KD-17-2-B-11',2,132,'06/09/2009',0,'5198 Salvatore Ports Suite 741','Iowa',6,0,'552 Burley Knolls\nDareview, TN 77828','760.445.4756'),(21602,'Rogelio Ratke','KD-17-2-B-12',2,132,'21/01/2009',0,'9997 Vernon Park Apt. 796','Connecticut',10,0,'854 Furman Rest\nKleintown, ID 47594-1429','1-594-873-8498'),(21603,'Maxie Kassulke','KD-17-2-B-13',2,132,'04/04/2009',1,'208 Jackson Extensions Suite 568','Arizona',10,0,'2792 Drake Burgs Apt. 263\nBoyleburgh, OH 22857-9619','(963) 240-6425'),(21604,'Florence Hermann','KD-17-2-B-14',2,132,'19/09/2009',1,'389 Deckow Island Suite 409','Oklahoma',7,1,'3119 Weber Springs Apt. 158\nMaggioview, LA 30843-7705','+15747137425'),(21605,'Trever Leffler','KD-17-2-B-15',2,132,'19/04/2009',0,'272 Dickens Alley','North Dakota',9,0,'538 Colton Trail\nSouth Maximillian, NC 62895-8533','717-314-7503 x222'),(21606,'Joel Weimann','KD-17-2-B-16',2,132,'02/01/2009',0,'68817 Brekke Club','Texas',2,1,'765 Rodriguez Motorway Apt. 471\nNew Nicolas, WY 54522','+1-790-823-6454'),(21607,'Myriam Hammes','KD-17-2-B-17',2,132,'25/05/2009',1,'65387 Corwin Lane','Georgia',3,1,'57255 Schuppe Highway\nEast Meganeport, ND 33520','1-275-873-0678 x2611'),(21608,'Brice Dicki','KD-17-2-B-18',2,132,'15/05/2009',0,'12526 Towne Extensions Apt. 701','Colorado',8,1,'3701 Tavares Park\nNew Juniorville, MO 26816-1077','1-872-999-2277'),(21609,'Sheldon Hudson','KD-17-2-B-19',2,132,'26/05/2009',0,'1931 Ritchie Groves','Hawaii',0,0,'93518 DuBuque Burgs\nAndersonside, KY 61276','+12292045693'),(21610,'Alvina Beier','KD-17-2-B-20',2,132,'09/10/2009',1,'2328 Nikki Dale','Nevada',1,1,'726 Adriana Spur Apt. 802\nAshleefurt, RI 77799-0331','667.250.8437 x8214'),(21611,'Maxwell Kreiger','KD-17-2-C-1',2,133,'26/02/2009',0,'1133 Witting Point','North Carolina',6,1,'428 Sean Motorway Apt. 029\nEast Tristinfurt, PA 70384','+1-240-269-1379'),(21612,'Reuben Bechtelar','KD-17-2-C-2',2,133,'26/12/2009',0,'174 Emmerich Camp Apt. 525','West Virginia',4,0,'9917 Elvie Lakes Apt. 908\nDuBuquefurt, RI 72734','696-781-2310 x220'),(21613,'Destany Wisozk','KD-17-2-C-3',2,133,'14/07/2009',1,'7656 Heaven Locks Apt. 398','Tennessee',6,0,'1608 Talia Bypass\nGeraldineton, CO 00094','851.765.9929'),(21614,'Dominic Kessler','KD-17-2-C-4',2,133,'08/04/2009',0,'9756 Crona Motorway','Idaho',3,1,'675 Stracke Coves\nWest Ovaland, WV 81997-9501','980.597.9790 x068'),(21615,'Laurie Robel','KD-17-2-C-5',2,133,'06/12/2009',1,'48321 Anderson Forest Apt. 139','Maryland',10,1,'4789 Waelchi Landing\nMorarview, PA 06144','+1.689.676.7332'),(21616,'Jeff Olson','KD-17-2-C-6',2,133,'01/04/2009',0,'47502 Jonatan Harbors','North Dakota',10,0,'1634 Devan Plains\nKshlerintown, WY 42371','1-927-363-3922'),(21617,'Felton Keebler','KD-17-2-C-7',2,133,'20/05/2009',0,'538 Olson Estates Apt. 251','Arizona',4,0,'188 Gaylord Drives Suite 769\nLake Lottieport, IA 55836','352.702.2044 x4726'),(21618,'Jalyn Schulist','KD-17-2-C-8',2,133,'20/01/2009',1,'716 Raphaelle Lakes','Arkansas',2,1,'7524 Medhurst Radial Apt. 861\nCeliaberg, NV 97320-6000','602.701.1104 x10362'),(21619,'Anahi Morar','KD-17-2-C-9',2,133,'07/06/2009',1,'23350 Marvin Divide','New Hampshire',5,1,'488 Stoltenberg Union\nWest Litzyfort, MA 75610-4410','1-924-305-4485'),(21620,'Charlie Mertz','KD-17-2-C-10',2,133,'05/03/2009',0,'608 Caesar Grove Suite 813','Alaska',3,1,'41200 Boehm Crescent\nNew Devanshire, MN 44548','1-573-477-5446 x5537'),(21621,'Carley Friesen','KD-17-2-C-11',2,133,'22/10/2009',1,'83904 Hamill Summit','Virginia',1,0,'870 Brigitte Summit Apt. 849\nPort Isabella, IA 46189-9543','(706) 243-2365 x187'),(21622,'Leonie Donnelly','KD-17-2-C-12',2,133,'11/04/2009',1,'111 Hermann Divide','New Jersey',9,1,'700 Powlowski Walk Apt. 851\nHilpertburgh, WV 04200','+1-360-831-7950'),(21623,'Chester Weimann','KD-17-2-C-13',2,133,'01/08/2009',0,'44449 Boris Shoals Apt. 956','Montana',4,0,'379 Reichel Bridge\nTillmanstad, WV 79428','(730) 973-3207'),(21624,'Brett O\'Conner','KD-17-2-C-14',2,133,'19/06/2009',0,'2870 Gabrielle Cape Apt. 191','Montana',7,0,'173 Antonia Port Apt. 599\nEast Connorshire, ND 07682-3588','513.859.2137 x5552'),(21625,'Fern Thompson','KD-17-2-C-15',2,133,'07/05/2009',0,'67188 Bruen Ranch','Pennsylvania',5,1,'811 Jermaine Mission\nPort Kenyon, GA 00138-0266','847.980.5566'),(21626,'Autumn Christiansen','KD-17-2-C-16',2,133,'20/12/2009',1,'324 Rosenbaum Street','New Hampshire',2,1,'631 Metz Ranch Apt. 125\nEast Mark, ND 23027-2956','952-729-7696'),(21627,'Camron Bruen','KD-17-2-C-17',2,133,'25/11/2009',0,'5445 Kale Via','Texas',3,1,'827 Zemlak Heights\nDuBuquemouth, NC 38047','453.436.0967 x706'),(21628,'Kylee Cartwright','KD-17-2-D-1',2,134,'18/11/2009',1,'44061 Reese Tunnel Suite 107','Illinois',10,1,'6794 Augustine Roads\nWest Betteland, PA 41623','424-623-9208'),(21629,'Simeon Wilkinson','KD-17-2-D-2',2,134,'14/02/2009',0,'1480 Hansen Course Apt. 536','South Dakota',10,1,'9783 Denis Wall\nWalshstad, LA 47293-5862','+1 (446) 769-6254'),(21630,'Savannah Kris','KD-17-2-D-3',2,134,'24/08/2009',1,'34449 Bode Green Suite 362','Virginia',8,0,'92670 Odie Valleys\nMadelynnside, NV 89739','(904) 845-5173 x5603'),(21631,'Faustino Buckridge','KD-17-2-D-4',2,134,'07/07/2009',0,'167 King Spurs','Colorado',3,0,'702 Wisoky Corner\nSouth Nyasia, AL 53607-6247','+1-353-644-0097'),(21632,'Tyrel Cronin','KD-17-2-D-5',2,134,'26/10/2009',0,'44425 Norbert Green','Illinois',5,1,'935 Crist Rapids\nLynchfort, CO 97167','(813) 236-0417 x011'),(21633,'Verda Hills','KD-17-2-D-6',2,134,'23/10/2009',1,'9619 Murl Underpass','Texas',2,0,'4563 Pollich Circles\nAbechester, NY 98220','587.575.3154'),(21634,'Leila Hoeger','KD-17-2-D-7',2,134,'26/12/2009',1,'10703 Karl Station Suite 722','Maine',7,1,'83520 Runte Divide Suite 855\nNew Marquesport, WV 32809-2044','1-338-477-1389'),(21635,'Cade Williamson','KD-17-2-D-8',2,134,'25/02/2009',0,'9342 Dare Ridge Apt. 726','Mississippi',6,0,'282 Friesen Hills Suite 124\nWelchbury, AL 63643','+1.859.994.0878'),(21636,'Anderson Turcotte','KD-17-2-D-9',2,134,'30/09/2009',0,'6555 Richard Stream','Maine',1,0,'3270 Vernie Row\nNorth Hunterfurt, OR 16451','252-898-6221'),(21637,'Lucy Rice','KD-17-2-D-10',2,134,'17/06/2009',1,'7469 Parisian Harbor','Colorado',1,0,'94745 Lilly Branch\nNorth Taylorton, NC 56866-7994','424-867-4447 x995'),(21638,'Seth Williamson','KD-17-2-E-1',2,135,'02/04/2009',0,'38509 Nico Cliffs','Hawaii',6,1,'7698 Bartoletti Lake Suite 096\nLake Makaylaside, DC 38704','967-467-9707'),(21639,'Virginia Fahey','KD-17-2-E-2',2,135,'15/01/2009',1,'9296 Mertz Hill Apt. 655','North Carolina',10,0,'783 Keshaun Mountains Suite 654\nSipesport, NJ 32061','(316) 286-3825'),(21640,'Florencio Pollich','KD-17-2-E-3',2,135,'03/03/2009',0,'871 Rozella Harbor','Mississippi',4,1,'215 Jameson Villages Apt. 297\nEthamouth, CA 96778','463.462.7325 x9367'),(21641,'Delaney Langworth','KD-17-2-E-4',2,135,'13/08/2009',0,'35359 Irma Turnpike','Alabama',8,0,'32396 Renner Centers Suite 483\nJaronside, ND 82665-2065','1-342-339-6553'),(21642,'Beatrice Dooley','KD-17-2-E-5',2,135,'31/10/2009',1,'63514 Kailey Loaf Suite 027','New Hampshire',5,0,'97752 Princess Wells Suite 751\nLucyview, AR 61676','+1-813-629-4102'),(21643,'Sylvia Marquardt','KD-17-2-E-6',2,135,'20/08/2009',1,'65108 Mitchell Tunnel','Florida',5,1,'85271 Huel Street\nHeidenreichhaven, DE 46604-6873','(592) 314-3188 x4989'),(21644,'Jeromy Emard','KD-17-2-E-7',2,135,'02/02/2009',0,'5892 Trey Views Suite 387','North Carolina',9,0,'515 Felicita Course Apt. 068\nWest Christopher, ME 85293-9095','1-483-836-1337'),(21645,'America Macejkovic','KD-17-2-E-8',2,135,'23/12/2009',1,'149 Theo Ford Suite 114','New Mexico',10,0,'278 Emmerich Knoll Apt. 191\nWest Linnieshire, ID 35837-6996','+1-986-590-9172'),(21646,'Josephine Klocko','KD-17-2-E-9',2,135,'21/03/2009',1,'40848 Jast Crossroad Apt. 427','New York',0,0,'56095 Simonis Course\nBellport, ME 86524','276-622-6123'),(21647,'Kaley Metz','KD-17-2-E-10',2,135,'07/07/2009',0,'164 Lang Inlet','Alaska',2,0,'6818 Rocio Pass Apt. 312\nReynoldsberg, NY 17049','+17975727148'),(21648,'Emilie Lubowitz','KD-17-2-E-11',2,135,'20/10/2009',1,'167 Hammes Underpass Apt. 650','Illinois',10,1,'20554 Johnpaul Drive\nEast Arthurfurt, DE 62556','(232) 585-1231 x381'),(21649,'Alexandrea Rempel','KD-17-2-E-12',2,135,'13/07/2009',1,'830 Alia Rue','California',8,1,'9474 Tiana Drive\nPort Carterborough, TN 02839-9340','+1 (815) 895-3404'),(21650,'Carli Klocko','KD-17-2-E-13',2,135,'04/02/2009',1,'93449 Lang Forest Suite 462','Utah',4,0,'4724 Albina Summit\nSmithamfort, IL 15159-7728','+1-928-552-8768'),(21651,'Maynard Turner','KD-17-2-E-14',2,135,'08/12/2009',0,'749 Zita Lock Apt. 688','Michigan',0,1,'1589 Jamison Mountains Apt. 058\nNorth Lancemouth, OR 52502','1-564-816-1551'),(21652,'Preston Huel','KD-17-2-E-15',2,135,'07/09/2009',0,'718 Sporer Via Apt. 714','Vermont',6,1,'985 Breitenberg Run Suite 271\nEast Carmelo, KS 43255-5568','414.380.0055'),(21653,'Haleigh Luettgen','KD-17-2-E-16',2,135,'13/04/2009',0,'33737 Lynch Flat Apt. 276','Virginia',0,0,'158 Emmerich Via Suite 927\nEnidmouth, CT 03267-9621','1-216-597-3500 x3809'),(21654,'Eulah Mann','KD-17-2-F-1',2,136,'27/05/2009',1,'1689 Immanuel Place Apt. 557','Nevada',2,0,'64569 Caleigh Knoll\nLyricville, MS 08638','686.416.9343 x288'),(21655,'Orlando Gleichner','KD-17-2-F-2',2,136,'07/02/2009',0,'167 Casper Forks','Illinois',4,1,'7219 Finn Lakes\nSouth Marquisehaven, MO 85958-3929','(382) 543-5360 x060'),(21656,'Reymundo Reynolds','KD-17-2-F-3',2,136,'24/06/2009',0,'59564 Velva Alley Apt. 430','North Carolina',3,0,'33716 Mills Crescent Apt. 670\nSatterfieldland, FL 46157-7299','282.773.0755'),(21657,'Alda Swaniawski','KD-17-2-F-4',2,136,'18/12/2009',1,'21253 Weissnat Lane','Alabama',6,1,'7523 Luettgen Wall\nEast Brucefort, NJ 99759','309-290-0110'),(21658,'Letha Veum','KD-17-2-F-5',2,136,'16/05/2009',1,'982 Durgan Curve Suite 683','Arkansas',6,1,'9370 Hessel Isle Suite 400\nPort Floyfurt, ME 08485-1485','271-277-2330'),(21659,'Lenora VonRueden','KD-17-2-F-6',2,136,'14/01/2009',1,'5617 Ellen Mountain Apt. 167','Delaware',3,1,'9989 Broderick Turnpike Apt. 645\nNew Louburgh, IA 28795','(681) 989-9181 x5484'),(21660,'Jaquan Feest','KD-17-2-F-7',2,136,'14/02/2009',0,'47033 Schroeder Throughway','South Dakota',5,1,'9297 Pfeffer Crest\nGleichnerfort, NE 93051','1-479-312-4167 x9141'),(21661,'Jada Strosin','KD-17-2-F-8',2,136,'21/04/2009',1,'123 Dicki Views Suite 134','Illinois',6,1,'5836 Marks Parks\nMagdalenchester, MT 71575-6446','+1-836-557-1682'),(21662,'Carolanne Mertz','KD-17-2-F-9',2,136,'04/02/2009',1,'1906 Legros Port Suite 859','New Hampshire',3,0,'8041 Laurie Skyway Suite 766\nKirstinhaven, NE 46726-5067','1-256-290-1751'),(21663,'Murphy Sanford','KD-17-2-F-10',2,136,'30/05/2009',0,'26280 Trey Lock','Arkansas',4,1,'225 Lynn Garden\nPort Libbyview, OH 85436-1339','+1.826.550.8542'),(21664,'Ransom Boehm','KD-17-2-F-11',2,136,'16/10/2009',0,'1211 Torphy Lodge','Colorado',10,1,'349 Scotty Summit Suite 878\nSouth Mariam, NJ 36610-6895','484-654-1078 x9869'),(21665,'Marina Aufderhar','KD-17-2-F-12',2,136,'10/06/2009',1,'71986 Wilderman Flat Apt. 471','Hawaii',0,0,'207 Jedidiah Highway\nNew Jamieborough, VA 15857-2159','(932) 473-9094'),(21666,'Kolby Lemke','KD-17-2-F-13',2,136,'16/10/2009',0,'223 Bartholome Spurs','Pennsylvania',1,1,'87399 Darrell Vista\nYundtfurt, IN 20060-3554','+1-564-627-9841'),(21667,'Adriana Dare','KD-17-2-G-1',2,137,'10/05/2009',1,'72762 Rogers Landing','South Carolina',9,0,'9740 Boyer Locks Apt. 211\nPort Greysonfurt, AZ 64876','(365) 988-6330 x643'),(21668,'Benton Torp','KD-17-2-G-2',2,137,'03/07/2009',0,'82828 Welch Mews Apt. 485','South Carolina',6,0,'845 Gusikowski River\nSpencerland, OR 43902-2616','370.449.5748'),(21669,'May Pacocha','KD-17-2-G-3',2,137,'05/04/2009',1,'3311 Price Flat','Mississippi',0,0,'27026 Nona Extensions\nGerardshire, FL 01390-4555','465-315-8857 x91630'),(21670,'Pierre Heidenreich','KD-17-2-G-4',2,137,'06/10/2009',0,'59976 Savion Crescent','District of Columbia',3,0,'71922 Althea Branch\nAliatown, SC 07273','207.716.0191 x97719'),(21671,'Toney Ratke','KD-17-2-G-5',2,137,'14/08/2009',0,'5989 Lemuel Views','Mississippi',1,0,'5256 Brekke Fords Suite 206\nAvaland, NH 56548','(519) 916-5774 x0650'),(21672,'Karine Wunsch','KD-17-2-G-6',2,137,'05/02/2009',1,'44485 Crona Parkway','New Hampshire',8,0,'962 Lehner Forges Suite 368\nMyrnamouth, VA 16342-4405','(358) 951-0833 x8990'),(21673,'Vincent Prosacco','KD-17-2-G-7',2,137,'23/06/2009',0,'7207 Lela Throughway','Illinois',2,0,'93966 Cornell Rapid Apt. 531\nBurnicehaven, FL 62992-6769','675-596-2498 x963'),(21674,'Tessie Nicolas','KD-17-2-G-8',2,137,'30/11/2009',1,'58363 Austyn Views Apt. 063','Louisiana',3,0,'5128 Wunsch Greens\nPort Tabithaland, PA 01991','1-603-796-4631 x9273'),(21675,'Nico Effertz','KD-17-2-G-9',2,137,'21/11/2009',0,'505 Griffin Lakes','South Dakota',4,0,'923 Alisha Fields Apt. 568\nPort Helmer, NE 94149-5094','978-973-4165 x95840'),(21676,'Darion Jacobson','KD-17-2-G-10',2,137,'15/08/2009',0,'574 Kayli Neck','Massachusetts',9,1,'884 Rowland Park\nO\'Connellstad, NE 39224-3236','1-978-665-0178'),(21677,'Melissa Padberg','KD-17-2-G-11',2,137,'15/10/2009',1,'637 Janelle Court','Nebraska',10,1,'4815 Welch Garden\nHeathchester, RI 82330','1-330-318-7171'),(21678,'Ayla Schuppe','KD-17-2-G-12',2,137,'25/06/2009',1,'5499 Bergnaum Islands','Oregon',8,0,'3085 Melody Roads Apt. 755\nJacobsview, TX 78280','(453) 524-0705'),(21679,'Veronica Spinka','KD-17-2-G-13',2,137,'15/04/2009',1,'51868 Winston Parkway','Nebraska',4,0,'958 Renner Estate Apt. 253\nPort Zeldachester, SD 48794','1-909-909-7479'),(21680,'Brice Koepp','KD-17-2-G-14',2,137,'26/02/2009',0,'613 Runolfsdottir Field Apt. 334','Arizona',5,1,'7570 Tito Stream Suite 184\nHeidenreichview, AZ 93999-2184','+18743850287'),(21681,'Alexandria Schimmel','KD-17-2-G-15',2,137,'12/07/2009',1,'757 Janiya Station Suite 694','Ohio',5,1,'9455 Triston Courts\nSouth Bartburgh, IA 96996','424-219-7811 x14003'),(21682,'Rory Veum','KD-17-2-G-16',2,137,'22/06/2009',0,'3716 Tyra Ways Apt. 300','Illinois',2,0,'911 Jed Prairie\nGissellefurt, PA 69544-4582','(295) 591-8808 x4181'),(21683,'Randy Hintz','KD-17-2-G-17',2,137,'06/05/2009',0,'8207 Mohr Rue','California',3,1,'95416 Davin Lane\nNew Bruce, AR 68606','(217) 609-9130'),(21684,'Dolly Reilly','KD-17-2-H-1',2,138,'02/02/2009',1,'48299 Julio Trail Apt. 890','Maryland',3,1,'9914 Bergnaum Common Suite 291\nPort Constantinfurt, MN 49852-8641','674.544.2689 x28279'),(21685,'Rosemary Wunsch','KD-17-2-H-2',2,138,'20/05/2009',1,'1928 Hyatt Shore Apt. 252','Washington',4,1,'1693 Hunter Harbors Apt. 490\nLake Sonyashire, MS 68710','(328) 538-2506'),(21686,'Ashleigh Volkman','KD-17-2-H-3',2,138,'07/11/2009',1,'99311 Keyon Extensions Suite 838','Tennessee',3,1,'751 Cole Stravenue\nPort Mortimer, MT 32206','+1-808-457-8919'),(21687,'Trinity Friesen','KD-17-2-H-4',2,138,'08/11/2009',1,'306 Jones Passage Apt. 744','Louisiana',9,0,'55971 Stamm Ramp Suite 968\nHermanburgh, FL 37845-3263','991-463-6851'),(21688,'Consuelo Zemlak','KD-17-2-H-5',2,138,'26/08/2009',0,'6845 Lang Circle Apt. 409','District of Columbia',8,0,'287 Bruce Keys Suite 880\nGoodwinside, MT 38426-6500','526-375-9092 x86060'),(21689,'Milan Witting','KD-17-2-H-6',2,138,'20/05/2009',0,'22937 Steuber Loop Suite 596','Ohio',4,1,'6334 Beahan Plains Suite 157\nEast Destinee, WV 58986-4083','(628) 493-7117'),(21690,'Macie Kertzmann','KD-17-2-H-7',2,138,'06/10/2009',1,'63979 Oberbrunner Shore Apt. 665','Alabama',9,0,'199 Wade Creek\nEast Jaquelinmouth, WA 18559-0905','(474) 974-2465'),(21691,'Tiffany Boyle','KD-17-2-H-8',2,138,'17/09/2009',1,'615 Hyatt Pike Suite 548','Virginia',4,1,'323 Betty Throughway Apt. 232\nSouth Royalmouth, HI 16592','+18843980323'),(21692,'Tyreek O\'Reilly','KD-17-2-H-9',2,138,'22/01/2009',0,'855 Claude Green Apt. 843','Tennessee',6,1,'6953 Tremblay Viaduct Suite 880\nDarrelburgh, PA 29610-6156','+1-242-670-3665'),(21693,'Karina Bartell','KD-17-2-H-10',2,138,'02/09/2009',1,'7402 Elmira Meadow Suite 449','Missouri',4,0,'37564 Macejkovic Bypass\nDaynastad, SD 71084','469-212-0275'),(21694,'Emmie Collins','KD-17-2-H-11',2,138,'18/10/2009',1,'87573 Romaguera Oval','Iowa',5,0,'1430 Violet Corners\nPort Lizethstad, AK 09793-9020','508-450-6847 x7417'),(21695,'Jed Hilll','KD-17-2-H-12',2,138,'05/12/2009',0,'5120 Oda Extension Suite 914','New Jersey',9,0,'99551 Oberbrunner Terrace\nBaileychester, NM 87368','1-973-380-4389'),(21696,'Anya Rath','KD-17-2-H-13',2,138,'28/08/2009',1,'50065 Shannon Course Apt. 509','Florida',0,1,'23529 Lemuel Shoals Apt. 742\nWest Gonzalostad, CO 06473','1-539-674-4380 x346'),(21697,'Jerrod Towne','KD-17-2-H-14',2,138,'29/02/2009',0,'6394 Kemmer Villages','Montana',8,1,'1713 Letha Lodge Apt. 214\nPort Clyde, PA 80442-2053','+19302918335'),(21698,'Junior Luettgen','KD-17-2-H-15',2,138,'26/12/2009',0,'9648 Effie Rest','Michigan',0,1,'95975 Edison Vista Suite 837\nLake Nakia, WI 76023','1-634-439-9417 x1511'),(21699,'Pearlie Stroman','KD-17-2-H-16',2,138,'24/08/2009',1,'882 Jarvis Extensions','Alaska',3,0,'30706 Legros Branch Suite 773\nAileenton, NY 56527-1652','917-853-4779 x2711'),(21700,'Norwood Nikolaus','KD-17-2-H-17',2,138,'31/09/2009',0,'7764 Izabella Ramp','Texas',8,1,'522 Celia Loaf Suite 411\nPort Furman, LA 73861','(443) 308-0470 x571'),(21701,'Sabina Heathcote','KD-17-2-H-18',2,138,'31/05/2009',1,'847 Berenice Springs Apt. 666','New York',1,0,'43036 Bailey Forge\nMarvinville, AK 22457','(983) 446-8013 x2097'),(21702,'Rickey Harris','KD-17-2-H-19',2,138,'09/09/2009',0,'78836 Pearline Rapid','New Mexico',10,1,'6431 Enos Parkway\nNorth Ezequielport, NV 83700','+1-438-606-7305'),(21703,'Lois Zieme','KD-17-2-H-20',2,138,'19/09/2009',1,'550 Dach Alley','Wisconsin',3,0,'437 Dasia Stravenue Suite 195\nLake Coryview, MI 32617-6638','+1-310-860-6268'),(21704,'Gladys Larkin','KD-17-2-I-1',2,139,'11/12/2009',1,'4808 Mohr Fork','Connecticut',8,1,'704 Rigoberto Alley Suite 365\nOrabury, NC 72459','+1 (281) 710-2187'),(21705,'Mable Feil','KD-17-2-I-2',2,139,'03/12/2009',1,'91142 Easton Stream','Alaska',5,0,'4811 Schuster Highway Suite 805\nNew Katherine, GA 60932-0129','994-278-4427'),(21706,'Landen Willms','KD-17-2-I-3',2,139,'11/05/2009',0,'734 Adrian Knoll Apt. 806','North Carolina',4,0,'35785 Gaylord Camp Suite 369\nKunzestad, ND 14035-4716','1-405-779-9969 x3681'),(21707,'Alejandra Stark','KD-17-2-I-4',2,139,'14/04/2009',1,'4657 Kihn Streets','New Jersey',7,0,'1760 Makenzie Drive\nJordanburgh, HI 55146-1165','(321) 235-4193'),(21708,'Pauline Roob','KD-17-2-I-5',2,139,'15/03/2009',1,'334 Boyle Views Apt. 037','Connecticut',4,1,'57299 Nikolaus Locks\nAnnabellefurt, MN 86282','498.887.5858'),(21709,'Kathleen Eichmann','KD-17-2-I-6',2,139,'04/07/2009',1,'84428 Willard Ford Apt. 092','Louisiana',1,1,'52420 Kerluke Walk Apt. 002\nWest Erikberg, MD 57640-8678','1-808-555-6873'),(21710,'Godfrey Wiegand','KD-17-2-I-7',2,139,'23/11/2009',0,'888 Diego Rue Apt. 017','Illinois',8,1,'2208 Hansen Pass Apt. 554\nNorth Natalia, WI 70636','507-790-4857 x266'),(21711,'Queenie Oberbrunner','KD-17-2-I-8',2,139,'21/07/2009',1,'38919 Jeromy Neck','Texas',1,1,'401 Joanie Orchard\nNorth Janiyashire, NE 49984-4991','1-386-743-7503 x1700'),(21712,'Harley Homenick','KD-17-2-I-9',2,139,'23/02/2009',0,'44537 Alejandra Spurs','Florida',10,0,'2916 Brett Tunnel\nZemlakchester, PA 32138','216-830-1756 x747'),(21713,'Ramon Orn','KD-17-2-I-10',2,139,'21/04/2009',0,'1361 Rau Meadow Apt. 974','West Virginia',7,0,'281 Shanahan Rue Apt. 194\nNorth Nikki, DC 79299-2062','(479) 444-1344 x8382'),(21714,'Tierra Upton','KD-17-2-I-11',2,139,'31/12/2009',1,'4931 Hermiston Prairie','South Dakota',6,0,'855 Kimberly Trail Apt. 018\nMosciskiton, WA 03136','731-960-3185 x044'),(21715,'Bobbie Kuhlman','KD-17-2-I-12',2,139,'08/08/2009',0,'35779 Dickens Heights Suite 896','Oklahoma',1,1,'4297 Dashawn Road Suite 677\nJairobury, DE 36342','560.298.6140 x9107'),(21716,'Gilberto Gulgowski','KD-17-2-I-13',2,139,'02/01/2009',0,'7571 Cielo Terrace Suite 465','Vermont',10,0,'6429 Zboncak Summit Apt. 776\nSouth Myles, VA 78325-5019','352-765-3900'),(21717,'Roxane Wehner','KD-17-2-I-14',2,139,'05/11/2009',1,'10629 Ratke Gardens','Missouri',3,1,'7025 Hipolito Highway Apt. 099\nWest Nicklausfort, OH 03298','(696) 385-0340 x5082'),(21718,'Danial Bauch','KD-17-2-I-15',2,139,'05/03/2009',0,'739 Bonnie Mountain','Illinois',1,1,'83228 Jaylon Springs Suite 867\nNorth Stuart, OR 21799','437.954.2068 x4701'),(21719,'Amya Wunsch','KD-17-2-I-16',2,139,'11/10/2009',1,'4927 D\'Amore Loop Suite 580','Wyoming',6,0,'8083 Davin Trace Apt. 635\nNorth Orphaland, CA 25657','596.552.5913 x3772'),(21720,'Jessica Stamm','KD-17-2-I-17',2,139,'05/11/2009',1,'7575 Bruen Branch','Nevada',5,1,'12116 Hudson Lock Apt. 864\nSchillerland, WI 27190','+1 (467) 631-1832'),(21721,'Keven Fay','KD-17-2-I-18',2,139,'02/07/2009',0,'6428 Nicolas Causeway Apt. 328','Utah',6,0,'594 Osinski Burgs Suite 582\nLittleview, IA 74053-2171','+1-672-726-8859'),(21722,'Katlyn Langosh','KD-17-2-I-19',2,139,'29/10/2009',1,'833 Hamill Dale Suite 085','Wyoming',3,0,'95964 Fern Mission Suite 866\nJenniferbury, HI 77053','220-438-8587 x14148'),(21723,'Ruthe Gutmann','KD-17-2-J-1',2,140,'07/03/2009',1,'2837 McGlynn Groves Suite 181','Nebraska',7,1,'41265 Abbie Green Apt. 973\nO\'Haraburgh, FL 40779-1047','298-923-0633 x256'),(21724,'Chyna Hansen','KD-17-2-J-2',2,140,'28/06/2009',1,'261 Frami Rapids','Kansas',9,1,'35438 Francesca Row\nNew Troychester, KY 35928','1-572-849-7162'),(21725,'Della Witting','KD-17-2-J-3',2,140,'11/05/2009',1,'156 Bettye Hollow Suite 552','South Dakota',2,0,'89164 Margaret Dam\nNew Wilfredport, IL 90072-7602','(797) 966-1159 x764'),(21726,'Waldo Murray','KD-17-2-J-4',2,140,'04/03/2009',0,'524 Kunze Walks','District of Columbia',2,0,'28360 Gorczany Junction\nPort Karley, MT 91432','(586) 238-7936 x3124'),(21727,'Berta Waters','KD-17-2-J-5',2,140,'18/06/2009',0,'71541 Feil Drive','Nevada',0,0,'5225 Hickle Lodge Apt. 205\nBertramtown, CT 93082','(673) 807-7385 x0752'),(21728,'Elsie Mueller','KD-17-2-J-6',2,140,'05/06/2009',1,'4396 Kaycee Lock Suite 757','New Mexico',5,0,'5118 Jacobi Manors Apt. 792\nPhilipview, NJ 32109','257.890.9140 x88909'),(21729,'Nya Turcotte','KD-17-2-J-7',2,140,'17/08/2009',1,'52276 Viola Ford','Delaware',4,0,'3464 Ulices Ports\nTrevorshire, PA 55912-7233','+1-643-286-6009'),(21730,'Alden Denesik','KD-17-2-J-8',2,140,'18/06/2009',0,'38468 Kirlin Estate','Iowa',0,1,'192 Lindgren Village Apt. 949\nDelmerside, MS 73482-0900','1-862-723-3693 x852'),(21731,'Enrico Spencer','KD-17-2-J-9',2,140,'02/04/2009',0,'8863 Bayer Walk','Alaska',6,0,'4105 Hoeger Coves\nAngelinetown, OH 60693-6750','786-863-2319 x2922'),(21732,'Candace Crona','KD-17-2-J-10',2,140,'06/07/2009',1,'17197 Cleve Flats Apt. 787','Missouri',9,1,'50940 Barton Station\nKundebury, NJ 73792','+19682139423'),(21733,'Johnson Kutch','KD-17-2-J-11',2,140,'03/05/2009',0,'9897 Lemke Gateway','New York',10,1,'76284 Asia View Apt. 332\nChetport, OK 12341','939-504-7784 x8763'),(21734,'Clemmie Hayes','KD-17-2-J-12',2,140,'26/06/2009',1,'80631 Bahringer Fords','Missouri',2,1,'988 Reichert Mews Suite 158\nMauricefort, NH 64400-2657','(767) 578-4050'),(21735,'Maiya Pfeffer','KD-17-2-J-13',2,140,'16/01/2009',1,'82703 Isac Junction','Massachusetts',2,0,'41532 Koelpin Gateway\nLowefurt, MI 87986-9414','1-656-891-7079 x6625'),(21736,'Patsy McGlynn','KD-17-2-J-14',2,140,'26/02/2009',1,'584 Krajcik Way Apt. 432','Rhode Island',3,0,'4626 Freeman Path\nNew Bernhard, MN 32563','(529) 219-1554 x833'),(21737,'Myrna Glover','KD-17-2-J-15',2,140,'11/10/2009',1,'7360 Kade Centers Suite 637','Alaska',5,1,'945 Pat Path Suite 892\nEast Marta, CA 72097-7816','854.977.7482 x820'),(21738,'Neha Von','KD-17-2-J-16',2,140,'09/06/2009',1,'6508 Connelly Stravenue','South Dakota',10,1,'20800 Fiona Lodge Suite 680\nBlandaport, IA 39683','1-843-285-0501'),(21739,'Sally Leffler','KD-17-2-J-17',2,140,'03/11/2009',1,'928 Everette Locks','Ohio',1,0,'10230 Kilback Valley\nLake Domingochester, SD 28252','+1-978-581-0902'),(21740,'Delaney Ernser','KD-17-2-J-18',2,140,'21/07/2009',0,'54725 Wilton Ramp Apt. 055','California',7,0,'105 Howell Hill\nNorth Laron, KY 59076-6715','+1-990-599-2150'),(21741,'Ryleigh Frami','KD-17-3-A-1',2,141,'14/07/2010',0,'206 Kelley Cape Suite 663','Illinois',10,0,'67904 Rohan Causeway\nKunzeberg, DE 05932-8194','(495) 396-2194 x4308'),(21742,'Salma Beahan','KD-17-3-A-2',2,141,'09/10/2010',1,'553 Hackett Villages Apt. 223','New Jersey',4,0,'21487 Schmeler Shores Apt. 600\nNorth Delaneyborough, NJ 17859-3770','1-798-561-3875'),(21743,'Timmothy Luettgen','KD-17-3-A-3',2,141,'21/09/2010',0,'67550 Annie Land Apt. 265','Arkansas',9,1,'137 Thea Ways Apt. 737\nArlenestad, AL 41454-6545','790.724.8779 x3197'),(21744,'Devyn Weissnat','KD-17-3-A-4',2,141,'11/01/2010',0,'602 Armstrong River','Arizona',10,1,'2838 Christiansen Plains\nNorth Mariane, KY 37774','756.754.4208 x740'),(21745,'Gust O\'Conner','KD-17-3-A-5',2,141,'05/04/2010',0,'531 Kyler Street','Alaska',8,0,'89831 Medhurst Plains Apt. 876\nGottliebbury, CA 99814','+1-868-809-0580'),(21746,'Randy Kessler','KD-17-3-A-6',2,141,'09/10/2010',0,'49636 Adolfo Squares','Colorado',2,0,'9301 Cummings Cliffs Suite 945\nNew Lottie, KY 59664-8544','(301) 420-0445 x2201'),(21747,'Al Leffler','KD-17-3-A-7',2,141,'31/12/2010',0,'98146 Florian Row','Mississippi',5,0,'6736 Heaney Loaf\nGrahamside, CT 98618','(298) 252-2882 x386'),(21748,'Elvera Hilpert','KD-17-3-A-8',2,141,'07/12/2010',1,'38936 Boehm Pass','Delaware',0,1,'8209 Funk Pine Apt. 983\nMadalynberg, OK 60703','1-707-745-1809 x6934'),(21749,'Bonnie Jakubowski','KD-17-3-A-9',2,141,'12/08/2010',1,'912 Rhianna Valley','Wyoming',9,0,'6627 Bogisich Grove Apt. 611\nCarolineville, NV 99088','717-251-9583 x892'),(21750,'Yasmeen Hintz','KD-17-3-A-10',2,141,'21/10/2010',1,'335 Shanna Neck Suite 241','Illinois',10,0,'46574 Tressie Harbor Apt. 003\nRosenbaumstad, ID 38434','903.310.2856 x17581'),(21751,'Mellie Rosenbaum','KD-17-3-A-11',2,141,'16/06/2010',1,'725 Darlene Ranch Suite 377','Missouri',4,1,'92733 Legros Run Suite 699\nNorth Phoebestad, NH 95945-7262','1-423-943-2434 x478'),(21752,'Angelo Sporer','KD-17-3-A-12',2,141,'22/03/2010',0,'711 Bayer Rapids','California',10,0,'1868 Robel Mountains\nSouth Lucyview, RI 51751','321.279.9308'),(21753,'Tanner Stracke','KD-17-3-A-13',2,141,'30/09/2010',0,'260 Hackett Well','Maryland',1,1,'1209 Demarco Trail\nWest Garryton, KS 27157-9584','981-494-6009'),(21754,'Aurelia Beer','KD-17-3-B-1',2,142,'03/05/2010',1,'9654 Tina Throughway Suite 455','West Virginia',0,1,'48717 Filiberto Squares\nO\'Keefeville, AZ 92233-5390','465-858-8930 x2130'),(21755,'Jakob Glover','KD-17-3-B-2',2,142,'02/02/2010',0,'94715 Barrows Crossroad Apt. 277','Alabama',8,1,'40831 Jovan Lake\nWest Jodiemouth, NM 24702-5669','358.694.3470 x0695'),(21756,'Erling Johnson','KD-17-3-B-3',2,142,'16/07/2010',0,'70522 Giuseppe Oval','Nebraska',4,0,'8293 Aufderhar Track Apt. 238\nLake Raphaelleburgh, ID 78297-9113','421.814.6127 x44711'),(21757,'Keegan Vandervort','KD-17-3-B-4',2,142,'20/02/2010',0,'1874 Kellie Haven Suite 267','Michigan',9,1,'6134 Howell Hills\nChanelberg, MD 64877-1731','798-243-6147 x437'),(21758,'Diana Kiehn','KD-17-3-B-5',2,142,'05/02/2010',1,'9151 Camren Alley Apt. 495','West Virginia',0,1,'7131 Kub Manor Suite 677\nNew Mauriceport, DC 48152','(518) 331-6190'),(21759,'Sherman Champlin','KD-17-3-B-6',2,142,'27/11/2010',0,'91844 Cathy Fields','Montana',10,1,'842 Hyman Point\nJohnsburgh, TX 26310-4528','(985) 950-0780'),(21760,'Lurline Crist','KD-17-3-B-7',2,142,'09/06/2010',1,'2340 Kendra Center Apt. 131','West Virginia',2,1,'48713 Willow Greens Suite 792\nCarmellamouth, VA 22564-6933','1-935-265-4135 x5704'),(21761,'Conner Turner','KD-17-3-B-8',2,142,'05/08/2010',0,'268 Reichert Courts Suite 426','Kansas',8,0,'4870 Hammes Highway Apt. 352\nNorth Akeem, SC 54753','+1-405-468-7459'),(21762,'Parker Borer','KD-17-3-B-9',2,142,'05/03/2010',0,'121 Murray Freeway Apt. 901','Iowa',5,0,'4284 Bode Mission Apt. 926\nClementinaview, NC 54673-5311','1-302-935-7511 x218'),(21763,'Amaya Haag','KD-17-3-B-10',2,142,'13/10/2010',1,'79210 Alexzander Plains Suite 808','Kentucky',9,0,'42935 Ashley Cove\nEast Brandi, ID 47557','+15716748566'),(21764,'Kenyon Wyman','KD-17-3-B-11',2,142,'11/12/2010',0,'71704 McDermott Mall','Oklahoma',10,1,'456 Hermann Tunnel Suite 369\nLake Jasperport, RI 57478','+1-507-594-5168'),(21765,'Junior Wehner','KD-17-3-B-12',2,142,'04/08/2010',0,'434 Mitchell Glens','California',7,1,'876 Nikolaus Springs Apt. 248\nEast Angelinachester, DE 58045','+16328472823'),(21766,'Martine Hansen','KD-17-3-B-13',2,142,'03/12/2010',1,'764 Mohr Hollow Apt. 527','Florida',2,1,'288 Emie Way Suite 318\nLake Pablo, RI 11922-2218','(538) 670-1927'),(21767,'Abner Kovacek','KD-17-3-B-14',2,142,'28/01/2010',0,'8079 Andres Crescent','Maryland',7,1,'62394 Domenico Mews\nKuhicland, NV 67227','1-246-280-7306 x3059'),(21768,'Rodolfo Hodkiewicz','KD-17-3-C-1',2,143,'31/07/2010',0,'93155 Yost Manors Suite 628','Maine',2,0,'12001 Wilfrid Center Suite 209\nEast Tito, MA 24264-2510','843-333-2552 x3756'),(21769,'Aileen Nienow','KD-17-3-C-2',2,143,'18/09/2010',1,'188 Giovanni Key','Wyoming',6,0,'204 Lueilwitz Club Suite 719\nHilpertville, TN 16257-9739','+1-787-726-8552'),(21770,'Patience Von','KD-17-3-C-3',2,143,'18/11/2010',1,'4024 Delores Knoll Apt. 155','New Hampshire',2,0,'1419 Feeney Passage Apt. 482\nNolanchester, MN 48910','(529) 534-5811 x1332'),(21771,'Adeline O\'Conner','KD-17-3-C-4',2,143,'18/06/2010',1,'9573 Georgiana Rue','California',4,0,'911 Christy Harbor Suite 466\nAbigalemouth, PA 91305','1-229-807-9725 x3470'),(21772,'Vidal Bogan','KD-17-3-C-5',2,143,'16/12/2010',0,'2447 Ethel Knoll','North Dakota',8,1,'72274 Dejuan Causeway Apt. 401\nLake Nannieport, MA 02291-6848','502.795.2340'),(21773,'Serenity Stark','KD-17-3-C-6',2,143,'22/03/2010',1,'345 Jayce Manors Apt. 509','District of Columbia',0,1,'47673 Russel Viaduct Suite 821\nCreolachester, ME 29780','1-815-440-6195 x107'),(21774,'Myriam Rowe','KD-17-3-C-7',2,143,'08/01/2010',1,'2582 Prohaska Highway','Mississippi',9,0,'9504 Cathryn Forest Suite 671\nLakinfurt, DE 68421','815.241.7596'),(21775,'Bridie Denesik','KD-17-3-C-8',2,143,'29/01/2010',1,'50967 Verlie Land Suite 599','Kansas',8,0,'64044 Dagmar Shoals\nO\'Haraberg, TX 88914','442-835-5342 x812'),(21776,'Trinity Sipes','KD-17-3-C-9',2,143,'28/10/2010',1,'303 Monahan Route Suite 166','Idaho',1,1,'782 Viva Mission Suite 481\nKlockoberg, PA 19747-6441','530-249-6880'),(21777,'Pearline Schaden','KD-17-3-C-10',2,143,'02/11/2010',1,'139 Katherine Mill','Michigan',2,1,'6641 Haleigh Rest\nNorth Kayastad, NJ 00003','1-790-840-6772 x2694'),(21778,'Ken Koch','KD-17-3-C-11',2,143,'06/04/2010',0,'45202 Yundt Stream','Arizona',1,0,'12285 Tremaine Locks Apt. 488\nRodolfoton, UT 82783','1-361-923-6587 x1338'),(21779,'Ariel Weissnat','KD-17-3-C-12',2,143,'28/07/2010',0,'6378 Spinka Center Suite 590','Oklahoma',7,1,'2887 Orion Port Apt. 405\nGutmannchester, FL 28941','339-840-6168'),(21780,'Kiara Langworth','KD-17-3-C-13',2,143,'24/10/2010',1,'9252 Paige Vista Apt. 560','Mississippi',3,1,'2685 Rudy Branch\nHintzland, MT 07431-4919','336-934-8855'),(21781,'Gerard Walker','KD-17-3-C-14',2,143,'23/09/2010',0,'4683 Lindgren Forge','Pennsylvania',6,1,'380 Schroeder Stravenue Suite 089\nJohnstonborough, NC 67857','(653) 840-7121 x9555'),(21782,'Marcel Altenwerth','KD-17-3-C-15',2,143,'01/02/2010',0,'110 Strosin Ford','South Dakota',8,0,'6403 Kraig Drive Suite 556\nRickeyborough, MD 22569','(848) 755-1367'),(21783,'Liana Ritchie','KD-17-3-C-16',2,143,'31/04/2010',1,'2322 Yvonne Trail Apt. 243','Minnesota',5,1,'66432 Ebert Ville Apt. 942\nCarolannechester, NE 87816','1-791-675-4392'),(21784,'Franz Hilll','KD-17-3-C-17',2,143,'12/10/2010',0,'332 Kunze Meadows','District of Columbia',9,1,'8867 Delphia Street\nHauckview, CO 41831-8958','305.506.7963 x764'),(21785,'Pink Doyle','KD-17-3-C-18',2,143,'21/03/2010',1,'11194 Chad Union Suite 505','California',5,1,'79106 Deangelo Ford Suite 987\nEmmettown, OR 11805-1726','(607) 669-4252 x1307'),(21786,'Zoe Robel','KD-17-3-C-19',2,143,'10/12/2010',1,'856 Koch Knoll','Indiana',0,1,'86514 Janie Manors\nNorth Orland, NH 58184','(876) 251-8382 x659'),(21787,'Roosevelt Reynolds','KD-17-3-D-1',2,144,'24/07/2010',0,'545 Kelsi Path','Florida',3,1,'687 Trevion Islands\nEast Alejandrinborough, NC 90726-8385','(487) 237-4577 x1851'),(21788,'Gregoria Walker','KD-17-3-D-2',2,144,'14/09/2010',1,'78635 Ledner Lodge Suite 497','Tennessee',6,1,'847 Maggio Cove Apt. 793\nEast Laurence, SC 01882-7161','660.518.5577 x34101'),(21789,'Wilmer Lind','KD-17-3-D-3',2,144,'20/04/2010',0,'99425 Ted Branch Suite 791','Indiana',6,1,'368 Roberts Avenue\nMozelleborough, MA 55494','840.434.2622 x7282'),(21790,'Aliza Dach','KD-17-3-D-4',2,144,'19/10/2010',1,'85266 Jairo Knolls Apt. 648','Montana',0,1,'1759 Huel Stravenue\nPort Burniceland, WV 30044-6606','+1-380-625-4809'),(21791,'Trever Welch','KD-17-3-D-5',2,144,'24/03/2010',0,'49088 Thomas Island Suite 544','Washington',10,1,'8441 Bartoletti Grove Apt. 033\nLake Lydia, MO 13651-3173','429-832-9861 x61055'),(21792,'Floyd Altenwerth','KD-17-3-D-6',2,144,'17/03/2010',0,'30619 Donato Turnpike','Ohio',2,1,'8054 Heaven Pass Suite 066\nNew Benny, SC 63055-2240','294.946.6781 x802'),(21793,'Marguerite Crona','KD-17-3-D-7',2,144,'10/12/2010',1,'12140 Elyse Burg Suite 984','Delaware',1,0,'2023 Little Spur\nEast Elton, DE 50513-7853','586-644-1520 x77170'),(21794,'Blaze Tillman','KD-17-3-D-8',2,144,'26/10/2010',0,'404 Sandrine Terrace','Arkansas',2,0,'434 Mae Roads\nWest Adrianaview, TX 33631','594-630-1032 x6185'),(21795,'Nolan Bartell','KD-17-3-D-9',2,144,'29/03/2010',0,'7060 Senger Street Apt. 630','Minnesota',3,1,'71222 Gulgowski Keys Suite 803\nNew Kaleb, IA 61646-3692','321-530-4473'),(21796,'Corbin Weimann','KD-17-3-D-10',2,144,'22/01/2010',0,'921 Hoppe Island','Washington',0,0,'97518 Lacy Bypass\nPort Jaquan, MO 38497','(951) 678-9822'),(21797,'Clementina Doyle','KD-17-3-D-11',2,144,'09/04/2010',1,'32615 Akeem Estates Suite 295','Delaware',0,1,'25640 Hayes Island\nDianatown, FL 11997','825.554.9169 x39996'),(21798,'Kellen Keeling','KD-17-3-D-12',2,144,'31/03/2010',0,'4852 Lorena Centers Suite 795','Delaware',5,0,'43958 Effertz Gateway\nPort Kurt, MN 52076','969-554-9118'),(21799,'Emmy Luettgen','KD-17-3-D-13',2,144,'25/12/2010',1,'65492 Jaclyn Dam','Illinois',9,0,'1883 Solon Glens\nPercychester, RI 31768-1297','1-896-421-9307'),(21800,'Vincenzo Sawayn','KD-17-3-D-14',2,144,'28/04/2010',0,'8598 Ora Land Apt. 353','North Dakota',9,1,'2368 Kozey Junctions Suite 264\nDemariochester, HI 46774-3134','478.509.4447 x67412'),(21801,'Monte Jenkins','KD-17-3-D-15',2,144,'31/04/2010',0,'3583 Alberto Plains Apt. 942','New Jersey',2,1,'865 Arne Views\nNorth Bradly, KS 28711','870.995.1266 x700'),(21802,'Katarina Kling','KD-17-3-D-16',2,144,'12/02/2010',1,'14453 Sylvia Estates','Kansas',5,1,'704 Jones Fords\nAlanport, FL 86576','(510) 325-3994'),(21803,'Veda Franecki','KD-17-3-D-17',2,144,'07/04/2010',1,'958 Albert Forks Apt. 680','Maryland',2,0,'6243 Herman Tunnel\nWest Raulfurt, VA 73719','516.969.1976 x62489'),(21804,'Meagan Weissnat','KD-17-3-D-18',2,144,'28/07/2010',1,'8650 Windler Hills Apt. 636','Kentucky',1,1,'81430 Deion Squares Apt. 159\nNorth Quincy, KY 18602','468.445.7358'),(21805,'Orlo Hand','KD-17-3-D-19',2,144,'30/12/2010',0,'46619 Glover Mews Apt. 988','Wyoming',3,1,'70323 Pouros Road\nMurazikfort, DC 18788-8763','(661) 439-7223'),(21806,'Gerson Moen','KD-17-3-D-20',2,144,'05/02/2010',0,'2079 White Squares Suite 848','Pennsylvania',6,1,'668 Kessler Groves\nWest Tressaton, OH 21292','(879) 401-7638'),(21807,'Vida Lockman','KD-17-3-E-1',2,145,'22/05/2010',1,'2237 Yost Unions Apt. 530','District of Columbia',7,1,'7971 Deja Place Apt. 893\nWest Jonville, IA 94735','202-350-2855 x207'),(21808,'Missouri Doyle','KD-17-3-E-2',2,145,'05/12/2010',1,'84459 Thompson Fork','South Carolina',2,1,'940 Gulgowski Villages\nNicolasstad, MD 08098-2162','1-397-962-3883 x1785'),(21809,'Nasir Mohr','KD-17-3-E-3',2,145,'11/01/2010',0,'3716 Gorczany Field','Arizona',0,0,'63450 Nitzsche Haven Suite 749\nNorth Herminio, NM 55102-7287','230.258.3822 x9194'),(21810,'Alfred Wiegand','KD-17-3-E-4',2,145,'05/01/2010',0,'741 Caleigh Fall Apt. 776','Georgia',4,1,'941 Torphy Orchard\nLubowitzton, RI 74088','(789) 896-9402'),(21811,'Baron Schultz','KD-17-3-E-5',2,145,'07/08/2010',0,'2827 Leannon Path Suite 422','Texas',0,0,'6813 Elsie Mission Apt. 476\nRempelburgh, RI 78249','1-850-538-2436 x6913'),(21812,'Gerald Wehner','KD-17-3-E-6',2,145,'06/02/2010',0,'667 Von Keys','New Jersey',1,0,'6106 Roberts Ridge Apt. 185\nSmithchester, NE 50985','601.778.7784 x95892'),(21813,'Josh Schamberger','KD-17-3-E-7',2,145,'02/07/2010',0,'8096 Durgan Fords Apt. 865','South Dakota',6,0,'2339 Eduardo Landing\nEast Yadirafort, DE 52102-3708','1-370-857-9602'),(21814,'Ruth Greenholt','KD-17-3-E-8',2,145,'02/08/2010',1,'1962 Corkery Summit Apt. 339','West Virginia',0,1,'1897 Boris Knolls\nRunolfssonhaven, OK 94692','374-515-7469'),(21815,'Ole Kerluke','KD-17-3-E-9',2,145,'11/06/2010',0,'907 Ward Fords Apt. 431','Kansas',8,1,'406 Gideon Road Suite 570\nNorth Lela, NE 06408-5046','1-984-522-6668 x5661'),(21816,'Kenton Haag','KD-17-3-E-10',2,145,'12/02/2010',0,'498 Rippin Landing','District of Columbia',3,0,'59459 Margarette Track Suite 354\nGerholdton, OK 40655-4365','1-389-628-4545'),(21817,'Davin Dare','KD-17-3-E-11',2,145,'13/07/2010',0,'4914 Braun Key','Connecticut',8,1,'73981 Andreane Meadows Suite 312\nNew Lolitaville, TX 69296-3677','303-401-2879'),(21818,'Ahmed Prosacco','KD-17-3-E-12',2,145,'05/11/2010',0,'46772 Joaquin Ridges','New Jersey',5,1,'2198 Thelma Camp Suite 421\nNew Stanleyfort, WI 18211-0031','(290) 277-2585 x1712'),(21819,'Litzy Emmerich','KD-17-3-E-13',2,145,'08/07/2010',1,'867 Purdy Cliff Apt. 805','Missouri',2,0,'147 Maggio Valleys\nNew Kasandra, OR 81393','1-915-692-8288 x872'),(21820,'Elijah Harris','KD-17-3-E-14',2,145,'28/03/2010',0,'2878 Haag Prairie Apt. 429','Massachusetts',0,1,'72654 O\'Reilly Plain Apt. 887\nHahnberg, HI 56556','(749) 483-0439 x995'),(21821,'Cydney Tremblay','KD-17-3-E-15',2,145,'09/10/2010',1,'26267 Buckridge Fields Apt. 511','Colorado',5,0,'85122 Mac Gardens Apt. 187\nPort Leonton, KY 97914','538-535-7517'),(21822,'Myah Schmidt','KD-17-3-E-16',2,145,'22/06/2010',1,'20765 Wiegand Stravenue Suite 523','Missouri',7,0,'949 Dicki Trail\nJonesmouth, NC 32565-8389','452-669-2777'),(21823,'Daisha Farrell','KD-17-3-E-17',2,145,'13/12/2010',1,'72932 Antonio Manors','Oregon',10,1,'93714 Desiree Mews Suite 596\nWest Katelynn, HI 31384-5359','+16176640248'),(21824,'Kendall Stamm','KD-17-3-E-18',2,145,'12/06/2010',0,'614 Leannon Rapids Suite 993','District of Columbia',2,1,'305 Runolfsdottir Lock Suite 789\nQuigleyfurt, MI 66752-2687','+1 (796) 845-6292'),(21825,'Gerda Armstrong','KD-17-3-E-19',2,145,'23/10/2010',1,'895 Feest Mountains','Illinois',1,0,'18104 Mac Common\nSouth Alison, NC 05151','1-436-628-7887'),(21826,'Vernon Ondricka','KD-17-3-E-20',2,145,'20/11/2010',0,'717 Kuhn Inlet','District of Columbia',2,0,'4120 Elyssa Brooks\nEldoraland, VT 46973','1-405-241-9059 x1263'),(21827,'Horace Kiehn','KD-17-3-F-1',2,146,'04/04/2010',0,'9283 Lora River Suite 812','Illinois',8,0,'7073 Cole Manor\nLake Antwonmouth, OH 34822','1-257-971-3740 x778'),(21828,'Waino Hyatt','KD-17-3-F-2',2,146,'30/09/2010',0,'983 Baumbach Stream Apt. 781','Ohio',10,1,'4767 Arch Centers\nNatbury, MT 58034','+1-636-385-6879'),(21829,'Sarina Bayer','KD-17-3-F-3',2,146,'04/09/2010',1,'1805 Walsh Islands','Alabama',6,0,'318 Gutkowski Flats\nTheodoramouth, AL 27498-0873','+1.596.732.7483'),(21830,'Casey Luettgen','KD-17-3-F-4',2,146,'16/03/2010',0,'1654 Nader Ways','Mississippi',10,0,'935 Vilma Pike Suite 762\nWest Palmaport, AL 17565-9200','+1 (726) 812-8925'),(21831,'Harvey Lubowitz','KD-17-3-F-5',2,146,'08/04/2010',0,'866 Jessyca Rapids Suite 829','Tennessee',7,0,'8474 Natasha Crest Suite 141\nFayfurt, AR 09274-0126','(653) 502-7911'),(21832,'Nash Yundt','KD-17-3-F-6',2,146,'29/09/2010',0,'472 Kuhic Shore Apt. 272','Maryland',5,0,'671 Micheal Forks\nLake Josue, NV 40453','838.536.6474'),(21833,'Merle Monahan','KD-17-3-F-7',2,146,'01/05/2010',0,'82443 Elissa Freeway Apt. 111','Montana',8,0,'4628 Huel Harbors Apt. 800\nDallinshire, RI 94193','+1-279-739-4195'),(21834,'Margie Herman','KD-17-3-F-8',2,146,'05/08/2010',1,'6749 Earnestine Park Apt. 475','District of Columbia',4,1,'655 Kutch Canyon Suite 290\nRowanville, VA 53131','808.250.8165 x03069'),(21835,'Brandy Rohan','KD-17-3-F-9',2,146,'24/08/2010',1,'21602 Israel Dale','Tennessee',4,1,'44272 Kiehn Plaza\nWest Vivien, NJ 05605','884.674.7900'),(21836,'Samir Harris','KD-17-3-F-10',2,146,'03/06/2010',0,'491 Will Manor','Iowa',10,0,'40989 Edison Square Suite 254\nWest Sedrickburgh, UT 26484','950-722-1090 x32356'),(21837,'Olaf Bayer','KD-17-3-F-11',2,146,'06/08/2010',0,'685 Nienow Throughway Apt. 097','Hawaii',8,1,'6252 Dino Cape Apt. 733\nEast Kathleen, SC 43721','740-799-1543 x547'),(21838,'Leilani McLaughlin','KD-17-3-F-12',2,146,'24/10/2010',1,'80448 Allene Stream','Kentucky',0,1,'537 Moore Isle\nPollyberg, ME 39067','1-719-369-1020 x749'),(21839,'Kay Wiza','KD-17-3-F-13',2,146,'02/12/2010',0,'5123 Toney Squares Suite 356','Oklahoma',4,0,'146 Weissnat Harbor Suite 730\nBarneymouth, KS 95333','+1-475-635-4872'),(21840,'Hilda Smith','KD-17-3-F-14',2,146,'07/06/2010',1,'495 Bins Expressway Apt. 532','Florida',5,0,'45634 Damien Lights\nLizethtown, MT 51069','+17413640971'),(21841,'Hailie Davis','KD-17-3-F-15',2,146,'20/07/2010',1,'4247 Rowe Flats Suite 698','Mississippi',8,1,'743 Hauck Ranch\nBreitenbergside, UT 88401-9393','281-795-5505'),(21842,'Dorothea Eichmann','KD-17-3-F-16',2,146,'12/02/2010',1,'3734 Rogahn Plains','Wyoming',7,1,'840 Meagan Wells Apt. 793\nBrantstad, NV 16730-2884','+1-916-726-5750'),(21843,'Evie Bins','KD-17-3-F-17',2,146,'17/10/2010',1,'685 Ellen Plaza','Massachusetts',6,0,'144 Darien Harbors\nFredericland, FL 92433','720-574-8370 x874'),(21844,'Ari Gerlach','KD-17-3-F-18',2,146,'11/01/2010',0,'6562 Kuhn Flat Apt. 067','Florida',9,1,'756 Eliezer Ville\nIsomside, AK 90070','964.793.3461 x0467'),(21845,'Sarah Olson','KD-17-3-F-19',2,146,'20/04/2010',1,'64615 Edwin Mountains Apt. 597','Mississippi',8,1,'40809 Bergstrom Green Apt. 057\nHoldenport, FL 54626','1-268-844-9894 x4131'),(21846,'Laurence Prosacco','KD-17-3-G-1',2,147,'04/03/2010',1,'8265 Seth Skyway','Rhode Island',6,0,'343 Feest Village Apt. 953\nFinnburgh, RI 33038','(898) 502-0053'),(21847,'Patience Connelly','KD-17-3-G-2',2,147,'16/08/2010',1,'82882 Schneider Point','Iowa',2,0,'9646 Sonny Manor Suite 929\nKeltonton, OK 55827-0200','+12265892533'),(21848,'Austin Powlowski','KD-17-3-G-3',2,147,'05/04/2010',0,'14135 Keon Square','Indiana',0,0,'596 Brenden Motorway\nLeopoldberg, DC 36035','+1-380-228-9783'),(21849,'Bria Abshire','KD-17-3-G-4',2,147,'23/01/2010',1,'553 Sigurd Fords Apt. 990','Wisconsin',8,0,'2205 D\'Amore Motorway Apt. 626\nWest Madelynn, RI 76235-4543','337.618.0785'),(21850,'Hazel Mitchell','KD-17-3-G-5',2,147,'18/11/2010',0,'161 Darby Streets','Washington',5,0,'92616 Mann Cliffs Apt. 860\nPort Mary, KY 33143','+1 (787) 433-9287'),(21851,'Asia Bashirian','KD-17-3-G-6',2,147,'11/03/2010',1,'964 Lillian Village','California',4,1,'70962 Collins Turnpike Suite 514\nPollichborough, VT 65622-2935','(589) 552-5787 x4928'),(21852,'Obie Grant','KD-17-3-G-7',2,147,'10/07/2010',0,'176 Deckow Lane Apt. 898','Rhode Island',6,0,'8729 Robel Walks\nSouth Ruby, LA 53818','+1.598.529.8036'),(21853,'Erika Wilderman','KD-17-3-G-8',2,147,'03/04/2010',1,'675 Zoey Turnpike','Utah',4,0,'246 Elva Brooks Suite 197\nPort Deonteburgh, RI 17107','963.803.5790 x7758'),(21854,'Jessy Mante','KD-17-3-G-9',2,147,'21/12/2010',0,'5093 Shirley Inlet','New Mexico',10,0,'79807 Little Cove\nNorth Mariamtown, VA 62185','+19167533338'),(21855,'Madyson Kiehn','KD-17-3-G-10',2,147,'05/11/2010',0,'880 Francis Stravenue','Ohio',8,0,'233 Bernier Rapids Suite 837\nZiemetown, SC 85058-7250','+1 (664) 359-4362'),(21856,'Haylie Abernathy','KD-17-3-G-11',2,147,'22/05/2010',1,'62516 Hirthe Glens Apt. 981','South Dakota',3,1,'1465 Sallie Track\nRamirohaven, IA 26120','1-267-323-6056'),(21857,'Russ Maggio','KD-17-3-G-12',2,147,'18/06/2010',0,'299 Romaguera Streets','Colorado',5,1,'34067 Elwyn Well Apt. 056\nWest Melliehaven, MD 20104-2084','834-371-6200'),(21858,'Wendell Yundt','KD-17-3-G-13',2,147,'22/01/2010',0,'8545 Balistreri Roads Apt. 635','Arkansas',7,1,'814 Lang Alley\nStoltenbergside, UT 00600','573.915.7635 x9595'),(21859,'Vicky Mills','KD-17-3-G-14',2,147,'08/10/2010',1,'32524 General Via','Oklahoma',8,0,'60598 Wiza Curve\nDurganfort, KY 38337-4114','(313) 866-6962'),(21860,'Kailee Rolfson','KD-17-3-G-15',2,147,'24/08/2010',1,'8346 Zemlak Harbor Apt. 199','Hawaii',8,1,'12438 Von Groves Suite 628\nPort Makennaside, NH 65717-8026','+1-819-435-7399'),(21861,'Jarret Considine','KD-17-3-G-16',2,147,'01/11/2010',0,'58110 Walter Centers Apt. 670','Texas',2,0,'408 Quitzon Extensions Suite 959\nNorth Corinefort, TX 84662','819.515.5910 x8282'),(21862,'Abbie Marvin','KD-17-3-G-17',2,147,'12/12/2010',1,'48308 Pfeffer Road Apt. 441','Oregon',0,0,'6876 Lloyd Path Suite 081\nCristport, GA 59886','1-295-664-4738 x652'),(21863,'Cristobal Conroy','KD-17-3-H-1',2,148,'20/03/2010',0,'3955 Nathanial Run','Colorado',2,1,'4395 Lexie Turnpike\nNorth Edaview, SD 94892','1-590-535-8666 x3454'),(21864,'Aurelio Jenkins','KD-17-3-H-2',2,148,'18/07/2010',0,'81773 Davis Camp','South Carolina',0,0,'351 Lemke Hollow Suite 888\nEast Abelardo, OK 88422','315-431-3216'),(21865,'Americo Kuhlman','KD-17-3-H-3',2,148,'10/02/2010',0,'7189 Katelynn Overpass','Utah',6,1,'594 Kling Bypass Suite 209\nSouth Kayleybury, KY 50103-7425','+14318670877'),(21866,'Rosemary Daugherty','KD-17-3-H-4',2,148,'04/05/2010',1,'8759 Justina Mills Apt. 504','Mississippi',6,0,'86842 Sawayn Grove Apt. 647\nEast Dasia, VA 74449-1698','(879) 512-9364 x250'),(21867,'Genevieve Schamberger','KD-17-3-H-5',2,148,'14/04/2010',1,'68631 Elouise Lodge','Kentucky',2,1,'31238 Nolan Junctions\nLake Pierreside, MT 15413-4137','(462) 454-4772'),(21868,'Elizabeth Fadel','KD-17-3-H-6',2,148,'04/01/2010',1,'572 Gleason Gardens Suite 520','Washington',8,1,'8895 Kilback Harbor Suite 350\nWest Javier, VT 21486','+1 (291) 309-5631'),(21869,'Nadia Towne','KD-17-3-H-7',2,148,'17/07/2010',1,'869 Gilbert Via Apt. 629','District of Columbia',9,1,'541 Heathcote Orchard\nDickensville, AL 08098-6588','(468) 845-6441 x297'),(21870,'Americo Blick','KD-17-3-H-8',2,148,'08/03/2010',0,'30848 Nicolas Union','Delaware',0,1,'312 Kendrick River\nAdamsfort, ME 85138-3543','+1-214-245-2683'),(21871,'Theo Nicolas','KD-17-3-H-9',2,148,'14/04/2010',0,'383 Erwin Gardens Apt. 576','Oklahoma',9,1,'754 Reynolds Divide Apt. 534\nGreenholtberg, IA 56897-1800','+1.627.842.4611'),(21872,'Kaylie Hammes','KD-17-3-H-10',2,148,'08/11/2010',1,'450 Sister Locks','Maine',3,1,'34512 Padberg Island Suite 660\nProhaskaburgh, NH 65969-3198','1-669-758-3766'),(21873,'Diego Price','KD-17-3-H-11',2,148,'01/05/2010',0,'660 Leffler Turnpike','North Carolina',9,0,'4733 Pouros Valley Apt. 529\nThielborough, IL 89937','+1-959-830-1683'),(21874,'Luisa Ortiz','KD-17-3-H-12',2,148,'08/01/2010',1,'5252 Jennifer Locks Suite 247','Louisiana',9,0,'2397 Ewell Canyon Apt. 862\nPort Hulda, MA 88466','(537) 438-4716 x1645'),(21875,'Allie Volkman','KD-17-3-H-13',2,148,'18/02/2010',1,'474 Turcotte Ridge','Florida',6,0,'33712 Keebler Village Apt. 238\nRasheedfort, UT 74811-0335','646.398.2711'),(21876,'Nona Pouros','KD-17-3-H-14',2,148,'21/06/2010',1,'2960 Mckayla Groves Apt. 459','Wisconsin',6,1,'467 Wilburn Ramp\nEast Adriannaport, DE 09597','+1 (330) 223-0956'),(21877,'Winston Fritsch','KD-17-3-H-15',2,148,'31/08/2010',0,'8633 Harvey Inlet','Utah',7,1,'70033 Randy Ford Suite 484\nNorth Martin, KY 16802-4607','1-491-926-2309 x8994'),(21878,'Abbigail Russel','KD-17-3-I-1',2,149,'18/07/2010',1,'6151 Llewellyn Fords Apt. 511','Hawaii',2,0,'9231 Haley Pine Apt. 859\nFisherborough, AL 73129','(794) 963-1920 x9585'),(21879,'Jordyn Reilly','KD-17-3-I-2',2,149,'05/06/2010',0,'710 Sheldon Shore','New Hampshire',9,0,'644 Mortimer Row Suite 490\nLake Kaleightown, PA 59372-2782','257.287.5770 x3607'),(21880,'Jamir Hickle','KD-17-3-I-3',2,149,'25/12/2010',0,'566 Brekke Meadows Apt. 500','South Dakota',3,0,'13554 Grady Wells\nVladimirview, MN 99896-3082','1-804-842-5642 x8002'),(21881,'Roxanne Bernhard','KD-17-3-I-4',2,149,'13/05/2010',1,'293 Larson Loaf Apt. 122','Arkansas',4,1,'95230 Samson Glen\nSouth Cobytown, LA 00401','1-913-617-0273 x3113'),(21882,'Jacinthe Wiegand','KD-17-3-I-5',2,149,'25/05/2010',1,'639 Paul Vista Suite 826','Kentucky',2,1,'8623 Goldner Greens Suite 100\nNew Providenci, AZ 24900','824-918-6434'),(21883,'Sasha Kshlerin','KD-17-3-I-6',2,149,'07/02/2010',1,'536 Kaya Village','Missouri',3,1,'9963 Shanie Ferry Apt. 099\nCummingsview, VT 75208','+15923880598'),(21884,'Hugh Bednar','KD-17-3-I-7',2,149,'09/02/2010',0,'8733 Wiegand Road','Washington',0,1,'53768 Stefanie Lock Suite 511\nPort Opal, WY 16494','727.549.8517'),(21885,'Opal Hettinger','KD-17-3-I-8',2,149,'23/07/2010',1,'4902 Susanna Station','Alabama',1,0,'4740 Jameson Lane\nSouth Ezraberg, MA 15436-9403','+1 (201) 889-6229'),(21886,'Brooks Paucek','KD-17-3-I-9',2,149,'29/10/2010',0,'605 Clark Street','Oklahoma',9,0,'63703 Haskell Key Suite 120\nUrbanbury, HI 02420-3435','918-575-0696'),(21887,'Norbert Lesch','KD-17-3-I-10',2,149,'19/05/2010',0,'353 Vella Unions Apt. 846','Hawaii',8,0,'248 Heathcote Neck Suite 653\nPort Ariane, AZ 59726-4028','584-908-2962 x153'),(21888,'Cristina Schaefer','KD-17-3-I-11',2,149,'31/11/2010',0,'58097 Torp Mill','California',3,0,'839 Zola Grove Suite 058\nEast Cayla, OK 68316','1-543-395-4291'),(21889,'Willard Abshire','KD-17-3-I-12',2,149,'22/02/2010',0,'463 Rachelle Hollow Apt. 497','Nevada',8,1,'5217 Yundt Motorway\nLamarburgh, WY 45001-3893','+1 (563) 730-6018'),(21890,'Rosella Shanahan','KD-17-3-I-13',2,149,'11/06/2010',1,'132 Schinner Lakes Apt. 052','Massachusetts',2,1,'6610 Anastacio Spurs\nWest Darioview, IA 75696','897.357.1400'),(21891,'Kaylee Schneider','KD-17-3-I-14',2,149,'31/07/2010',1,'8912 Jamison Flats','North Dakota',9,0,'8697 Kenyon Garden\nLake Lottie, NM 46874-7909','+1.615.567.7927'),(21892,'Candice Jaskolski','KD-17-3-I-15',2,149,'06/03/2010',1,'64666 Shaina Mountain','Wyoming',8,1,'18458 Barton Place Suite 567\nSouth Osborne, NV 61856-9324','1-273-776-7651'),(21893,'Bell Bruen','KD-17-3-I-16',2,149,'11/04/2010',0,'5855 Leffler Street','Indiana',8,0,'581 Wisozk Point\nPort Christy, DE 82905','(424) 651-9289'),(21894,'Nova Vandervort','KD-17-3-J-1',2,150,'12/06/2010',1,'387 Kattie Ferry Suite 667','Hawaii',3,1,'980 Mills Valley Suite 216\nNorth Angelica, MI 07447','960.465.4209 x0350'),(21895,'Margaret Schamberger','KD-17-3-J-2',2,150,'08/04/2010',1,'48287 Turcotte Knolls Apt. 187','Tennessee',0,1,'6087 Tromp Prairie\nRoelton, IN 30513','321.463.8491 x907'),(21896,'Courtney Batz','KD-17-3-J-3',2,150,'01/02/2010',1,'838 Watsica Mill Suite 012','Utah',10,1,'974 Johnathan Ranch\nEast Johnathantown, AZ 74205','419.532.9933 x4622'),(21897,'Marlen Mante','KD-17-3-J-4',2,150,'23/03/2010',1,'514 Homenick Ville','Arizona',0,0,'1354 Antonetta Underpass\nNew Arnulfo, OH 21614-3912','(593) 686-0328'),(21898,'Salma Shields','KD-17-3-J-5',2,150,'22/01/2010',1,'9746 Heidenreich Lights Suite 487','North Carolina',10,0,'86338 Abe Trafficway\nWest Lizatown, GA 22567','1-980-693-4876 x506'),(21899,'Randi Howe','KD-17-3-J-6',2,150,'15/05/2010',0,'568 Elmo Overpass Suite 228','Oklahoma',4,0,'555 Brendan Circle\nEast Jaqueline, NM 14017-1675','349.809.5923 x5762'),(21900,'Kennedy Cruickshank','KD-17-3-J-7',2,150,'28/09/2010',0,'1746 Shanahan Isle','Maryland',7,0,'721 Langworth Pine\nNew Jevon, PA 51516','298.577.4349 x23413'),(21901,'Karli Lang','KD-17-3-J-8',2,150,'09/03/2010',1,'7512 Gutkowski Wall Apt. 978','New Hampshire',9,1,'7832 Jaida Parkways Suite 276\nBettyview, MI 52198','+17573432878'),(21902,'Alexander Walter','KD-17-3-J-9',2,150,'10/04/2010',0,'8815 Hilda Springs Apt. 887','Louisiana',6,0,'442 Mohr Tunnel\nSouth Verna, MN 24077-8464','735-912-5012'),(21903,'Kristian Beer','KD-17-3-J-10',2,150,'18/08/2010',0,'1315 Aliyah Course','Illinois',5,1,'340 Considine Islands Apt. 580\nEast Miguelland, IA 24836-4549','(451) 994-8276 x549'),(21904,'Laurine Gusikowski','KD-17-3-J-11',2,150,'17/02/2010',1,'427 Aiden Creek Suite 122','North Dakota',8,0,'465 Hahn Creek Suite 723\nDickinsonhaven, SC 47805','1-956-922-6137 x3484'),(21905,'Cruz Goldner','KD-17-4-A-1',2,151,'07/02/2011',0,'13337 Zelma Mission Suite 024','Washington',6,0,'5720 Johnston Walks\nNorth Torreyshire, CO 43018','+1-448-355-2735'),(21906,'Sharon Senger','KD-17-4-A-2',2,151,'06/08/2011',1,'5680 Oswaldo Brook Apt. 042','Alabama',4,1,'318 Adolfo Walks Apt. 506\nWest Aliviaburgh, NM 10731-6884','704.232.3735 x85220'),(21907,'Betsy Gerhold','KD-17-4-A-3',2,151,'20/09/2011',1,'23975 Braxton Row','Alaska',5,0,'3394 Weimann Roads\nBalistrerifurt, VT 23348-0131','210.647.7391'),(21908,'Patrick Mills','KD-17-4-A-4',2,151,'28/07/2011',0,'4318 Kessler Pines Suite 264','West Virginia',0,0,'45040 Jorge Curve\nEast Tracytown, UT 61362','1-726-899-0591'),(21909,'Anjali O\'Kon','KD-17-4-A-5',2,151,'02/06/2011',1,'647 Kellie Throughway','Maryland',9,0,'9274 Denesik Ville Apt. 715\nHilpertland, LA 26322-1630','737-271-2628 x3282'),(21910,'Warren Smitham','KD-17-4-A-6',2,151,'01/07/2011',0,'3525 Bartell Shoals','Ohio',6,0,'74515 Keeling Manor\nSouth Nya, KY 65121','+1 (431) 354-6797'),(21911,'Krystel Ferry','KD-17-4-A-7',2,151,'04/01/2011',1,'7296 Cortez Avenue Apt. 159','Missouri',5,0,'461 Jeffrey Streets\nTurnerfurt, MS 09192','1-501-751-4480 x747'),(21912,'Armando Anderson','KD-17-4-A-8',2,151,'13/03/2011',0,'8609 Urban Mall Suite 207','New Mexico',3,1,'18160 Colton Turnpike\nAlessandroview, WV 27315','(393) 364-7610'),(21913,'Verner Casper','KD-17-4-A-9',2,151,'15/08/2011',0,'45907 Brown Inlet','Kentucky',5,0,'92855 Lambert Street Suite 841\nNorth Myrl, TN 94466','+1-409-297-8587'),(21914,'Mable O\'Keefe','KD-17-4-A-10',2,151,'06/07/2011',1,'829 Aniya Circle','Rhode Island',1,0,'13738 Koepp Lock\nJaedentown, IN 99089-2521','(570) 487-8375'),(21915,'Sedrick Prosacco','KD-17-4-A-11',2,151,'23/01/2011',0,'771 Stoltenberg Park','Pennsylvania',8,1,'5701 Zetta Forges Suite 401\nLake Filomenaberg, MD 42492','385.824.7575 x9101'),(21916,'Laurel Blanda','KD-17-4-B-1',2,152,'01/06/2011',0,'6859 Joshuah Meadows','Nevada',9,0,'4786 Nathanael Course\nNorth Alia, CO 14554','579.610.8389'),(21917,'Joey Reichert','KD-17-4-B-2',2,152,'14/12/2011',0,'21816 Ethan Branch Suite 983','South Carolina',0,1,'2993 Barton View\nMraztown, MT 34993-2131','1-232-400-3335 x8458'),(21918,'Antonia Harber','KD-17-4-B-3',2,152,'02/04/2011',1,'55317 Gibson Dale Apt. 873','Montana',5,1,'9472 Williamson Mountains\nNorth Dianaport, MS 05267-7571','520-793-7964 x1526'),(21919,'Erika Lockman','KD-17-4-B-4',2,152,'06/12/2011',1,'805 Kaylah Cove Apt. 371','Rhode Island',8,0,'820 Vern Parkway Apt. 265\nPort Cooperstad, SC 38215-9246','301-407-3440'),(21920,'Alvah Stamm','KD-17-4-B-5',2,152,'20/08/2011',0,'6058 Balistreri Court','Nevada',4,1,'79961 Kerluke Roads Apt. 775\nPort Newton, TN 87974-8691','1-570-963-2398 x9800'),(21921,'Rashad Jakubowski','KD-17-4-B-6',2,152,'09/10/2011',0,'790 Humberto Circle','South Dakota',10,0,'77124 Treutel Points Apt. 555\nKreigerland, HI 35066','741.321.9359'),(21922,'Elda Grant','KD-17-4-B-7',2,152,'06/04/2011',1,'8555 Cody Brook','Missouri',6,1,'945 Dach Manor Suite 578\nNew Mckaylaville, VT 91104','(563) 429-5461 x872'),(21923,'Joshua Rodriguez','KD-17-4-B-8',2,152,'18/12/2011',0,'39040 Bayer Islands Apt. 592','Pennsylvania',4,1,'87540 Blair Flat Suite 342\nGreenholtview, OH 00738','605.315.3961 x1843'),(21924,'Dejuan Veum','KD-17-4-B-9',2,152,'09/09/2011',0,'107 Hansen Shore','Maryland',5,1,'4716 Rosenbaum Ranch Suite 681\nChristiansenstad, AZ 56389-1876','(893) 768-4482 x2582'),(21925,'Angela Cronin','KD-17-4-B-10',2,152,'17/09/2011',1,'48696 Grimes Underpass Apt. 452','Iowa',3,0,'346 Orn Key Suite 902\nNorth Abelardo, RI 91343-3478','+1.936.503.4025'),(21926,'Cameron Morissette','KD-17-4-B-11',2,152,'27/04/2011',0,'41731 Adelia Alley Apt. 655','Colorado',8,0,'52144 Serenity Villages Suite 022\nFriesenport, SD 53283','332-657-7680'),(21927,'Malika Torphy','KD-17-4-B-12',2,152,'23/12/2011',1,'226 Johnnie Islands Apt. 872','Colorado',8,1,'4353 Shanahan Flats\nWest Jordane, TX 17442','(675) 248-7455'),(21928,'Loyal Beer','KD-17-4-C-1',2,153,'28/11/2011',0,'613 Bosco Run','New York',8,1,'2224 Sanford Island Apt. 150\nLake Alicia, DE 90006','578.946.6841'),(21929,'Jeremie Bauch','KD-17-4-C-2',2,153,'30/12/2011',0,'266 Reynolds Fall','Montana',10,1,'5813 Jayda Alley Apt. 574\nLake Myriammouth, NY 17091','1-754-972-8021 x2035'),(21930,'Shanel Legros','KD-17-4-C-3',2,153,'13/06/2011',1,'737 Hermann Unions Apt. 406','Louisiana',6,0,'576 Chelsey Meadows Suite 729\nSouth Reggieview, ID 11842','381-867-4223 x07936'),(21931,'Jayda Kshlerin','KD-17-4-C-4',2,153,'10/05/2011',1,'2967 Agnes Freeway','New Hampshire',5,0,'266 Swaniawski Fields Suite 184\nFeilton, HI 65743','(823) 280-6690'),(21932,'Anastacio Stamm','KD-17-4-C-5',2,153,'05/03/2011',0,'92889 Waelchi Extension','California',0,1,'74147 Karine Cliffs Suite 320\nSouth Nova, WI 19691','1-638-804-6647 x701'),(21933,'Clementine Hoppe','KD-17-4-C-6',2,153,'13/07/2011',1,'977 Ressie Shoals','Wisconsin',10,0,'3321 Armstrong Cliff Apt. 276\nKunzeside, TX 18736-7691','(919) 425-1222'),(21934,'Jairo Smitham','KD-17-4-C-7',2,153,'04/09/2011',0,'4342 Dedrick Views','Maryland',6,0,'778 Keeling Mountains\nPredovicmouth, ID 84243','238-583-0963 x845'),(21935,'Emmy Marvin','KD-17-4-C-8',2,153,'26/09/2011',1,'815 Houston Stravenue Apt. 763','Indiana',1,1,'351 Medhurst Gateway\nSouth Keyonview, MO 31835','529-208-4104'),(21936,'Joanny Zulauf','KD-17-4-C-9',2,153,'12/01/2011',1,'49970 Jacobi Station','Georgia',2,0,'652 Phyllis Overpass\nNew Ethan, CO 67320-7902','262.995.9195'),(21937,'Valentine Crooks','KD-17-4-C-10',2,153,'05/05/2011',1,'22948 Marta Dam Apt. 561','Iowa',8,1,'96241 Mante Village\nNew Kieran, CA 75815','347-971-5242 x3253'),(21938,'Orie Corkery','KD-17-4-C-11',2,153,'10/04/2011',1,'3523 Willms Springs Apt. 501','District of Columbia',1,0,'14088 Johnathan Alley Suite 353\nSouth Rosa, LA 78565-1660','1-641-881-5446'),(21939,'Madisen Goodwin','KD-17-4-C-12',2,153,'13/08/2011',0,'7947 Hirthe Views Suite 851','Montana',4,1,'42300 Libby Branch Apt. 504\nFisherstad, AZ 47393','(953) 667-3195 x4512'),(21940,'Lukas Waters','KD-17-4-C-13',2,153,'29/04/2011',0,'39766 Huel Fords','Arizona',6,1,'6700 Wintheiser Field Apt. 365\nEast Mauricio, LA 14476','+1 (675) 695-6643'),(21941,'Raul Tillman','KD-17-4-C-14',2,153,'28/02/2011',0,'745 Schiller Gardens Apt. 344','New Jersey',2,0,'8089 Schneider Lakes Apt. 308\nAbigayleport, NY 14201-8971','+1-878-607-1136'),(21942,'Delores Pollich','KD-17-4-C-15',2,153,'17/01/2011',1,'699 Taryn Loop','New Mexico',0,1,'59782 Casper Centers Suite 778\nNew Talon, WA 73847-6789','1-773-733-6777'),(21943,'Noe Ullrich','KD-17-4-C-16',2,153,'25/03/2011',0,'3881 Windler Villages','Ohio',1,0,'52027 Dominic Extension Apt. 267\nNeldastad, DC 60486','1-541-468-5562 x9884'),(21944,'Aniya Bergnaum','KD-17-4-C-17',2,153,'08/09/2011',1,'7365 Lang Pine Suite 130','Louisiana',0,0,'63490 Bruce Village\nWest Tiaburgh, TX 37948-5007','250-378-3172'),(21945,'Ariel Raynor','KD-17-4-C-18',2,153,'13/06/2011',0,'1512 Laron Pine','Indiana',7,1,'985 Tanya Ramp Apt. 564\nNew Kelton, WY 58435-2843','(881) 455-2175 x455'),(21946,'Johnnie Corwin','KD-17-4-C-19',2,153,'10/07/2011',0,'594 Sonny Via Suite 373','Rhode Island',9,1,'636 Leda Shore Apt. 635\nLake Kristofferberg, WA 08764','778-700-7139'),(21947,'Audrey Kuphal','KD-17-4-D-1',2,154,'20/05/2011',1,'19237 Balistreri Crescent Suite 207','Louisiana',8,1,'996 Wisoky Greens\nWhiteside, ND 57185','537.276.7510'),(21948,'Aurore Cruickshank','KD-17-4-D-2',2,154,'07/01/2011',1,'65580 Konopelski Ports','Illinois',10,1,'245 Leffler Cape\nClemmieberg, CT 10962','641.919.2347 x570'),(21949,'Modesto Moen','KD-17-4-D-3',2,154,'27/03/2011',0,'667 Okuneva Lock','Arizona',8,0,'670 Schmeler Valleys\nRogerborough, MO 05000','415.864.7994 x11894'),(21950,'Gwen Tillman','KD-17-4-D-4',2,154,'20/09/2011',1,'9575 Hilpert Loaf','Massachusetts',0,1,'8252 Florence Meadow\nEast Athenaberg, FL 19088','857-674-9072 x80384'),(21951,'Jennings Brakus','KD-17-4-D-5',2,154,'21/02/2011',0,'3622 Cassandra Stream Apt. 389','Missouri',5,1,'54940 Marty Ranch\nWest Hermanborough, ID 86821','+1-553-397-3430'),(21952,'Crawford Kassulke','KD-17-4-D-6',2,154,'20/02/2011',0,'93136 Hoeger Skyway Suite 621','Nevada',1,0,'5319 Sonya Turnpike\nJadastad, AZ 58902-2884','+1-892-272-4396'),(21953,'Sandrine Krajcik','KD-17-4-D-7',2,154,'21/06/2011',1,'74801 Dooley Avenue','Oklahoma',3,0,'44750 Leuschke Road Apt. 486\nEast Veda, AZ 67184','1-462-616-2798'),(21954,'Cortez Boehm','KD-17-4-D-8',2,154,'27/02/2011',0,'829 Gerlach Brook Apt. 323','New Jersey',10,0,'55404 Jaycee Neck\nLake Gladys, TX 97236-8320','+1 (614) 969-5640'),(21955,'Cesar Buckridge','KD-17-4-D-9',2,154,'30/07/2011',0,'8467 Alejandrin Courts Apt. 974','Florida',6,0,'64403 Vladimir View\nFayfurt, DC 64019','+12919384982'),(21956,'Rosamond Schneider','KD-17-4-D-10',2,154,'03/07/2011',1,'49637 Pfannerstill Keys','Alaska',3,0,'26904 Quitzon Plain\nNorth Kellie, MI 22052','+14303039739'),(21957,'Gianni Gutkowski','KD-17-4-D-11',2,154,'09/03/2011',0,'860 Harber Ville Suite 903','New Hampshire',2,1,'5776 Harris Grove\nLeilaniland, DE 07597-9326','772.851.0398 x7694'),(21958,'Dawson Kassulke','KD-17-4-D-12',2,154,'31/12/2011',0,'7629 Weber Crossing','Hawaii',1,0,'186 Cartwright Roads\nHermanshire, AL 06201','1-218-860-7917'),(21959,'Newell Schamberger','KD-17-4-D-13',2,154,'21/09/2011',0,'31645 Nasir Forest Suite 194','Wisconsin',6,1,'22404 Frankie Common\nWestport, GA 35421','710.399.7173'),(21960,'Kaycee Hudson','KD-17-4-D-14',2,154,'12/02/2011',1,'1009 Judd Ville','Vermont',8,0,'2888 Bobby Light Apt. 595\nNew Jeffreyport, NJ 50351','(354) 840-4168'),(21961,'Margarett Prohaska','KD-17-4-D-15',2,154,'23/06/2011',1,'354 Greenholt Springs','North Dakota',10,0,'671 Rogelio Trail\nLake Maudefort, UT 04556','(553) 872-3404 x3640'),(21962,'Bart Haag','KD-17-4-E-1',2,155,'23/09/2011',0,'86688 Wisoky Spring Suite 595','Maine',9,0,'458 Hayes Gateway Apt. 173\nAnkundinghaven, DC 92686-7863','210-954-1447 x0557'),(21963,'Lori Strosin','KD-17-4-E-2',2,155,'11/07/2011',1,'1537 Beverly Creek','Massachusetts',0,1,'771 Monty Port\nPort Valeriechester, LA 71435','(703) 767-2911 x9041'),(21964,'Grover Adams','KD-17-4-E-3',2,155,'27/08/2011',0,'874 Kaela Port Apt. 719','Hawaii',2,0,'479 Randall Locks\nBoganstad, ND 31926','618.393.5939 x2793'),(21965,'Orin Hand','KD-17-4-E-4',2,155,'25/03/2011',0,'4312 Gerlach Estates','District of Columbia',6,0,'57140 Woodrow Forge\nSouth Josephine, SD 60703','686-792-1526 x69158'),(21966,'Robb Champlin','KD-17-4-E-5',2,155,'21/01/2011',0,'12565 Shields Club','Massachusetts',7,0,'6218 Brandon Creek Apt. 103\nSouth Pierreberg, NV 93743','+1-994-713-2932'),(21967,'Edwina Eichmann','KD-17-4-E-6',2,155,'05/12/2011',1,'85801 Drake Squares Apt. 117','Alaska',0,0,'81377 Daryl Inlet\nLake Fannymouth, SD 63517','+1.808.694.0473'),(21968,'Delilah Feest','KD-17-4-E-7',2,155,'30/12/2011',1,'45338 Zena Keys Apt. 935','Maryland',7,1,'96668 Beverly Court\nKurtismouth, OR 02514','(346) 545-1994 x6109'),(21969,'Federico Bartell','KD-17-4-E-8',2,155,'22/07/2011',0,'587 Lauren Heights Suite 458','Massachusetts',9,1,'8847 Greenfelder Garden\nReneeshire, GA 68533-8970','1-597-555-8010 x6723'),(21970,'Elmira Herzog','KD-17-4-E-9',2,155,'02/04/2011',1,'4808 Garrett Mountain','Nebraska',3,0,'4955 Kassulke Shoal Apt. 115\nDeclanmouth, NJ 42648','1-242-548-0120 x3244'),(21971,'Madge Macejkovic','KD-17-4-E-10',2,155,'28/07/2011',1,'87597 Brenden Creek Suite 130','Maine',6,1,'584 Ethelyn Shoal\nCruickshankton, WY 95323-7374','420-381-3027'),(21972,'Sadye Gulgowski','KD-17-4-F-1',2,156,'17/10/2011',1,'847 Quitzon Corner Suite 289','Washington',10,1,'5938 Dahlia Key Apt. 312\nLake Odell, NJ 06033-1380','+1 (241) 582-8563'),(21973,'Cade Klein','KD-17-4-F-2',2,156,'23/07/2011',0,'619 Rodriguez Common','Arkansas',4,1,'241 Hodkiewicz Circles\nMoenhaven, UT 42061','+1 (352) 998-1889'),(21974,'Lenny Ledner','KD-17-4-F-3',2,156,'11/01/2011',0,'5412 Klocko Drive','North Dakota',0,1,'8137 Kristy Vista Apt. 778\nElliehaven, CT 45052-2692','+1-816-495-4526'),(21975,'Abdullah Wisoky','KD-17-4-F-4',2,156,'20/07/2011',0,'1613 Nelle Neck Suite 993','Connecticut',2,0,'389 Bruen Bypass Suite 738\nLake Hazel, GA 76616-7374','1-617-956-7328 x8920'),(21976,'Blaise Stracke','KD-17-4-F-5',2,156,'10/12/2011',0,'513 Bradtke Way Suite 157','New Mexico',5,0,'9264 Connie Path Apt. 642\nHeaneyfurt, WI 90765-1161','792-547-2397 x33268'),(21977,'Laron Rolfson','KD-17-4-F-6',2,156,'26/06/2011',0,'4117 Alvera Way','Iowa',0,1,'16819 Cornell Junction Suite 153\nHowellburgh, MS 38697-4509','1-859-502-0224 x039'),(21978,'Autumn Schaden','KD-17-4-F-7',2,156,'31/10/2011',1,'59626 Larson Mount Suite 065','Ohio',6,1,'24422 Deja Fields\nEast Rosariofort, SD 60610-5304','(680) 606-6911'),(21979,'Isai Spencer','KD-17-4-F-8',2,156,'08/11/2011',0,'2985 Reinger Isle Suite 673','Idaho',4,1,'670 Bode Forks Suite 331\nEast Brad, AZ 80369-7837','335-335-3372'),(21980,'Ivory Collins','KD-17-4-F-9',2,156,'07/05/2011',1,'86170 Edmund Canyon','Louisiana',3,0,'27906 Leonardo Forges Suite 078\nEast Demarcus, MT 44063-2594','(767) 389-7570 x735'),(21981,'Rebecca Hamill','KD-17-4-F-10',2,156,'15/03/2011',1,'536 Schimmel Estates','Illinois',10,0,'879 Halvorson Pines Suite 032\nReneeland, ID 39327','1-278-255-4268'),(21982,'Izabella Doyle','KD-17-4-F-11',2,156,'20/12/2011',1,'597 Feil Drives Suite 210','Vermont',7,0,'57346 Larkin Drive\nNorth Nicolasburgh, TX 87951-7989','729.724.1238'),(21983,'Derick Strosin','KD-17-4-F-12',2,156,'21/08/2011',0,'128 Herta Views','Oregon',9,0,'19777 Nasir Cove Apt. 224\nCreminport, HI 53776','(812) 387-8355 x9878'),(21984,'Alexandra Hermann','KD-17-4-F-13',2,156,'15/07/2011',1,'6890 Savanna Bridge','Kansas',8,0,'200 Mann Harbor Suite 710\nWeberbury, IA 96003','1-950-230-3066 x869'),(21985,'Dianna Russel','KD-17-4-F-14',2,156,'20/04/2011',1,'28703 Kutch Burg Suite 128','California',7,0,'2456 Wilderman Throughway Suite 189\nSouth Hassie, AZ 00522','1-283-767-4826'),(21986,'Mary Satterfield','KD-17-4-F-15',2,156,'01/11/2011',1,'51940 McGlynn Vista Apt. 744','South Dakota',3,0,'9632 Kulas Motorway Apt. 985\nPetrabury, HI 02700','(606) 496-7138 x4050'),(21987,'Onie Nienow','KD-17-4-F-16',2,156,'07/08/2011',1,'1122 Nick Groves','Tennessee',9,1,'3959 Damon Tunnel Apt. 141\nSchillerland, RI 55384','586.790.5925 x30324'),(21988,'Cara Weimann','KD-17-4-F-17',2,156,'30/01/2011',1,'4730 Zola Springs Suite 336','Washington',8,1,'7463 Rath Canyon Suite 144\nFloyhaven, CA 03942','729-508-8571'),(21989,'Dell Johnson','KD-17-4-F-18',2,156,'11/08/2011',0,'27914 Elton Prairie Apt. 718','Nebraska',1,0,'423 Zulauf Centers Suite 857\nCristfort, WV 35596-0796','240-962-6062 x5041'),(21990,'Candido Ratke','KD-17-4-F-19',2,156,'21/10/2011',0,'562 Finn Rest','Alaska',3,1,'84685 Norbert Place\nNew Edythe, AR 49229-9775','606-923-3867 x30718'),(21991,'Lisette Powlowski','KD-17-4-F-20',2,156,'09/06/2011',1,'456 Durgan Parkways Suite 737','Arizona',3,1,'35512 Eden Walk Apt. 053\nWest Heleneland, UT 85145-5450','(487) 326-4995 x450'),(21992,'Sincere Barton','KD-17-4-G-1',2,157,'04/01/2011',1,'737 Justine Port Apt. 115','Kentucky',3,0,'5845 Sydnie Inlet\nMaymieland, WA 80923-2460','292-617-4193'),(21993,'Violette O\'Keefe','KD-17-4-G-2',2,157,'10/04/2011',1,'4266 Larissa Groves Suite 200','Virginia',5,0,'27807 Watson Brook Apt. 118\nEast Oranbury, OK 72026','489.385.3841'),(21994,'Adell Simonis','KD-17-4-G-3',2,157,'24/04/2011',1,'71766 Albin Plains Suite 812','Montana',2,0,'4157 Sipes View Suite 657\nAidaside, TN 86320','202-271-4954 x8806'),(21995,'Armand Wyman','KD-17-4-G-4',2,157,'09/03/2011',0,'88262 Alford Ville','Pennsylvania',3,1,'598 Arno Rue Suite 245\nEast Petraside, AR 12501-8110','345-828-7236 x36204'),(21996,'Mose Willms','KD-17-4-G-5',2,157,'02/05/2011',0,'7587 Savion Shoal Suite 016','South Carolina',7,1,'2045 Krystina Falls Apt. 918\nAugustatown, NY 31389','229.787.0945 x721'),(21997,'Vidal Lakin','KD-17-4-G-6',2,157,'17/07/2011',0,'41803 Emilie Mount','Illinois',5,0,'308 Adella Plaza\nUllrichchester, WI 89228','1-945-347-5085'),(21998,'Trevion Powlowski','KD-17-4-G-7',2,157,'15/01/2011',0,'906 Kelli Route Suite 720','Michigan',4,0,'5706 McKenzie Junctions Apt. 989\nLangstad, SD 20002-5419','447-341-8423 x40609'),(21999,'Maymie Connelly','KD-17-4-G-8',2,157,'17/07/2011',1,'230 Dietrich Ridge Suite 953','Arizona',0,1,'30923 Walsh Spur\nJohnstonmouth, NE 01710','(415) 624-7055'),(22000,'Zechariah Keebler','KD-17-4-G-9',2,157,'26/12/2011',0,'636 Funk Park Suite 844','Virginia',0,1,'931 Sylvia Circle Apt. 685\nWest Xzavierbury, NJ 20534','1-546-836-1921'),(22001,'Caesar Bosco','KD-17-4-G-10',2,157,'22/12/2011',0,'796 Stokes Junction Suite 650','Hawaii',1,1,'5808 Herzog Lock Suite 369\nMadieshire, MD 54283-6566','890.571.8408 x954'),(22002,'Charlie Torp','KD-17-4-G-11',2,157,'31/05/2011',0,'6830 Sauer Track Suite 491','Massachusetts',3,1,'4594 Okuneva Shores Apt. 056\nKuhlmanside, OH 65120-8876','+1-818-615-2983'),(22003,'Jarod Connelly','KD-17-4-G-12',2,157,'23/07/2011',0,'632 Davis Curve Suite 952','Colorado',8,1,'81391 Fritsch Parkway Suite 757\nNienowmouth, AR 69502','(879) 703-8561 x477'),(22004,'Eveline Huel','KD-17-4-G-13',2,157,'08/05/2011',1,'7122 Karina Highway Suite 025','Missouri',3,0,'3856 Spencer Freeway\nLake Bransonmouth, AR 91328-7775','876.915.5500 x8477'),(22005,'Dangelo Emard','KD-17-4-G-14',2,157,'20/10/2011',0,'951 Lesch Meadows','Oklahoma',0,0,'6992 Fredrick Drives\nNew Laurelfurt, MI 49132','717-225-7642 x61437'),(22006,'Hope Macejkovic','KD-17-4-G-15',2,157,'01/06/2011',1,'831 Granville Square','Wisconsin',5,0,'239 Hodkiewicz Union Apt. 632\nProhaskaburgh, MI 59625','+1.625.564.9877'),(22007,'Millie McDermott','KD-17-4-H-1',2,158,'12/04/2011',1,'3117 Mueller Wells Apt. 136','Kentucky',1,0,'678 Curtis Union Suite 105\nLittleton, ID 25152-6551','1-492-470-8900 x779'),(22008,'Amina Lockman','KD-17-4-H-2',2,158,'05/10/2011',1,'535 Gleason Knolls','Texas',7,1,'81912 Runte Forks\nLake Tiara, SD 62664','951-742-7903 x90513'),(22009,'Luna Berge','KD-17-4-H-3',2,158,'31/03/2011',1,'60486 Carter Canyon','Vermont',5,1,'3649 Reinger Lane\nNorth Camilla, MS 39438','870.893.1919'),(22010,'Cody Schinner','KD-17-4-H-4',2,158,'13/01/2011',0,'2371 Kaylah Crescent','Rhode Island',4,0,'44140 Beverly Roads\nSouth Ardith, WA 52799','+17817683121'),(22011,'General Hills','KD-17-4-H-5',2,158,'22/06/2011',0,'69337 Adams Path Apt. 120','Nebraska',10,0,'9235 Anthony Place Suite 423\nGreenfelderfurt, IN 74532','703.410.0363 x88728'),(22012,'Nettie Kuhlman','KD-17-4-H-6',2,158,'08/06/2011',1,'30660 Anna Light','Missouri',1,1,'16685 Strosin Courts\nWeberton, MA 42349-8308','748-545-8412 x3767'),(22013,'Hobart Sipes','KD-17-4-H-7',2,158,'02/01/2011',0,'7967 Reichert Trail Suite 813','Connecticut',4,0,'810 Claud River Suite 800\nNew Alexzander, WA 95425-3519','286.838.6193'),(22014,'Elmer Doyle','KD-17-4-H-8',2,158,'05/04/2011',0,'9873 Merritt Road','North Carolina',5,1,'1470 Maxine Burgs\nGenebury, NV 84140-4305','474-921-8367 x221'),(22015,'Estella Treutel','KD-17-4-H-9',2,158,'30/07/2011',1,'419 Gleichner Ford','Nevada',5,0,'93788 Aaron Extension Apt. 677\nSouth Fridaton, TN 63258-7381','1-556-873-0211'),(22016,'Valentin Simonis','KD-17-4-H-10',2,158,'26/09/2011',0,'383 Matilde Squares Suite 634','Delaware',1,1,'124 Zulauf Club Suite 203\nLake Don, KS 18981','553-901-6753 x389'),(22017,'Patsy Stark','KD-17-4-H-11',2,158,'29/10/2011',1,'153 Earl Hills Apt. 818','Vermont',5,1,'10299 Cummings Shoal Suite 738\nWest Gunner, TX 33630-4217','(226) 327-3773 x1651'),(22018,'Eula Reichel','KD-17-4-H-12',2,158,'14/10/2011',1,'957 Balistreri Motorway','Florida',9,1,'87843 Eldon Prairie\nNorth Jarred, MS 65224-1138','(905) 370-5206 x041'),(22019,'Leonard Oberbrunner','KD-17-4-H-13',2,158,'02/05/2011',0,'53252 Name Expressway','Minnesota',2,0,'8574 Rylan Prairie\nMadilynfort, TN 00267-7202','+1-836-812-5307'),(22020,'Durward Douglas','KD-17-4-H-14',2,158,'01/05/2011',0,'3131 Hahn Unions Suite 259','Virginia',0,1,'619 Douglas Lake Apt. 412\nLake Flossiestad, CT 03121','+1.950.841.2144'),(22021,'Gerhard Walker','KD-17-4-H-15',2,158,'30/11/2011',0,'282 Joyce Stream Apt. 691','Pennsylvania',2,1,'2810 Torp Highway\nNew Abigailchester, AK 38703-8761','614-449-8944'),(22022,'Gaylord Stroman','KD-17-4-H-16',2,158,'25/02/2011',0,'300 Rath Mountains Suite 785','District of Columbia',5,0,'3459 Kulas Summit\nNew Gersonshire, WI 67610-3032','(347) 765-7629 x9569'),(22023,'Zaria Schiller','KD-17-4-H-17',2,158,'03/08/2011',1,'44686 Trisha Summit','District of Columbia',2,0,'579 Estefania Stravenue Apt. 337\nEdgartown, WA 44082-8910','1-349-448-6519 x010'),(22024,'Bernard Hauck','KD-17-4-H-18',2,158,'23/12/2011',0,'11662 Cecile Meadow Suite 836','Iowa',4,0,'822 Prohaska Bypass Apt. 714\nPort Aureliastad, HI 04735-0236','539.334.4579'),(22025,'Aidan Hahn','KD-17-4-H-19',2,158,'29/04/2011',0,'85193 Jaylen Lane','California',2,0,'25029 Mozelle Ramp Suite 438\nNew Juston, NM 11756','478-803-9760 x91558'),(22026,'Berenice Gleason','KD-17-4-I-1',2,159,'18/07/2011',1,'30046 Clarabelle Knoll Apt. 374','Colorado',6,0,'997 Janie Flats Suite 478\nKayleyburgh, MD 36451-2328','(938) 798-7134'),(22027,'Antonetta Rice','KD-17-4-I-2',2,159,'26/11/2011',1,'6856 Tyrel Landing','Hawaii',4,1,'3734 Polly Locks\nVedashire, WI 76098-6711','635-739-6675 x61926'),(22028,'Vicente Ruecker','KD-17-4-I-3',2,159,'08/03/2011',0,'2856 Kaden Club','South Carolina',4,0,'27969 Sammie Islands\nRoobton, SC 04759','+1 (232) 398-6824'),(22029,'Noemi Friesen','KD-17-4-I-4',2,159,'08/03/2011',1,'6465 Brown Manor Apt. 441','Maryland',2,0,'803 Tremblay Forks\nEast Sandrashire, KS 77137','832-781-5699'),(22030,'Paula Dooley','KD-17-4-I-5',2,159,'10/11/2011',1,'898 Krystal Fords Apt. 000','New Hampshire',8,0,'5863 Dalton Extension Apt. 069\nNew Ottiliechester, WY 61276-0268','+1-592-643-5736'),(22031,'Alejandrin Dooley','KD-17-4-I-6',2,159,'14/01/2011',0,'1887 Wisoky Inlet Apt. 357','Washington',0,0,'6862 Keegan Turnpike Apt. 459\nSouth Joellemouth, MT 68525','(397) 474-0121 x4493'),(22032,'Roma Bogisich','KD-17-4-I-7',2,159,'12/08/2011',1,'7843 Kaelyn Mount Suite 640','Minnesota',8,1,'823 Margaretta Manor\nGregoriomouth, VT 25696-7842','580-593-6069 x4371'),(22033,'Mercedes Homenick','KD-17-4-I-8',2,159,'03/01/2011',1,'69167 Trantow Curve Suite 824','Nevada',8,0,'13939 Rath Road\nKuhicmouth, AK 71961','680-723-4924'),(22034,'Ruben Becker','KD-17-4-I-9',2,159,'24/01/2011',0,'6391 Hane Street','Iowa',10,0,'285 Corwin Village\nKeeblermouth, KY 46756-5663','1-940-369-3527 x351'),(22035,'Joel Beatty','KD-17-4-I-10',2,159,'16/11/2011',0,'88684 Audreanne Valley','Utah',0,0,'83452 Keebler Walk Suite 510\nLake Stephan, GA 56633','821-349-4699 x312'),(22036,'Sherwood Windler','KD-17-4-I-11',2,159,'12/04/2011',0,'9713 Friesen Parkway Suite 405','Georgia',3,1,'742 Hackett Haven Suite 517\nLueilwitzview, VT 33300','632-470-2903 x58284'),(22037,'Elmer Kassulke','KD-17-4-I-12',2,159,'31/11/2011',0,'11131 Gail Circle Suite 080','Alabama',4,1,'5227 Hodkiewicz Place Suite 856\nYundthaven, HI 50319','1-961-569-3076'),(22038,'Liliane Considine','KD-17-4-J-1',2,160,'05/10/2011',1,'1600 Emiliano Tunnel','New York',0,1,'1240 Franecki Inlet\nOberbrunnerburgh, KY 09527-9193','1-204-509-2253 x0896'),(22039,'Janiya Romaguera','KD-17-4-J-2',2,160,'30/06/2011',1,'7127 Boehm Falls','California',5,0,'32007 Lynch Forks Apt. 354\nLake Shakiratown, WV 21802','1-631-994-1859 x183'),(22040,'Shannon Ferry','KD-17-4-J-3',2,160,'16/12/2011',1,'462 Cummerata Landing Apt. 476','Wyoming',7,1,'70570 Heidenreich Islands\nWest Johnnieberg, RI 53096','301-986-8295 x13022'),(22041,'Zachary Kirlin','KD-17-4-J-4',2,160,'18/11/2011',0,'363 Rosanna Grove','Colorado',8,1,'121 Halvorson Unions Apt. 957\nJacobsonfort, SC 28940','1-491-757-9916 x449'),(22042,'Bethel Wintheiser','KD-17-4-J-5',2,160,'09/08/2011',1,'1651 Felipe Passage','North Carolina',7,1,'88151 Pascale Parks\nKubbury, NM 81089-6084','1-573-719-9335 x887'),(22043,'Pete Bode','KD-17-4-J-6',2,160,'24/07/2011',0,'567 Vivianne View Apt. 034','Maryland',9,0,'693 Margarette Park Suite 807\nRueckerfurt, MI 24925-1871','497-410-4391 x654'),(22044,'Oceane Gulgowski','KD-17-4-J-7',2,160,'18/03/2011',1,'7638 Emard Canyon','Michigan',1,0,'90276 Elmer Prairie Suite 883\nLake Jayce, NE 74631-0999','376.247.2075'),(22045,'Jess Stracke','KD-17-4-J-8',2,160,'11/05/2011',0,'77914 Witting Meadows Suite 782','Maryland',9,1,'568 Ladarius Street\nEast Oral, AK 91456-1496','220.804.1865 x534'),(22046,'Courtney Glover','KD-17-4-J-9',2,160,'14/12/2011',1,'192 Marcus Wall','Massachusetts',5,1,'14128 Willms Islands Suite 395\nJakubowskiport, NM 65711-6966','231.345.1086 x41399'),(22047,'Alexandro Lesch','KD-17-4-J-10',2,160,'05/04/2011',0,'257 Heller Expressway Suite 747','Maryland',7,0,'83279 Cummerata Forges Suite 703\nHettingerton, TN 66170-3321','(765) 302-3791'),(22048,'Lucinda Little','KD-17-4-J-11',2,160,'27/01/2011',1,'8623 Kilback Mall','Oklahoma',1,1,'339 Armstrong Mews Apt. 901\nGoodwinmouth, VT 75873-2023','838.660.7525'),(22049,'Elizabeth Jacobi','KD-17-4-J-12',2,160,'01/08/2011',1,'744 Kuhlman Court Apt. 936','Alaska',1,0,'68001 Nils Views\nLeuschkefurt, TN 94609','1-949-512-7916 x846'),(22050,'Justine Steuber','KD-17-4-J-13',2,160,'11/08/2011',1,'36801 Titus Rapid Apt. 019','Ohio',2,0,'603 Gottlieb Island Suite 589\nNew Hortensemouth, VT 24300','(370) 441-8921'),(22051,'Felicia Hodkiewicz','KD-17-4-J-14',2,160,'06/12/2011',1,'9908 Caesar Springs','New Hampshire',6,1,'3612 Viviane Dam\nNorth Bernhardfort, OH 17753-7148','(952) 371-8714'),(22052,'Luigi Terry','KD-17-4-J-15',2,160,'10/08/2011',0,'3887 Devin Wall','Pennsylvania',1,1,'9792 Eryn Camp Suite 541\nFeestbury, VT 29494-5575','(839) 652-0682 x4965'),(22053,'Angelina Brekke','KD-17-4-J-16',2,160,'23/05/2011',1,'1359 Sister Orchard','California',0,0,'7236 Skiles Underpass\nCorkerystad, MO 46117-5531','+1-617-428-7758'),(22054,'Dane Rodriguez','KD-17-4-J-17',2,160,'02/03/2011',0,'51536 Hirthe Creek','Indiana',9,0,'27247 Heidi Island Apt. 618\nDanieltown, IA 24953-8460','+17632510963'),(22055,'Reta Koch','KD-17-4-J-18',2,160,'17/03/2011',1,'7006 Webster Manors Apt. 088','Missouri',0,0,'21680 Schaden Stream Apt. 744\nNew Icie, ME 20732-3239','+1.779.969.9310'),(22056,'Tess Flatley','KD-17-4-J-19',2,160,'01/10/2011',1,'22561 Edyth Throughway Suite 714','Alabama',0,0,'156 Schultz Road\nNaderhaven, OK 55213-3605','(254) 713-1955 x0655'),(22057,'Shemar Jakubowski','KD-17-5-A-1',2,161,'17/03/2012',1,'6305 Schaden Mount','New Mexico',10,0,'6216 Tremaine Greens\nDoloreschester, OR 38269-8566','791.751.6819 x478'),(22058,'Marty Gulgowski','KD-17-5-A-2',2,161,'20/11/2012',0,'50586 Godfrey Fields Apt. 522','Arizona',3,0,'65022 Marion Dale\nEast Maeganmouth, HI 40247-1593','(389) 405-5203 x720'),(22059,'Maybell Wilkinson','KD-17-5-A-3',2,161,'02/09/2012',1,'64714 Kub Bypass','Wisconsin',0,0,'3004 DuBuque Springs Suite 429\nCarymouth, AR 94845-1324','1-398-633-4072'),(22060,'Enrico Witting','KD-17-5-A-4',2,161,'27/02/2012',0,'89051 Mitchell Garden Apt. 917','Iowa',10,1,'548 Krajcik Island\nZackland, OR 45034-5928','1-631-466-7469 x7515'),(22061,'Dimitri Hansen','KD-17-5-A-5',2,161,'06/03/2012',0,'705 Kathryne Brooks','Illinois',6,0,'2454 Jena Vista Apt. 332\nBinsfurt, ID 42007-6390','(779) 459-1221'),(22062,'Jarrod Jast','KD-17-5-A-6',2,161,'21/05/2012',0,'711 Santa Mountain','Kentucky',4,1,'32818 Arden Mall Apt. 000\nNew Kaileyhaven, GA 16026-8737','257-437-3255'),(22063,'Silas Grant','KD-17-5-A-7',2,161,'14/01/2012',0,'26227 Otis Mall','Idaho',3,1,'6003 Kevon Vista Suite 727\nShaunton, CO 75308-3200','+1.703.986.2726'),(22064,'Nyasia Aufderhar','KD-17-5-A-8',2,161,'03/03/2012',1,'1999 Mia Green Suite 216','Arizona',1,0,'205 Ernest Falls\nEast Hattie, OH 87516-3418','1-417-692-0546'),(22065,'Maximus Sporer','KD-17-5-A-9',2,161,'25/10/2012',0,'74802 Matilda Knoll','Vermont',4,0,'9254 Bogisich Way\nWest Tremayneborough, LA 27385','282-275-7722'),(22066,'Dario Yost','KD-17-5-A-10',2,161,'14/06/2012',0,'4562 Kovacek Camp Apt. 515','Ohio',1,0,'727 Upton Fields\nWalshburgh, MO 63179','1-558-589-7117 x2666'),(22067,'Eldora Cartwright','KD-17-5-A-11',2,161,'07/12/2012',1,'792 Maggio Fort','Virginia',3,1,'8597 Koss Lane\nNorth Ophelia, WV 05431','+1.353.939.7228'),(22068,'Germaine Carroll','KD-17-5-A-12',2,161,'01/07/2012',1,'332 Borer Neck','Colorado',2,1,'628 Thiel Crossroad Apt. 368\nSouth Stephon, CO 18862-7945','(743) 321-9106 x823'),(22069,'Barney Okuneva','KD-17-5-A-13',2,161,'13/09/2012',0,'73828 Crona Mountain','Kansas',3,0,'5708 Vilma Turnpike Apt. 163\nEast Maybell, SD 18046-4830','1-902-350-0281 x684'),(22070,'Hubert Yost','KD-17-5-A-14',2,161,'05/01/2012',0,'294 Abshire Falls','Wisconsin',4,0,'81521 Waters Divide\nEmmieside, NV 54222','596-259-7981 x26309'),(22071,'Keara Borer','KD-17-5-A-15',2,161,'11/11/2012',1,'6983 West Garden Apt. 668','Wisconsin',7,1,'27543 Kutch Canyon Apt. 325\nWest Kali, NY 25509-7792','779-685-3397'),(22072,'Zoe Bogisich','KD-17-5-B-1',2,162,'03/02/2012',1,'1781 Keebler Shoals Apt. 472','Delaware',2,1,'1660 Williamson Mount Apt. 988\nNew Emely, MO 02648-7087','627-683-7744 x359'),(22073,'Penelope Bradtke','KD-17-5-B-2',2,162,'03/02/2012',1,'371 Farrell Plaza Apt. 764','New York',7,0,'2764 Bogan Mall\nPort Jett, NV 91204','1-730-803-8679'),(22074,'Marilyne Watsica','KD-17-5-B-3',2,162,'17/06/2012',1,'5789 Huel Valley Suite 264','Wyoming',2,0,'2908 Ankunding Prairie\nRyanchester, WI 28612','1-218-616-0042'),(22075,'Alize Koch','KD-17-5-B-4',2,162,'11/02/2012',1,'1737 Isabel Squares Apt. 454','Nebraska',10,1,'46579 Stroman Estates Apt. 812\nWest Dimitri, WY 55951','+12954218656'),(22076,'Katarina Dicki','KD-17-5-B-5',2,162,'07/04/2012',1,'405 Schiller Fork Suite 592','Alaska',7,1,'858 Graham Walks\nNorth Marilynebury, GA 82142-3635','1-835-350-8563'),(22077,'Madelynn Marquardt','KD-17-5-B-6',2,162,'28/03/2012',1,'6081 Domenica Grove Apt. 679','Montana',1,0,'4381 Wisozk Roads Apt. 705\nWest Giovaniport, WY 31032','1-323-960-0439 x465'),(22078,'Alexie Rath','KD-17-5-B-7',2,162,'06/03/2012',0,'494 Stoltenberg Mountain','Arkansas',5,1,'776 Boehm Pike\nSouth Bulahfort, NH 88587-9716','(896) 376-0429 x071'),(22079,'Kaitlin Schmidt','KD-17-5-B-8',2,162,'10/01/2012',1,'11933 Joshuah Squares','North Dakota',5,0,'79396 Blake Squares\nAlfonzomouth, NY 96037-1640','(951) 828-2194 x474'),(22080,'Cedrick Kreiger','KD-17-5-B-9',2,162,'23/10/2012',0,'76046 Boyer Row Suite 978','Kentucky',6,0,'9630 Armstrong Crescent\nPort Antoninaborough, IA 25385','+1-267-455-8649'),(22081,'Justen Bradtke','KD-17-5-B-10',2,162,'10/12/2012',0,'99538 Tod Shores','New Mexico',10,0,'83520 Garnet Vista Suite 788\nWest Lethahaven, VA 06751-7519','+1-380-319-7725'),(22082,'Karen Bosco','KD-17-5-B-11',2,162,'08/09/2012',1,'93634 Toy Row','Nevada',0,0,'511 Rae Harbors Suite 064\nNew Darrylfort, NH 31970-3406','(823) 494-5386 x4003'),(22083,'Theresia Reichel','KD-17-5-B-12',2,162,'17/04/2012',1,'4456 Batz Vista','Idaho',6,1,'646 Ashlynn Mountains\nSouth Harrison, PA 95702','+1-825-432-5587'),(22084,'Patricia Franecki','KD-17-5-B-13',2,162,'03/10/2012',1,'12733 Haylie Roads Apt. 184','Kentucky',5,0,'9620 Rutherford Manors\nPort Alfredo, NE 65175','(291) 321-0438 x1946'),(22085,'Ally Fadel','KD-17-5-C-1',2,163,'13/07/2012',1,'22878 Velma Inlet','Arizona',7,1,'81157 Rippin Mission Apt. 860\nSouth Darrick, GA 45651-0977','245-807-6112 x03338'),(22086,'Salvador McCullough','KD-17-5-C-2',2,163,'11/08/2012',0,'735 Eva Inlet','Arizona',6,0,'21037 Wintheiser Path\nHectorton, LA 39218','792.931.8778'),(22087,'Jammie Legros','KD-17-5-C-3',2,163,'10/02/2012',1,'73570 Candida Islands Suite 216','Nebraska',7,0,'349 Rahul Glen\nWest Charles, CT 95369-9636','221.294.3169'),(22088,'Madonna Weimann','KD-17-5-C-4',2,163,'19/07/2012',1,'3769 Lexi Inlet Apt. 530','South Dakota',4,0,'6463 Johathan Lake Apt. 335\nAdellemouth, NC 32041','573.569.4184 x282'),(22089,'Troy Stracke','KD-17-5-C-5',2,163,'16/05/2012',0,'57616 Tessie Tunnel','Ohio',10,0,'97934 Ledner Streets\nEast Adolph, CT 55160','653-995-9422 x0477'),(22090,'Dylan Kuphal','KD-17-5-C-6',2,163,'11/11/2012',0,'106 Rippin Drives','Vermont',4,1,'8548 Lucy Junction Apt. 934\nUptonville, VT 17486-8252','1-806-983-7965 x1949'),(22091,'Ethel Green','KD-17-5-C-7',2,163,'25/07/2012',0,'6097 Lehner Square','Arkansas',10,0,'3250 Roberts Drive\nNorth Dejon, SC 98087','459.312.5712'),(22092,'Josefina Pollich','KD-17-5-C-8',2,163,'09/10/2012',1,'253 Kathryn Trail Apt. 755','Wyoming',10,1,'1389 Santa Light Suite 164\nNorth Laverna, NM 40236-4866','1-475-263-5308'),(22093,'Elenor Johnson','KD-17-5-C-9',2,163,'06/08/2012',1,'9087 Wendell Burg Apt. 930','Kentucky',4,1,'4593 Torp Manor\nWest Viviannemouth, OH 68757','(215) 448-5774 x9411'),(22094,'Agnes Romaguera','KD-17-5-C-10',2,163,'03/08/2012',1,'89375 Lura Wells Apt. 695','New Mexico',1,1,'178 Dejuan Station Apt. 279\nLangworthborough, OK 38223','+1 (586) 528-7564'),(22095,'Coy Block','KD-17-5-C-11',2,163,'31/03/2012',0,'9592 Garnett Ports','New York',8,1,'88793 Lazaro Shores\nGissellestad, OH 82556-7527','461.443.5272'),(22096,'Mae Lowe','KD-17-5-C-12',2,163,'02/12/2012',1,'47672 Anais Park','North Dakota',0,0,'745 Maryam Route Suite 876\nDickifort, IL 59718','(790) 844-5787 x4731'),(22097,'Maud VonRueden','KD-17-5-C-13',2,163,'09/04/2012',1,'94300 Jeanette Place','New York',6,0,'5346 Ellie Vista\nSouth Santino, RI 26454','540-457-6445'),(22098,'Lea Predovic','KD-17-5-C-14',2,163,'08/08/2012',1,'58816 Eichmann Rapids Suite 488','Connecticut',3,0,'4331 Larissa Port\nEast Gordonmouth, OH 43524','283-980-3867 x5763'),(22099,'Delta Moore','KD-17-5-C-15',2,163,'07/04/2012',1,'45776 Renner Club','Arkansas',4,0,'95821 Kovacek Drives Suite 933\nAllanmouth, MS 81785-6300','+15172436668'),(22100,'Brad Mohr','KD-17-5-C-16',2,163,'21/10/2012',0,'611 Cole Way','Colorado',1,1,'636 Kathryn Parkways Suite 176\nBogisichland, SD 27639-3235','623-247-4699 x6987'),(22101,'Petra Fadel','KD-17-5-D-1',2,164,'23/09/2012',1,'847 Kirsten Viaduct Apt. 300','Nebraska',6,1,'497 Stroman Extension Suite 826\nVonRuedentown, VA 66015-6759','984-759-7373'),(22102,'Zachary Christiansen','KD-17-5-D-2',2,164,'03/11/2012',0,'1247 Flatley Center Suite 298','Tennessee',10,1,'124 Ron Ridges Suite 294\nPort Eddland, VA 98584','258.359.5959'),(22103,'Mikayla Murray','KD-17-5-D-3',2,164,'11/12/2012',1,'6918 Bobbie Crest Suite 487','Wyoming',8,1,'49003 Warren Hollow\nD\'angelohaven, WY 47468-2781','769.647.8606 x7768'),(22104,'Moises Nolan','KD-17-5-D-4',2,164,'12/02/2012',0,'52089 Alvera Walk Suite 656','Wyoming',8,1,'7327 Richard Courts\nLabadiehaven, IL 42202','965.579.8269 x45312'),(22105,'Brett Wisozk','KD-17-5-D-5',2,164,'08/05/2012',0,'63952 Maia Spur Suite 144','Nevada',3,1,'6742 Ortiz Mission\nLake Gino, RI 79084-9060','1-334-947-6975'),(22106,'Elwyn Konopelski','KD-17-5-D-6',2,164,'21/09/2012',0,'5095 Lueilwitz Estate Suite 681','South Dakota',5,1,'746 Olga Row\nPort Bricemouth, WY 14635-0366','+15837901901'),(22107,'Darlene Nolan','KD-17-5-D-7',2,164,'26/07/2012',1,'73090 Haley Stream','Tennessee',4,1,'4065 Conroy Drive\nNettieside, NE 77013','(713) 306-6130 x8640'),(22108,'Christian Mann','KD-17-5-D-8',2,164,'25/12/2012',0,'59640 Orion Trail Suite 404','Vermont',4,1,'8190 Wuckert Circles Apt. 745\nPort Jaylen, GA 54069','1-449-605-0096 x5014'),(22109,'Reid Mosciski','KD-17-5-D-9',2,164,'13/07/2012',0,'716 Jaquelin Route Apt. 794','Texas',4,1,'82231 Mike Trafficway\nNew Terrance, WV 22856-3162','257.302.5820 x51273'),(22110,'Jailyn Rau','KD-17-5-D-10',2,164,'19/05/2012',1,'19149 Brandi Mews','Idaho',5,1,'723 Tressie Oval Suite 911\nAshleeview, DE 35497','1-452-576-7007'),(22111,'Elian Emmerich','KD-17-5-E-1',2,165,'12/06/2012',0,'2259 Rosario Spurs','Iowa',4,0,'25066 Stroman Field Apt. 747\nZulaufbury, GA 23987-5936','629-232-6787'),(22112,'Jerel Jacobi','KD-17-5-E-2',2,165,'16/04/2012',0,'47147 Bode Curve Suite 703','Utah',7,0,'8443 Waldo Greens\nHilpertmouth, SC 68366-9839','337.280.5549 x263'),(22113,'Melyssa Glover','KD-17-5-E-3',2,165,'23/01/2012',1,'85683 Daniella Rest Apt. 552','Nevada',1,0,'691 Marco Run Suite 330\nCarleytown, MO 95870','1-527-752-4613 x7088'),(22114,'Darrin Kassulke','KD-17-5-E-4',2,165,'16/09/2012',0,'7114 Brown Path','Maine',1,0,'8576 Hodkiewicz Wells\nLake Marina, AL 19841-3819','261-419-5591'),(22115,'Jeffery Hackett','KD-17-5-E-5',2,165,'07/06/2012',0,'7231 Daniel Loop Apt. 304','Iowa',3,1,'3561 Tromp Overpass Suite 527\nWest Jay, CT 53163','591.716.7283 x9715'),(22116,'Jaquelin Jast','KD-17-5-E-6',2,165,'29/11/2012',1,'83548 Keira Fords Apt. 737','Hawaii',9,0,'504 Towne Loop Suite 964\nWest Minerva, ND 40934','583-558-8829 x95266'),(22117,'Margie Klein','KD-17-5-E-7',2,165,'16/03/2012',1,'42945 Trinity Plaza','Arkansas',5,0,'420 Wiegand Divide Apt. 185\nLeathabury, NE 22830','487-975-3556'),(22118,'Burnice Klein','KD-17-5-E-8',2,165,'24/02/2012',1,'27680 Quitzon Groves Suite 949','New Hampshire',1,0,'2271 Gusikowski Ports\nNedburgh, VA 23625-8740','(227) 833-7515'),(22119,'Torey Roob','KD-17-5-E-9',2,165,'08/03/2012',0,'82001 Senger Curve','Missouri',7,1,'7615 Volkman Plains Apt. 113\nHahnborough, ND 56811-9472','554-532-4179 x9818'),(22120,'Yadira Hyatt','KD-17-5-E-10',2,165,'19/02/2012',1,'265 Milo Squares Suite 576','West Virginia',6,1,'20093 Kautzer Forks\nSouth Tylershire, IN 11029-6890','716-890-3928 x211'),(22121,'Deven Kuvalis','KD-17-5-E-11',2,165,'09/12/2012',0,'602 Kailey Village','Colorado',7,0,'864 Josh Forks\nPort Paulinemouth, CO 22114','(552) 356-9776'),(22122,'Esteban Daugherty','KD-17-5-E-12',2,165,'16/03/2012',0,'8548 Kuhic Shores','South Carolina',5,1,'6568 Christiansen Fall Suite 459\nWest Emorystad, GA 97179-7108','+1 (857) 224-5245'),(22123,'Deonte Homenick','KD-17-5-F-1',2,166,'24/12/2012',0,'39236 Steuber Course Suite 482','Colorado',9,0,'9406 Hirthe Place\nNew Antoniettamouth, MI 36822-6991','314-465-6550 x962'),(22124,'Trinity Jacobs','KD-17-5-F-2',2,166,'06/06/2012',1,'9127 Maiya Prairie','Montana',3,0,'2106 Deckow Loaf\nBoyleshire, TX 55843','+1-726-255-5332'),(22125,'Kyler Crooks','KD-17-5-F-3',2,166,'07/05/2012',0,'7612 Morissette Knoll','New York',5,0,'489 Rosario Valley Suite 461\nPort Gertrudeburgh, UT 75672','+1 (841) 213-2396'),(22126,'Veda Effertz','KD-17-5-F-4',2,166,'05/07/2012',1,'43064 Lueilwitz Lights','New Mexico',8,1,'5884 Stracke Island Suite 363\nNew Laylaport, DC 29846','1-894-895-5829'),(22127,'Melyna Barrows','KD-17-5-F-5',2,166,'26/09/2012',1,'23486 Auer Course','Illinois',0,0,'3970 Reva Station\nSouth Delaneyport, MT 62557','845.764.7450'),(22128,'Adriana Gislason','KD-17-5-F-6',2,166,'09/05/2012',1,'3257 Willms Run Suite 404','Mississippi',10,1,'7182 Marcella Summit Apt. 443\nAlaynaton, MO 49884','617.619.0384 x77574'),(22129,'Linnie Buckridge','KD-17-5-F-7',2,166,'16/01/2012',1,'551 Baumbach Pines','Maine',4,1,'968 Wolff Way\nEast Lonzofort, KY 06263-5893','479-728-3115 x1934'),(22130,'Vada Kuhic','KD-17-5-F-8',2,166,'21/09/2012',1,'20717 Felicita Village Apt. 402','Oklahoma',0,1,'8173 Camille Drives Suite 516\nWilbertberg, IA 77094-4210','1-464-606-5278'),(22131,'Nola Boyle','KD-17-5-F-9',2,166,'21/08/2012',1,'184 Sonya Knolls Suite 821','Colorado',4,1,'6251 Pagac Burg Suite 277\nLemkefort, IN 94443','687.407.5023'),(22132,'Earnest Koelpin','KD-17-5-F-10',2,166,'14/06/2012',0,'90144 Schneider Mount Apt. 175','South Dakota',7,0,'5358 Halvorson Radial\nJarrettfurt, HI 10633-9068','986-543-2610 x026'),(22133,'Chanelle Wiza','KD-17-5-F-11',2,166,'04/12/2012',1,'84110 Schuster Inlet Apt. 857','California',4,0,'63604 Baumbach View Suite 319\nSouth Douglas, WY 86593','+16087640435'),(22134,'Ruthe Stroman','KD-17-5-F-12',2,166,'09/10/2012',1,'14062 Thiel Points','Vermont',3,1,'7224 Darien Gardens Suite 442\nPort Cydneyland, SC 77082-3481','+1 (352) 371-6953'),(22135,'Thomas Jaskolski','KD-17-5-F-13',2,166,'10/11/2012',0,'837 Macejkovic Spring Apt. 725','Connecticut',1,1,'3993 Halvorson Prairie\nWest Lorenzborough, NJ 37649-6861','740-801-3668 x4009'),(22136,'Johnathan Klein','KD-17-5-F-14',2,166,'04/04/2012',0,'86734 Saige Highway','Wyoming',2,0,'231 Auer Crescent Apt. 930\nWunschview, ID 13083','943.374.9896 x91516'),(22137,'Janick Moore','KD-17-5-G-1',2,167,'19/08/2012',0,'7902 Kerluke Run','Massachusetts',4,1,'950 Padberg Brooks\nEast Emilianoview, OK 84214','+1-410-314-3940'),(22138,'Hassan Schimmel','KD-17-5-G-2',2,167,'18/01/2012',0,'106 Crist Roads Suite 976','California',5,1,'860 Santos Groves\nEichmannland, WI 13772-6104','729.342.8567'),(22139,'Maryse Mante','KD-17-5-G-3',2,167,'22/11/2012',1,'45908 Franz Throughway','Alabama',1,0,'14294 Emard Groves\nLake Estrella, WI 56111-8541','1-917-502-8589 x3608'),(22140,'Ila Jaskolski','KD-17-5-G-4',2,167,'02/09/2012',1,'379 Axel Trail','New York',9,1,'4348 Vandervort Island\nNew Elifurt, MN 46690-6934','+1 (280) 404-2234'),(22141,'Jamey Dietrich','KD-17-5-G-5',2,167,'26/05/2012',0,'1734 Levi Tunnel Apt. 120','North Carolina',4,1,'2554 Veum Pike\nNeomastad, AZ 73016','823.324.6376 x2615'),(22142,'Ryann Baumbach','KD-17-5-G-6',2,167,'29/12/2012',0,'5381 Mariam Glens','Colorado',3,0,'207 Ernest Mountain Apt. 267\nJacobiside, MO 82656','+13044848985'),(22143,'Jaime Breitenberg','KD-17-5-G-7',2,167,'16/11/2012',0,'2326 Alexander Fords','Wisconsin',0,1,'780 Conn Crossroad\nWaldochester, AR 21250-8121','+1 (334) 874-3110'),(22144,'Pearline Rath','KD-17-5-G-8',2,167,'30/01/2012',1,'13104 Hahn Plaza','Alabama',8,0,'1482 O\'Reilly Mount Suite 330\nLake Myrnafort, WV 32887-6199','(814) 685-8170'),(22145,'Olin Pfeffer','KD-17-5-G-9',2,167,'19/12/2012',0,'28715 Gage Brooks','New Mexico',2,0,'9583 Raquel Circle Apt. 344\nNorth Brady, IL 52045','908.622.1042 x79886'),(22146,'Mallie Corwin','KD-17-5-G-10',2,167,'28/12/2012',1,'67230 Leffler Forge Suite 573','Virginia',7,0,'214 Mosciski Dam Apt. 974\nNew Shaunshire, GA 26239-9792','(757) 557-9510 x2082'),(22147,'Vincenza Cormier','KD-17-5-G-11',2,167,'27/03/2012',1,'169 Sincere Causeway Suite 736','Delaware',0,0,'41927 Marlen Glens Apt. 051\nStantonbury, WI 72098','951.709.0239 x04751'),(22148,'Myrtie Little','KD-17-5-G-12',2,167,'27/08/2012',1,'71719 Cornell Trail Suite 735','Colorado',9,1,'92001 Bettie Extension Apt. 190\nMavisstad, DE 03542','294-593-9078 x8450'),(22149,'Petra Kiehn','KD-17-5-G-13',2,167,'06/01/2012',1,'9306 Okuneva Flat','Oklahoma',5,1,'9815 Mayert Vista\nArmstrongmouth, SD 16952','275-226-2507'),(22150,'Marty Jakubowski','KD-17-5-G-14',2,167,'25/06/2012',0,'27103 Greenfelder Oval Suite 485','South Carolina',4,1,'429 Sawayn Union Suite 043\nSchuppemouth, MD 12772','1-463-929-7093 x533'),(22151,'Eladio Kautzer','KD-17-5-G-15',2,167,'20/09/2012',0,'366 Connelly Mountain','Alaska',8,0,'423 Leuschke Plaza Apt. 468\nKuhnchester, IA 23505','(936) 621-2752 x1804'),(22152,'Kaylin Johnson','KD-17-5-H-1',2,168,'23/11/2012',1,'268 Hope Lodge','Vermont',2,1,'4152 Novella View Suite 734\nGreenholtbury, TN 05173-0674','704.265.4136 x39621'),(22153,'Dexter Balistreri','KD-17-5-H-2',2,168,'11/05/2012',0,'720 Gulgowski Plain','North Carolina',3,0,'31026 Wolff Curve Apt. 047\nTorpport, MD 22916','(553) 310-1183 x977'),(22154,'Zaria Abshire','KD-17-5-H-3',2,168,'16/11/2012',1,'3964 Dannie Fall Suite 315','Utah',6,0,'58278 Julie Plain\nJacquesfort, MT 19075','303-634-7894'),(22155,'Madisyn Swift','KD-17-5-H-4',2,168,'16/03/2012',1,'4606 Marjolaine Ways','Indiana',2,0,'3970 Julie Hollow\nLake Germaine, VA 40415-6996','234-435-8095 x419'),(22156,'Elda Dooley','KD-17-5-H-5',2,168,'15/10/2012',1,'10899 Keaton Junctions Apt. 670','New York',2,0,'133 Green Overpass Apt. 293\nWest Javonhaven, DC 59071','225.817.1445'),(22157,'Liana Fay','KD-17-5-H-6',2,168,'21/12/2012',1,'9818 Wilhelmine Square Suite 003','New Mexico',9,1,'4851 Jacynthe Knoll Apt. 699\nSouth Fannyland, IL 80369','796-966-9204 x208'),(22158,'Ezekiel Witting','KD-17-5-H-7',2,168,'22/11/2012',0,'538 Batz Extension Suite 338','Montana',0,0,'309 Hayes Ferry Apt. 244\nOrtizton, NE 19037','+1-805-942-9828'),(22159,'August Aufderhar','KD-17-5-H-8',2,168,'26/08/2012',0,'201 Mills Ramp Suite 233','Connecticut',0,0,'21801 Aufderhar Avenue\nCullenport, LA 99456-7359','(739) 755-5794 x7591'),(22160,'Allie Dietrich','KD-17-5-H-9',2,168,'26/05/2012',1,'746 Volkman Ways Apt. 189','Nevada',7,1,'343 Jenkins Manor\nEast Zane, MN 25258-5718','+12347186210'),(22161,'Mauricio Yost','KD-17-5-H-10',2,168,'16/12/2012',0,'6470 Mellie Ford Suite 924','Vermont',6,0,'247 Gerhard Avenue\nWest Sophia, NV 76644-3027','930-296-7585'),(22162,'Rosie Fadel','KD-17-5-H-11',2,168,'06/12/2012',1,'930 Carroll Bypass','Wisconsin',7,0,'72618 Lafayette Highway Suite 064\nPort Evan, NM 92049','1-423-863-7651 x2670'),(22163,'Simone Legros','KD-17-5-I-1',2,169,'26/10/2012',1,'315 Trantow Squares','Florida',7,0,'922 Casper Forks Suite 391\nNew Manuel, KY 39300-4749','431-596-5066'),(22164,'Rosalee Sporer','KD-17-5-I-2',2,169,'30/05/2012',1,'821 Grayce Lodge','District of Columbia',9,0,'7728 Upton Lodge Suite 351\nOlabury, CO 81540-8826','(712) 697-0464 x0173'),(22165,'Golden Ruecker','KD-17-5-I-3',2,169,'29/06/2012',0,'52345 Renner Highway','Iowa',6,0,'380 Donnelly Hills\nNew Alexane, MT 77592-0042','1-342-691-3580 x5661'),(22166,'Meggie Kihn','KD-17-5-I-4',2,169,'07/07/2012',1,'41211 Lindgren Radial','Ohio',3,0,'92808 Demario Causeway\nWestview, MS 01028-4505','302.749.9538 x92243'),(22167,'Michale Pfeffer','KD-17-5-I-5',2,169,'02/02/2012',0,'731 Josue Road Suite 694','South Carolina',2,0,'72526 Howe Mount Apt. 431\nCreminport, WY 21880','687.584.1104'),(22168,'Augustine Miller','KD-17-5-I-6',2,169,'18/02/2012',1,'94432 Towne River Suite 248','New Mexico',9,0,'1497 Natalia Streets Suite 933\nJacobihaven, NY 65951','(621) 560-4870 x9295'),(22169,'Demond Gislason','KD-17-5-I-7',2,169,'09/12/2012',0,'352 Zemlak Dam','Washington',5,1,'7725 Leo Stravenue\nMatildeton, KS 85034','(656) 482-8785 x247'),(22170,'Destiny Crist','KD-17-5-I-8',2,169,'30/05/2012',1,'89796 Jerad Groves','Montana',7,1,'29295 Strosin Squares\nLake Nicholasview, FL 94536','1-214-678-4214 x5789'),(22171,'Carolina Emmerich','KD-17-5-I-9',2,169,'23/05/2012',1,'2130 Frank Mountain Suite 357','North Carolina',10,1,'43001 Devonte Branch\nWest Jedediah, IA 10927','963-223-5095 x2539'),(22172,'Jocelyn McGlynn','KD-17-5-I-10',2,169,'12/02/2012',0,'439 Deion Drives Apt. 039','West Virginia',4,0,'422 Spinka Street Apt. 236\nPasqualefurt, NM 75819','287-567-7643 x5148'),(22173,'Dandre McLaughlin','KD-17-5-I-11',2,169,'03/09/2012',1,'3737 Margarete Junctions Apt. 410','New Jersey',10,1,'219 Talon Ranch Apt. 806\nLoganhaven, ME 16686-7956','1-237-503-4161'),(22174,'Wade Stroman','KD-17-5-J-1',2,170,'18/02/2012',0,'46713 Klein Vista Apt. 527','Iowa',7,0,'40525 Koelpin Estate\nLake Ford, IN 24225-3188','627-218-2993'),(22175,'Margret Champlin','KD-17-5-J-2',2,170,'23/03/2012',1,'68114 Cronin Via','Montana',3,0,'5431 Langworth Lock\nPort Erikafort, AL 62794','1-470-666-6003'),(22176,'Walter Wisoky','KD-17-5-J-3',2,170,'28/01/2012',0,'558 Harris Land','Hawaii',2,0,'388 Kshlerin Well Apt. 531\nRhettton, HI 77798','278-771-2664'),(22177,'Imani Deckow','KD-17-5-J-4',2,170,'05/08/2012',0,'66947 Antone Mountains','New Jersey',8,1,'264 Elise Forge\nLake Reannaberg, SD 39167-9216','283-944-8773'),(22178,'Cyril Corkery','KD-17-5-J-5',2,170,'01/05/2012',0,'8381 Tiana River','Alabama',1,1,'412 Beer Roads Apt. 531\nSouth Felicia, PA 31192-3101','760.985.8658 x131'),(22179,'Julius Haag','KD-17-5-J-6',2,170,'22/10/2012',0,'4565 Greenholt Pine','Michigan',5,1,'853 Maya Alley Apt. 172\nBertshire, IL 71561','(975) 369-5523 x6138'),(22180,'Emmanuel Willms','KD-17-5-J-7',2,170,'24/08/2012',0,'204 Theodora Freeway Apt. 191','Virginia',10,0,'2468 Van Roads Suite 649\nEast Isobelbury, AZ 09960','220-860-2951 x4742'),(22181,'Pansy Koepp','KD-17-5-J-8',2,170,'07/06/2012',1,'3594 Haleigh Mall','Hawaii',1,0,'39397 Satterfield Knolls Suite 763\nSchneiderstad, MD 77347','+1.625.785.7027'),(22182,'Clemmie Weimann','KD-17-5-J-9',2,170,'15/07/2012',1,'9667 Rohan Union Suite 601','Florida',4,0,'4639 Pearlie Loop\nRayview, CA 29443','872.942.7690 x3062'),(22183,'Alessandra Bergnaum','KD-17-5-J-10',2,170,'09/04/2012',1,'48588 McCullough Run','Indiana',7,1,'66612 Waino Extensions Suite 895\nEast Hunterfurt, DC 82778-9350','+19724330344'),(22184,'Alta Ward','KD-17-5-J-11',2,170,'17/06/2012',1,'2706 Jaydon Point Suite 768','South Dakota',7,1,'332 Rutherford Extensions\nNew Connor, AL 02055','992.983.7630'),(22185,'Eino Carroll','KD-17-5-J-12',2,170,'14/12/2012',0,'4123 Casimir Manors Suite 346','South Carolina',3,1,'750 Simonis Path\nPort Eveline, PA 19978-4626','837-986-3982'),(22186,'Grace McLaughlin','KD-17-5-J-13',2,170,'27/11/2012',1,'994 Edgar Summit Apt. 519','Texas',5,0,'6007 Treutel Spur Apt. 289\nMaiaview, MI 78933-6581','749-613-9937 x51209'),(22187,'Aditya O\'Reilly','KD-17-5-J-14',2,170,'28/10/2012',1,'1145 Mueller Path','Delaware',10,0,'9041 Upton Estates Suite 584\nSouth Madonnastad, WV 14204','376.560.1852'),(22188,'Sibyl Lehner','KD-17-5-J-15',2,170,'17/10/2012',1,'861 Schroeder Gardens','Washington',9,0,'625 Gutkowski Gardens Suite 045\nPort Tavares, IN 03504','+1-674-359-2278'),(22189,'Dallin Grady','KD-17-5-J-16',2,170,'31/01/2012',0,'90478 Verona Tunnel Suite 591','Minnesota',1,0,'80629 Connelly Knoll Suite 496\nSouth Israel, NV 54428-8030','1-487-420-7923 x4291'),(22190,'Brad Olson','KD-17-5-J-17',2,170,'21/07/2012',0,'13156 Schmitt Forest Suite 519','Illinois',8,1,'82292 Rice Squares Suite 933\nRunolfsdottirfurt, IN 64747-8007','1-527-853-9744 x7715');
/*!40000 ALTER TABLE `students` ENABLE KEYS */;
UNLOCK TABLES;

--
-- Table structure for table `subject_teacher`
--

DROP TABLE IF EXISTS `subject_teacher`;
/*!40101 SET @saved_cs_client     = @@character_set_client */;
/*!40101 SET character_set_client = utf8 */;
CREATE TABLE `subject_teacher` (
  `id` int(10) unsigned NOT NULL AUTO_INCREMENT,
  `subject_id` int(10) unsigned NOT NULL,
  `teacher_id` int(10) unsigned NOT NULL,
  PRIMARY KEY (`id`),
  KEY `subject_teacher_subject_id_foreign` (`subject_id`),
  KEY `subject_teacher_teacher_id_foreign` (`teacher_id`),
  CONSTRAINT `subject_teacher_subject_id_foreign` FOREIGN KEY (`subject_id`) REFERENCES `subjects` (`id`) ON DELETE CASCADE ON UPDATE CASCADE,
  CONSTRAINT `subject_teacher_teacher_id_foreign` FOREIGN KEY (`teacher_id`) REFERENCES `teachers` (`id`) ON DELETE CASCADE ON UPDATE CASCADE
) ENGINE=InnoDB AUTO_INCREMENT=5610 DEFAULT CHARSET=utf8 COLLATE=utf8_unicode_ci;
/*!40101 SET character_set_client = @saved_cs_client */;

--
-- Dumping data for table `subject_teacher`
--

LOCK TABLES `subject_teacher` WRITE;
/*!40000 ALTER TABLE `subject_teacher` DISABLE KEYS */;
INSERT INTO `subject_teacher` VALUES (5210,1,74),(5211,3,74),(5212,4,74),(5213,5,74),(5214,10,74),(5215,12,74),(5216,21,74),(5217,24,74),(5218,1,75),(5219,3,75),(5220,4,75),(5221,5,75),(5222,10,75),(5223,12,75),(5224,21,75),(5225,24,75),(5226,1,76),(5227,3,76),(5228,4,76),(5229,5,76),(5230,10,76),(5231,12,76),(5232,21,76),(5233,24,76),(5234,1,77),(5235,3,77),(5236,4,77),(5237,5,77),(5238,10,77),(5239,12,77),(5240,21,77),(5241,24,77),(5242,1,78),(5243,3,78),(5244,4,78),(5245,5,78),(5246,10,78),(5247,12,78),(5248,21,78),(5249,24,78),(5250,1,79),(5251,3,79),(5252,4,79),(5253,5,79),(5254,10,79),(5255,12,79),(5256,21,79),(5257,24,79),(5258,1,80),(5259,3,80),(5260,4,80),(5261,5,80),(5262,10,80),(5263,12,80),(5264,21,80),(5265,24,80),(5266,1,81),(5267,3,81),(5268,4,81),(5269,5,81),(5270,10,81),(5271,12,81),(5272,21,81),(5273,24,81),(5274,1,82),(5275,3,82),(5276,4,82),(5277,5,82),(5278,10,82),(5279,12,82),(5280,21,82),(5281,24,82),(5282,1,83),(5283,3,83),(5284,4,83),(5285,5,83),(5286,10,83),(5287,12,83),(5288,21,83),(5289,24,83),(5290,1,84),(5291,3,84),(5292,4,84),(5293,5,84),(5294,10,84),(5295,12,84),(5296,21,84),(5297,24,84),(5298,1,85),(5299,3,85),(5300,4,85),(5301,5,85),(5302,10,85),(5303,12,85),(5304,21,85),(5305,24,85),(5306,1,86),(5307,3,86),(5308,4,86),(5309,5,86),(5310,10,86),(5311,12,86),(5312,21,86),(5313,24,86),(5314,1,87),(5315,3,87),(5316,4,87),(5317,5,87),(5318,10,87),(5319,12,87),(5320,21,87),(5321,24,87),(5322,1,88),(5323,3,88),(5324,4,88),(5325,5,88),(5326,10,88),(5327,12,88),(5328,21,88),(5329,24,88),(5330,1,89),(5331,3,89),(5332,4,89),(5333,5,89),(5334,10,89),(5335,12,89),(5336,21,89),(5337,24,89),(5338,1,90),(5339,3,90),(5340,4,90),(5341,5,90),(5342,10,90),(5343,12,90),(5344,21,90),(5345,24,90),(5346,1,91),(5347,3,91),(5348,4,91),(5349,5,91),(5350,10,91),(5351,12,91),(5352,21,91),(5353,24,91),(5354,1,92),(5355,3,92),(5356,4,92),(5357,5,92),(5358,10,92),(5359,12,92),(5360,21,92),(5361,24,92),(5362,1,93),(5363,3,93),(5364,4,93),(5365,5,93),(5366,10,93),(5367,12,93),(5368,21,93),(5369,24,93),(5370,1,94),(5371,3,94),(5372,4,94),(5373,5,94),(5374,10,94),(5375,12,94),(5376,21,94),(5377,24,94),(5378,1,95),(5379,3,95),(5380,4,95),(5381,5,95),(5382,10,95),(5383,12,95),(5384,21,95),(5385,24,95),(5386,1,96),(5387,3,96),(5388,4,96),(5389,5,96),(5390,10,96),(5391,12,96),(5392,21,96),(5393,24,96),(5394,1,97),(5395,3,97),(5396,4,97),(5397,5,97),(5398,10,97),(5399,12,97),(5400,21,97),(5401,24,97),(5402,1,98),(5403,3,98),(5404,4,98),(5405,5,98),(5406,10,98),(5407,12,98),(5408,21,98),(5409,24,98),(5410,1,99),(5411,3,99),(5412,4,99),(5413,5,99),(5414,10,99),(5415,12,99),(5416,21,99),(5417,24,99),(5418,1,100),(5419,3,100),(5420,4,100),(5421,5,100),(5422,10,100),(5423,12,100),(5424,21,100),(5425,24,100),(5426,1,101),(5427,3,101),(5428,4,101),(5429,5,101),(5430,10,101),(5431,12,101),(5432,21,101),(5433,24,101),(5434,1,102),(5435,3,102),(5436,4,102),(5437,5,102),(5438,10,102),(5439,12,102),(5440,21,102),(5441,24,102),(5442,1,103),(5443,3,103),(5444,4,103),(5445,5,103),(5446,10,103),(5447,12,103),(5448,21,103),(5449,24,103),(5450,1,104),(5451,3,104),(5452,4,104),(5453,5,104),(5454,10,104),(5455,12,104),(5456,21,104),(5457,24,104),(5458,1,105),(5459,3,105),(5460,4,105),(5461,5,105),(5462,10,105),(5463,12,105),(5464,21,105),(5465,24,105),(5466,1,106),(5467,3,106),(5468,4,106),(5469,5,106),(5470,10,106),(5471,12,106),(5472,21,106),(5473,24,106),(5474,1,107),(5475,3,107),(5476,4,107),(5477,5,107),(5478,10,107),(5479,12,107),(5480,21,107),(5481,24,107),(5482,1,108),(5483,3,108),(5484,4,108),(5485,5,108),(5486,10,108),(5487,12,108),(5488,21,108),(5489,24,108),(5490,1,109),(5491,3,109),(5492,4,109),(5493,5,109),(5494,10,109),(5495,12,109),(5496,21,109),(5497,24,109),(5498,1,110),(5499,3,110),(5500,4,110),(5501,5,110),(5502,10,110),(5503,12,110),(5504,21,110),(5505,24,110),(5506,1,111),(5507,3,111),(5508,4,111),(5509,5,111),(5510,10,111),(5511,12,111),(5512,21,111),(5513,24,111),(5514,1,112),(5515,3,112),(5516,4,112),(5517,5,112),(5518,10,112),(5519,12,112),(5520,21,112),(5521,24,112),(5522,1,113),(5523,3,113),(5524,4,113),(5525,5,113),(5526,10,113),(5527,12,113),(5528,21,113),(5529,24,113),(5530,1,114),(5531,3,114),(5532,4,114),(5533,5,114),(5534,10,114),(5535,12,114),(5536,21,114),(5537,24,114),(5538,1,115),(5539,3,115),(5540,4,115),(5541,5,115),(5542,10,115),(5543,12,115),(5544,21,115),(5545,24,115),(5546,1,116),(5547,3,116),(5548,4,116),(5549,5,116),(5550,10,116),(5551,12,116),(5552,21,116),(5553,24,116),(5554,1,117),(5555,3,117),(5556,4,117),(5557,5,117),(5558,10,117),(5559,12,117),(5560,21,117),(5561,24,117),(5562,1,118),(5563,3,118),(5564,4,118),(5565,5,118),(5566,10,118),(5567,12,118),(5568,21,118),(5569,24,118),(5570,1,119),(5571,3,119),(5572,4,119),(5573,5,119),(5574,10,119),(5575,12,119),(5576,21,119),(5577,24,119),(5578,1,120),(5579,3,120),(5580,4,120),(5581,5,120),(5582,10,120),(5583,12,120),(5584,21,120),(5585,24,120),(5586,1,121),(5587,3,121),(5588,4,121),(5589,5,121),(5590,10,121),(5591,12,121),(5592,21,121),(5593,24,121),(5594,1,122),(5595,3,122),(5596,4,122),(5597,5,122),(5598,10,122),(5599,12,122),(5600,21,122),(5601,24,122),(5602,1,123),(5603,3,123),(5604,4,123),(5605,5,123),(5606,10,123),(5607,12,123),(5608,21,123),(5609,24,123);
/*!40000 ALTER TABLE `subject_teacher` ENABLE KEYS */;
UNLOCK TABLES;

--
-- Table structure for table `subjects`
--

DROP TABLE IF EXISTS `subjects`;
/*!40101 SET @saved_cs_client     = @@character_set_client */;
/*!40101 SET character_set_client = utf8 */;
CREATE TABLE `subjects` (
  `id` int(10) unsigned NOT NULL AUTO_INCREMENT,
  `name` varchar(255) COLLATE utf8_unicode_ci NOT NULL,
  `abbreviation` varchar(255) COLLATE utf8_unicode_ci NOT NULL,
  `created_at` timestamp NULL DEFAULT NULL,
  `updated_at` timestamp NULL DEFAULT NULL,
  PRIMARY KEY (`id`)
) ENGINE=InnoDB AUTO_INCREMENT=25 DEFAULT CHARSET=utf8 COLLATE=utf8_unicode_ci;
/*!40101 SET character_set_client = @saved_cs_client */;

--
-- Dumping data for table `subjects`
--

LOCK TABLES `subjects` WRITE;
/*!40000 ALTER TABLE `subjects` DISABLE KEYS */;
INSERT INTO `subjects` VALUES (1,'Math','MA',NULL,NULL),(3,'Spelling ','LA',NULL,NULL),(4,'Reading ','LA',NULL,NULL),(5,'Handwriting ','LA',NULL,NULL),(6,'History ','SS',NULL,NULL),(7,'Social Studies ','SO',NULL,NULL),(9,'PE','SS',NULL,NULL),(10,'Literature ','LA',NULL,NULL),(12,'English','LA',NULL,NULL),(13,'Geometry','MA',NULL,NULL),(14,'Chemistry ','SC',NULL,NULL),(15,'Physics ','SC',NULL,NULL),(16,'Biology ','SC',NULL,NULL),(17,'Computer applications','TE',NULL,NULL),(18,'Arts','SS',NULL,NULL),(20,'Basic Math','MA',NULL,NULL),(21,'Ethic','SO',NULL,NULL),(23,'Geography','SS',NULL,NULL),(24,'Natural ','SS',NULL,NULL);
/*!40000 ALTER TABLE `subjects` ENABLE KEYS */;
UNLOCK TABLES;

--
-- Table structure for table `teachers`
--

DROP TABLE IF EXISTS `teachers`;
/*!40101 SET @saved_cs_client     = @@character_set_client */;
/*!40101 SET character_set_client = utf8 */;
CREATE TABLE `teachers` (
  `id` int(10) unsigned NOT NULL AUTO_INCREMENT,
  `name` varchar(255) COLLATE utf8_unicode_ci NOT NULL,
  `teacher_id` varchar(255) COLLATE utf8_unicode_ci NOT NULL,
  `school_id` int(10) unsigned NOT NULL,
  `level_id` int(10) unsigned NOT NULL,
  `bd` varchar(255) COLLATE utf8_unicode_ci DEFAULT NULL,
  `address` varchar(255) COLLATE utf8_unicode_ci DEFAULT NULL,
  `female` tinyint(1) DEFAULT NULL,
  `state` varchar(255) COLLATE utf8_unicode_ci DEFAULT NULL,
  `hometown` varchar(255) COLLATE utf8_unicode_ci DEFAULT NULL,
  `phone_number` varchar(255) COLLATE utf8_unicode_ci DEFAULT NULL,
  `email` varchar(255) COLLATE utf8_unicode_ci DEFAULT NULL,
  `certificate` varchar(255) COLLATE utf8_unicode_ci DEFAULT NULL,
  PRIMARY KEY (`id`),
  KEY `teachers_school_id_foreign` (`school_id`),
  KEY `teachers_level_id_foreign` (`level_id`),
  CONSTRAINT `teachers_level_id_foreign` FOREIGN KEY (`level_id`) REFERENCES `levels` (`id`) ON DELETE CASCADE ON UPDATE CASCADE,
  CONSTRAINT `teachers_school_id_foreign` FOREIGN KEY (`school_id`) REFERENCES `schools` (`id`) ON DELETE CASCADE ON UPDATE CASCADE
) ENGINE=InnoDB AUTO_INCREMENT=134 DEFAULT CHARSET=utf8 COLLATE=utf8_unicode_ci;
/*!40101 SET character_set_client = @saved_cs_client */;

--
-- Dumping data for table `teachers`
--

LOCK TABLES `teachers` WRITE;
/*!40000 ALTER TABLE `teachers` DISABLE KEYS */;
INSERT INTO `teachers` VALUES (7,'John Doe','HHPP13132',10,3,NULL,NULL,NULL,NULL,NULL,NULL,NULL,NULL),(9,'Hane','HHCC13133',10,3,NULL,NULL,NULL,NULL,NULL,NULL,NULL,NULL),(74,'Malcolm Bernier','TE-KD-PR-1',2,1,'21/04/1961','2729 Koss Ville',1,'Montana','49856 Kuhic Shoals\nSwaniawskiport, AZ 83288','+1.419.885.4721','bechtelar.eleanora@yahoo.com','2'),(75,'Marcel Feil','TE-KD-PR-2',2,1,'07/06/1965','2504 Barrows Port Suite 590',1,'Illinois','5260 Antonia Vista\nPort Georgianaton, ID 10425','(276) 590-5275','kyleigh.mann@bradtke.com','1'),(76,'Lilla O\'Keefe','TE-KD-PR-3',2,1,'14/10/1981','13594 Esperanza Crossing Apt. 391',1,'Hawaii','3006 Chelsie Square\nMcCulloughfurt, OH 18610-5632','969.818.5516 x8865','eichmann.everardo@sporer.com','1'),(77,'Louisa Cummings','TE-KD-PR-4',2,1,'12/08/1979','5684 Kirlin Gardens',0,'Rhode Island','1640 Simonis River Suite 483\nLeannonstad, TN 14472-0116','+1-952-797-8171','clifton.moen@reinger.com','3'),(78,'Will Haley','TE-KD-PR-5',2,1,'22/01/1979','37017 Halie Flats',1,'Massachusetts','204 Torey Villages Apt. 371\nErnieton, AZ 04788-7213','(395) 676-4323 x28611','deanna74@hotmail.com','2'),(79,'Rosamond Hagenes','TE-KD-PR-6',2,1,'01/02/1982','5895 Rolfson Radial Suite 245',0,'Missouri','30072 Darrion Trafficway\nHaleyborough, WY 41272-6950','425.314.8490 x76154','aoconnell@yahoo.com','3'),(80,'Anissa Bartell','TE-KD-PR-7',2,1,'10/04/1977','459 Schumm Haven',0,'New Mexico','97903 Leilani Cape\nLake Danikamouth, ND 22323','+1.264.227.0801','frosenbaum@gmail.com','2'),(81,'Helmer Lehner','TE-KD-PR-8',2,1,'20/11/1967','7161 Treva Prairie',0,'Washington','27301 Claudia Coves\nLake Tierrastad, LA 84466','581-995-2616','marcelina85@yahoo.com','3'),(82,'Muriel Pouros','TE-KD-PR-9',2,1,'24/04/1969','810 Maggie Ferry',1,'Wisconsin','2863 Selina Unions\nNew Wellingtonberg, VT 33855','+14768976338','qcummings@hotmail.com','2'),(83,'Litzy Jenkins','TE-KD-PR-10',2,1,'03/06/1987','589 Judah Plains',1,'New York','658 Lakin Station\nKingfort, WY 83488','906-995-4235 x406','rbeier@conroy.com','1'),(84,'Hank Keeling','TE-KD-PR-11',2,1,'16/04/1976','268 Kelley Lane Suite 237',1,'New York','83306 Quitzon Centers Apt. 577\nNorth Ryanbury, VT 99811-8934','234-588-7174 x98814','cummerata.letitia@jenkins.com','2'),(85,'Tyra Braun','TE-KD-PR-12',2,1,'18/10/1972','34363 Liza Hills Suite 364',0,'Arizona','7664 Ortiz Glens\nSpencerstad, MS 63226-2368','(782) 856-7120 x117','oconnell.nikko@morissette.biz','1'),(86,'Samara Donnelly','TE-KD-PR-13',2,1,'27/09/1962','51160 Cassie Views Suite 023',0,'Alabama','611 Kautzer Roads\nRauchester, TX 09548','757-680-7784','arno.wolf@gmail.com','1'),(87,'Hilda Lindgren','TE-KD-PR-14',2,1,'24/04/1978','302 Della Manors Apt. 092',1,'West Virginia','833 Neal Mission\nEstevanstad, VT 04425','892.262.5872 x2434','schowalter.katherine@gmail.com','3'),(88,'Rashawn Marvin','TE-KD-PR-15',2,1,'22/11/1979','73791 Robel Fort Suite 572',0,'Indiana','5228 Oliver Locks Suite 496\nNew Rosaburgh, SD 37081','+18129146392','xhalvorson@hartmann.com','2'),(89,'Jaclyn Grimes','TE-KD-PR-16',2,1,'27/04/1966','97156 Chance Plaza Suite 754',1,'Utah','199 Haag Rapids\nPort Maynardside, NM 79946','285-861-8392','juliana29@yahoo.com','2'),(90,'Christopher Wilderman','TE-KD-PR-17',2,1,'10/11/1988','578 Kuhic Roads Suite 080',1,'Iowa','719 Eldridge Underpass\nNew Alberthabury, MN 42357','1-207-472-7367 x072','peter21@yahoo.com','3'),(91,'Penelope Champlin','TE-KD-PR-18',2,1,'12/03/1988','291 Macie Square Suite 040',1,'South Carolina','730 Buster Place\nDickibury, WI 53093','(597) 798-6716 x221','jerde.rachelle@gmail.com','3'),(92,'Cierra Collins','TE-KD-PR-19',2,1,'23/03/1984','677 Deshawn Rapids Suite 352',0,'Alaska','150 Verna Heights\nNorth Lemuelstad, AZ 97782-0130','1-295-880-9177','huel.zella@bins.com','1'),(93,'Hipolito Mraz','TE-KD-PR-20',2,1,'02/03/1977','51568 VonRueden Field',0,'Mississippi','529 Koss Isle\nRoyberg, AR 92916-5588','729.590.0774','mireya38@labadie.org','2'),(94,'Jeanie Lesch','TE-KD-PR-21',2,1,'05/12/1987','69252 Medhurst Square Apt. 699',0,'New York','60563 Quitzon Passage\nParkerburgh, KY 25441','(213) 781-8440 x99275','froob@yahoo.com','1'),(95,'Elisha Buckridge','TE-KD-PR-22',2,1,'04/01/1986','23320 Kemmer Oval Apt. 038',0,'New Hampshire','8330 Ortiz Camp Suite 421\nLake Jaleel, HI 25285','1-343-781-5551 x143','shemar.rau@hackett.org','1'),(96,'Coralie Lakin','TE-KD-PR-23',2,1,'14/11/1960','782 Bryon Trail',0,'Wyoming','954 Lang Trafficway\nRyannland, WI 84353-9970','(705) 390-6198 x0342','paxton80@kessler.com','2'),(97,'Kacey Reichert','TE-KD-PR-24',2,1,'17/06/1976','633 Lind Roads',0,'North Carolina','889 Forest Valleys Suite 932\nNicolashaven, WY 02889','1-408-801-2400 x8334','nader.monserrat@ernser.biz','2'),(98,'Kevon Murray','TE-KD-PR-25',2,1,'22/02/1989','38055 Rod Rest Suite 775',0,'Minnesota','65592 Vallie Plains Suite 946\nLake Ricardobury, VA 98227','283.680.2377 x0110','casper.jarred@hotmail.com','2'),(99,'Bridie Runte','TE-KD-PR-26',2,1,'30/09/1971','4386 Little Inlet',0,'Maine','12412 Stoltenberg Square Suite 771\nKuvalisstad, WY 70812-3371','693-568-6563','arlie.oreilly@gmail.com','3'),(100,'Josue Schroeder','TE-KD-PR-27',2,1,'05/09/1971','599 Russel Land',0,'Utah','2384 Kamron Alley Apt. 787\nEast Hayley, IA 51314','(902) 982-7450 x6118','fdubuque@corwin.biz','1'),(101,'Beulah Raynor','TE-KD-PR-28',2,1,'06/02/1962','24226 Von Turnpike',0,'West Virginia','556 Collier Port Apt. 500\nNorth Mckennaside, KY 38847-2024','410-769-5185 x0354','nhoeger@nolan.org','1'),(102,'Antone Tremblay','TE-KD-PR-29',2,1,'15/11/1962','5788 Schaden Terrace Apt. 030',0,'Indiana','465 Kerluke Ranch\nNew Maverickton, MI 15153','560-286-4658 x0812','rempel.darrion@hotmail.com','2'),(103,'Norene Koss','TE-KD-PR-30',2,1,'30/05/1974','816 Lew Coves',0,'South Carolina','46525 Hermann Rest\nWest Gaetano, NV 51476-1554','1-487-900-5651 x323','aditya.bayer@russel.com','3'),(104,'Meta Hessel','TE-KD-PR-31',2,1,'20/01/1985','6871 Alexanne River',1,'Wisconsin','453 Larson Springs\nNorth Oswaldo, VA 99662-1578','(356) 918-2321','alexanne55@kunde.com','1'),(105,'Cortney Botsford','TE-KD-PR-32',2,1,'13/03/1967','48935 Elmira Ville',0,'Alabama','55607 Annamae Ridges\nLake Melany, NV 51573-1661','818-846-0453','adah44@schowalter.com','1'),(106,'Norene Towne','TE-KD-PR-33',2,1,'06/06/1970','621 Stoltenberg Shore',1,'Iowa','403 Sawayn Harbor\nNew Betsy, MT 09990','1-869-607-6092 x86329','yfahey@gmail.com','2'),(107,'Barry Hagenes','TE-KD-PR-34',2,1,'11/09/1965','3111 Margarita Rapid',1,'Virginia','6389 Runte Greens\nSouth Kris, MT 18500','(637) 655-6851 x3154','hilpert.viva@towne.net','1'),(108,'Jaycee Bosco','TE-KD-PR-35',2,1,'20/03/1971','78656 Beer Trafficway Suite 044',1,'Wisconsin','51396 Reinger Rapids Suite 734\nPetefort, NY 08548','1-759-808-3991 x8826','emerald.bode@yahoo.com','2'),(109,'Rodger Stoltenberg','TE-KD-PR-36',2,1,'17/11/1990','8533 Kelvin Unions Suite 717',0,'South Dakota','838 Klocko Turnpike\nCarmellaland, MN 48406-9223','+14979349103','sonya85@gmail.com','1'),(110,'Graham Veum','TE-KD-PR-37',2,1,'28/03/1980','869 Richard Ranch',0,'Virginia','545 Zulauf Street Apt. 279\nNorth Simeon, MO 68969-4909','+1.693.212.9202','elta.schinner@mclaughlin.com','1'),(111,'Quinton Brakus','TE-KD-PR-38',2,1,'15/03/1974','388 Renner Fork Suite 948',0,'Georgia','80819 VonRueden Tunnel\nO\'Keefefort, AK 92233','1-926-814-3506','rudolph50@goyette.com','3'),(112,'Charlene Hoeger','TE-KD-PR-39',2,1,'19/06/1990','70820 Parisian Valley Suite 496',1,'Hawaii','985 Dustin Stravenue\nO\'Konfurt, TN 72531','209-329-0617 x828','ljast@graham.com','2'),(113,'Chasity Friesen','TE-KD-PR-40',2,1,'23/03/1970','56683 Eric Squares',1,'Nebraska','19951 Dooley Center Apt. 586\nAbelardobury, WV 48234','917-681-5869 x977','esta.johnston@luettgen.info','3'),(114,'Mikayla Corkery','TE-KD-PR-41',2,1,'10/04/1962','3765 Weissnat Glen',0,'Utah','60618 Gladyce Plaza Suite 958\nSiennashire, KS 10147','(625) 796-6126 x9963','jed55@beahan.info','3'),(115,'Luciano Nitzsche','TE-KD-PR-42',2,1,'20/09/1970','396 Ruecker Stravenue',0,'Virginia','808 Jeromy Brooks Suite 495\nSouth Adolfo, WI 64273-8279','+1-325-255-6871','mafalda.wolf@quigley.com','3'),(116,'Moises Shields','TE-KD-PR-43',2,1,'03/05/1982','7280 Cordia Ville Apt. 792',1,'Nevada','4015 Wava Mission\nWest Ellis, NC 80289','+1.998.714.2339','ryder.schmitt@kessler.com','1'),(117,'Marcelino Dickens','TE-KD-PR-44',2,1,'25/09/1968','8880 Ramona Field',1,'Maine','86651 Orval Lakes Suite 072\nCassinside, ID 23775','+1 (340) 459-3763','lmorissette@gmail.com','3'),(118,'Dee Kiehn','TE-KD-PR-45',2,1,'23/12/1978','52381 Franco Extension Suite 063',0,'Utah','30661 Grant Route\nNorth Jaidenmouth, MN 95705','+1.512.509.1091','nikita.mcglynn@cummings.biz','1'),(119,'Brooke Kub','TE-KD-PR-46',2,1,'15/01/1985','67182 Harris Mountain Suite 961',1,'Georgia','488 Alvis Station Apt. 273\nSchmidtborough, MD 30935','1-381-200-0557','yundt.elmore@dicki.com','1'),(120,'Brenda Mertz','TE-KD-PR-47',2,1,'10/07/1976','411 Elmore Underpass',0,'Idaho','787 Morton Port\nLake Natalia, NM 11123-1583','1-943-499-0706','kessler.ryan@yahoo.com','3'),(121,'Audrey Hartmann','TE-KD-PR-48',2,1,'19/08/1984','12021 Robb Inlet',1,'Illinois','1041 Felipa Center Apt. 752\nWest Shania, MN 00868','1-586-453-1423 x8520','sheldon06@osinski.com','1'),(122,'Gudrun Schowalter','TE-KD-PR-49',2,1,'09/06/1967','6986 Gracie Corner Suite 935',1,'Alabama','528 Kemmer Prairie Suite 466\nJanyhaven, OK 53933','401.984.0447 x398','quinn.bayer@little.com','2'),(123,'Carolanne Kuhic','TE-KD-PR-50',2,1,'30/03/1988','156 Rippin Manor',0,'Alaska','9196 Mortimer Street Suite 874\nNew Camryn, ID 19943','+1-914-761-2800','wmante@hotmail.com','3'),(124,'Matt Marquardt','TE-KD-PR-51',2,1,'29/11/1973','468 Gutmann Way Suite 770',1,'Virginia','9468 Olson Club\nEstellhaven, OH 42859','520.932.4215 x97336','tessie92@mraz.com','1'),(125,'Kenneth Simonis','TE-KD-PR-52',2,1,'10/12/1988','15624 Malinda Terrace Apt. 557',0,'Wisconsin','78532 Lura Corner Apt. 778\nShieldschester, NV 89930','+1.581.660.9142','mcglynn.ryleigh@trantow.com','3'),(126,'Jaime Oberbrunner','TE-KD-PR-53',2,1,'14/06/1989','76144 Volkman Glens Apt. 915',0,'Indiana','347 Langworth Spring\nAlannahaven, MN 20699-7124','1-439-646-4327 x58841','fwisoky@yahoo.com','2'),(127,'Royal Shields','TE-KD-PR-54',2,1,'21/01/1977','23289 Reichel Avenue',1,'Nevada','989 Kohler Glens Apt. 160\nSouth Helmer, VA 86464-6698','618.940.8392 x7631','vern.schinner@gmail.com','3'),(128,'Dariana Bergnaum','TE-KD-PR-55',2,1,'02/07/1973','961 Chase Manor',1,'Kentucky','3905 Dillon Junction\nOlsonton, MO 48897-7246','1-298-922-0082','srenner@kozey.com','2'),(129,'Nellie Hane','TE-KD-PR-56',2,1,'02/11/1979','447 Macy Springs Apt. 437',1,'Arkansas','902 Franecki Turnpike Suite 891\nStammville, CO 33904','(382) 499-8632','vgutmann@osinski.org','3'),(130,'Owen Yost','TE-KD-PR-57',2,1,'14/02/1982','94929 Lessie Summit Apt. 890',1,'New Jersey','539 Doyle Views Suite 075\nWittingbury, WI 22919-6651','+1-698-732-4167','tbrakus@schroeder.com','2'),(131,'Robin Swift','TE-KD-PR-58',2,1,'20/10/1986','82375 Shanna Way',1,'Georgia','862 Christiansen Ford Apt. 560\nRiverborough, ID 25518','367.462.3278 x5721','ggoodwin@hotmail.com','1'),(132,'Shaylee Beier','TE-KD-PR-59',2,1,'25/10/1977','75150 Spencer Ports Suite 078',1,'Delaware','4603 Pedro Plains\nElenortown, UT 71875-0836','1-616-523-6682','wilkinson.bridie@gmail.com','3'),(133,'Benedict Keeling','TE-KD-PR-60',2,1,'20/09/1989','5639 Armand Square',1,'North Dakota','7392 Littel Turnpike\nWest Venaborough, NJ 03509-5437','+1 (590) 685-3354','ofriesen@hotmail.com','1');
/*!40000 ALTER TABLE `teachers` ENABLE KEYS */;
UNLOCK TABLES;

--
-- Table structure for table `users`
--

DROP TABLE IF EXISTS `users`;
/*!40101 SET @saved_cs_client     = @@character_set_client */;
/*!40101 SET character_set_client = utf8 */;
CREATE TABLE `users` (
  `id` int(10) unsigned NOT NULL AUTO_INCREMENT,
  `edu_id` varchar(255) COLLATE utf8_unicode_ci NOT NULL,
  `name` varchar(255) COLLATE utf8_unicode_ci NOT NULL,
  `email` varchar(255) COLLATE utf8_unicode_ci NOT NULL,
  `password` varchar(255) COLLATE utf8_unicode_ci NOT NULL,
  `remember_token` varchar(100) COLLATE utf8_unicode_ci DEFAULT NULL,
  `created_at` timestamp NULL DEFAULT NULL,
  `updated_at` timestamp NULL DEFAULT NULL,
  `admin` tinyint(1) DEFAULT '0',
  PRIMARY KEY (`id`),
  UNIQUE KEY `users_email_unique` (`email`)
) ENGINE=InnoDB AUTO_INCREMENT=4 DEFAULT CHARSET=utf8 COLLATE=utf8_unicode_ci;
/*!40101 SET character_set_client = @saved_cs_client */;

--
-- Dumping data for table `users`
--

LOCK TABLES `users` WRITE;
/*!40000 ALTER TABLE `users` DISABLE KEYS */;
INSERT INTO `users` VALUES (1,'','Daniel','daniel@gmail.com','$2y$10$YgP3mckcp2Pmy2pJncxnmeS8NZifh/8cdfwpBaW4pT1TecHlC8CWG','zSk4l815Go4R6BJc3Ru18fBQNPvhmAE2CG39O6BsypT3iAb4Xfe5hTwkxvNK','2016-12-10 12:02:15','2017-02-21 10:47:34',1),(2,'HHMM13131','Johny Tri Nguyen','testemail@gmail.com','$2y$10$EaGr4N.fDDo/LUug2CD6EuVnN1rXU8DEfmsjZtqK7vfj3K3iibbDe','iMnRBp8kZH3DyyWWF5Nk5JnTjqoCwfHdpImmvJsVmIX9eoeSg2F9Rvp6kWSa','2017-02-18 13:46:22','2017-02-19 14:03:15',0),(3,'','principaltest','prin@gmail.com','$2y$10$MMnE/a9LsB4bOqjZGkSaKenuRqu2kIM8zMG/wXlZxd7KZ1KnqXgz2',NULL,'2017-02-19 14:03:46','2017-02-19 14:03:46',0);
/*!40000 ALTER TABLE `users` ENABLE KEYS */;
UNLOCK TABLES;
/*!40103 SET TIME_ZONE=@OLD_TIME_ZONE */;

/*!40101 SET SQL_MODE=@OLD_SQL_MODE */;
/*!40014 SET FOREIGN_KEY_CHECKS=@OLD_FOREIGN_KEY_CHECKS */;
/*!40014 SET UNIQUE_CHECKS=@OLD_UNIQUE_CHECKS */;
/*!40101 SET CHARACTER_SET_CLIENT=@OLD_CHARACTER_SET_CLIENT */;
/*!40101 SET CHARACTER_SET_RESULTS=@OLD_CHARACTER_SET_RESULTS */;
/*!40101 SET COLLATION_CONNECTION=@OLD_COLLATION_CONNECTION */;
/*!40111 SET SQL_NOTES=@OLD_SQL_NOTES */;

-- Dump completed on 2017-04-07  1:50:17
